file,bytes,lines,sha256,review_depth,findings
.dockerignore,302,26,f758a1c19643f292c3a6720bce8c41ab3b45fb029464dd9e65b3a85ec3ce80c4,read-in-full,
.env.example,6176,151,0d356f23423ff5147164560ffec823493e96a6d3c6db0c07f6b56deaad332eb6,not-reviewed,
.github/workflows/audit-behaviour.yml,4064,84,06e7d6862350c13f8283b5890b2a373fd2d4f58cd13f8efec1a635a38797c9a2,read-in-full,
.github/workflows/audit-closeout-diagnostics.yml,2517,54,c5858c52efad0df4b1574bf2454a4c91268695badcba5fec8d28ea3ffba33067,read-in-full,A2-022
.github/workflows/audit-document-retention.yml,4988,103,5589376983d6cc4a168d4301418a588b754366b6a748b5da4128b4dbbfb80423,read-in-full,A2-022
.github/workflows/audit-format-diagnostic.yml,906,26,c167c8851b6950e59781df1059104b4e1ff48a3e64fed17d0418811305dbbc7d,read-in-full,A2-022
.github/workflows/audit-infrastructure.yml,1540,39,1a6d9b6638e68d92d6975f1a9b6e94d428c9f25dec1328afda519078f101409a,read-in-full,
.github/workflows/audit-journal-replay.yml,3595,89,4fd88930a57b8debb044f20ba4e29946f95f8b32b16acf01bb7240af5f901951,read-in-full,A2-022
.github/workflows/audit-offline-validation.yml,3571,67,477ab205c0f73d0a34979f9d01837be9a8ada0dcb0f14d47408b7ec91ac1f448,read-in-full,A2-022
.github/workflows/audit-remediation.yml,2494,61,787a274e275215a9814ac5dc4fba9f7f5b0978eabadb5432843679de93aeb8df,read-in-full,
.github/workflows/audit-rollback-cleanup.yml,2657,71,d76d9d75b47c12eea3bf403f89194bbfab3fb0f59ab8031df59091f72cf9d5b6,read-in-full,A2-022
.github/workflows/audit-security.yml,3754,89,fac55a7de1ac3a808dda5f69a36b33f9242710dd0da2c9ccc183e9630d43b707,read-in-full,
.github/workflows/audit-source-review.yml,1563,40,907a6ee032c99449623c0d7ac4c15e2d51e872db5af6d7d8a27b42a0bb00e8a5,read-in-full,A2-022
.github/workflows/audit-source-snapshot.yml,900,25,3cde1850764fd4d19a4dee93d975681790646e42405ccc9c5d25d82fae3fde51,read-in-full,A2-022
.github/workflows/audit-storage-boundaries.yml,3472,78,a691adaa1c884a5e30492c2caab3730ad9004b4ccfa2ec435adde8ccd8d1c8f1,read-in-full,
.github/workflows/ci.yml,6213,139,a832599f111c2cd3a3e65b543d4224023187b5e943b3ffdc97ae3a634235eaa3,read-in-full,A2-023
.github/workflows/phase2-tenant-isolation.yml,2674,72,9c708bcf8d2ff7f6ab0b5dfa62261c13c8a413788058ec7238fc951eac21b1b9,read-in-full,
.github/workflows/phase3-financial-proof.yml,7015,155,a73231a5de2cdc6a3ffbdc82de0dad7141afdf9119e24336b14471e41a34d1a6,read-in-full,
.github/workflows/phase4-provider-verification.yml,4819,125,c953a211f206cc043d2b2c40e9a6819327b92acc26556f7693c7633b0a2fa14e,read-in-full,
.github/workflows/phase5-production-assurance.yml,8570,174,0ce79bd30286de002391ae28028d11ed7c2af4a914e9ca439932f254e8971e13,read-in-full,
.github/workflows/phase6-context-audit.yml,527,23,fddcb943a628bf3d65f59d45cb636187e50cdf35e1dd0c909eef666897b24ecb,read-in-full,
.github/workflows/product-audit.yml,2002,56,b29cf3155b1c2f4709b00b6e352aade0c3e1463bbe41ff34880f0afb2f2db34c,read-in-full,
.gitignore,599,46,38bc48e731183792553a0865ef72518930a3d19382347747fb9a82b967fccf60,read-in-full,
.go-version,7,1,a90ffbb66539d182e63c702902d74fe39f1c24ef9de746b2b756b856d1ccffba,not-reviewed,
.golangci.yml,245,19,bdea0d04e06eaab6cc20a91556d749ad2b57ba9cc170ff4fb9237af5db19326e,read-in-full,
.node-version,9,2,423b5a2d829f35f2b534f93ad6ae9a59ac2b67fa09e069c704c26c0e435b316f,not-reviewed,
.pnpm-version,9,2,148e8c8cd9a8711efac1e9279f319d9d7f2e9657b20f2976f06ddfc328b9377c,not-reviewed,
CHANGELOG.md,29110,378,8b3540cf01e85dd3a8a5b8d47963651ded3949ad98a0c31a5ff2666d7bbab077,not-reviewed,
IMPLEMENTATION_PLAN.md,15877,206,6a8c0c2c52b2789d9bd851f47f696c1ae61fd567e9d4ab5410bd146f7e72dfde,not-reviewed,
IMPLEMENTATION_STATUS.md,40023,498,6b2dac0513be8c3fc49eafb92dabee163e779bf8d383b63c0bdecd038cc61963,not-reviewed,
KREDIT-CODE-AUDIT.md,98917,916,050356645060178bcc41fdeec764e21cb52f11f1673754feefbd4ed0301505ff,not-reviewed,
KREDIT-LAUNCH-HANDOVER.md,15063,303,a345e3cc66949454a9fdb386c6e552e2e8b3f7330f6f2ef937a7d6b2adf271fa,not-reviewed,
KREDIT-TEST-FIXES-ROUND-2.md,6853,151,525f4f1747edbcc00f5e8cf5f30b7b6ad7583932a55849d37c1b118ab969efb2,not-reviewed,
KREDIT-TEST-FIXES.md,9537,184,32a8f15b897802de872df27f229e877ea339eacb9fe0b43f148fc79ec4112f7d,not-reviewed,
Kredit_Local_Launch_Master_Prompt_v2_2026-09-07.md,79406,549,d9624bf18767443c7b87a66cb78633b9f57ca89220b29f997e6a73644f761d29,not-reviewed,
README.local.md,623,13,e00a780169bbe3b75207382e6398ea8bca61be78880d9180a72fc5b9d3b16af6,not-reviewed,
README.md,148114,5405,7ab8b4f24edb30b690e72b8a2eb71e99f24dee31d83aa658a473a1f65e521b00,not-reviewed,
SECURITY.md,1543,32,b6896156fee300ea36488d8f24249cc7ec24f66080149425ae2961190fd2cc1a,not-reviewed,
Taskfile.yml,2746,143,976afdbafd4a2a4e475021d81fada4bb35f55872639f0ea2d2fa37f070da90fd,read-in-full,
api/openapi.yaml,270756,6675,fcd23360123aee1efbbc01f0790dd36d909e3e4cb253972238ed3b1b528df72d,swept,
cmd/api/main.go,4009,128,72bb73edef30e8d81446539adb69f10efc892e87038872f3c865fce0c8339517,read-in-full,
cmd/api/main_test.go,2109,63,3e7cb8f5f38044f6a42f76abd98e59d7cff3b31ac56f4c0d801bc41d965d4eec,read-in-full,
cmd/backup-r2/archive.go,5425,200,6c9009f91356397b2b0565f2e4fb7bad467660b2a16756ed05bc0216401a3643,swept,
cmd/backup-r2/archive_test.go,6300,199,c244b907e4d429551888db8c78f7de470f7f975f115314b4111fc6d2bdd4c6aa,swept,
cmd/backup-r2/main.go,5032,115,58f6838f737308da0c92d0f442c59e2254f41ca1750a42d8236fa39f61671cf1,swept,
cmd/bootstrap-owner/main.go,4947,141,3697f5359a6314abd241ffb23699184dc37952433ec8865beb6600c51ecdba4f,swept,
cmd/bootstrap-owner/main_test.go,2158,59,f54f0ba70e98f7572ff9c7b91a238b8a77f9f84ccc976f116abc55aed1dfe7a9,swept,
cmd/configcheck/main.go,1375,46,05be9f1e756c81a8f852d569c7e1482ac86ba74f5ca0667246fd0d54cca6fa16,swept,
cmd/configcheck/main_test.go,540,19,fc3d7499f64f560596a8e4d8b9f30de85e65210f4bb24bbea63b5897b8ddbec8,swept,
cmd/migrate/main.go,2895,97,ef0f98d62315d13ae39abfb6c2064732c7489eb1c89e4a07ff538e56ff368db6,swept,
cmd/migrate/main_test.go,359,12,ffc184d2433a337995691e8b52f8f1fadd2755e56c8998e3f668fdbf6b546c82,swept,
cmd/migrate/runtime_roles.sql,789,15,d52a6115997c4b0957b15c2a0a9bd6f33ca201de0baaa6d31b964fb61c684d50,swept,
cmd/provider-simulator/main.go,12620,398,adf4b1417475adfbfb0b0257ef6b960ab60ea2661687628875e1c400c0a8c61d,swept,
cmd/provider-simulator/main_test.go,7621,183,b54b4c6f13f8eaa54c015cea1932be754c595a6782dcba4b09e0a08b9fe62e06,swept,
cmd/reconcile/main.go,1191,55,411e17bb6d6564521fc884dfeb4c27e5a08b0020b56e07484ace4d0ab7194d2b,swept,
cmd/reconcile/main_test.go,711,27,762b439db644e39de1f7c6b7ea12157be35f23e205d5d74dca31a3229d67cdcb,swept,
cmd/seed/main.go,1026,47,1dd553663628cf5551c04959bd710b6b33deecd3d7cbf27b27d23afc18687e86,swept,
cmd/seed/main_test.go,612,29,ce5951811b5dbfa1792389d4462188465ef919653a9802dd50ea856ee4dbc0eb,swept,
cmd/worker/main.go,11760,317,fc7ef85ed1258b058afec27070fb935be90a84ba5d066df1901e9774db6bdc13,read-in-full,A2-014
cmd/worker/main_test.go,2084,66,94c81e805ba8bed55852fc99b65c70a6f04ccf50c905c13b558f0681e35677bc,read-in-full,
db/migrations/001_initial.sql,1305,42,a65395da301cd356eb0b9f5d367522e8e252be8c2668728147981e0657d8954f,swept,
db/migrations/002_milestone1_auth_org.sql,9344,192,185630a21d73ad76e9843652bf29d4bf8772481ac2d75038ef8b0125d85666cd,swept,
db/migrations/003_milestone2_buyers_identity.sql,8510,170,a30afc81e5ee961477aac0b458d0022c761b8d6195024fac2bb258f5cc61fc19,swept,
db/migrations/004_milestone3_credit_ledger.sql,5832,29,0910dcc5f2f3fb09e94d240913faa6e71eb40d822eed7516c46b8678d7b46766,swept,
db/migrations/005_milestone4_payments.sql,3830,71,62538a8e3be4dfc05f136d9afe192fa6a8ed75d4b53e585f3e294b8d4cc2cf76,swept,
db/migrations/006_milestone5_schedules.sql,2421,37,33b4911a0402ad6c8145a9c8dea87abcc1ff048190e4050a718f2c2ddbe02cc2,swept,
db/migrations/007_milestone6_trade_lines.sql,3147,58,617e9b61767de34442a048f76c7c7d45ef9112c142d62d7833373d6a1eedb2f6,swept,
db/migrations/008_milestone7_collections.sql,2666,47,a1cf19ce341a1705b95c23c2bab04c25653175cda2ae90935b8bdd70bb4caba4,swept,
db/migrations/009_milestone8_disputes_operations.sql,3156,60,bd73d2a615ae0f3ffece074afb522c5500631317ae8a8824bb3d8259cac807c0,swept,A2-006
db/migrations/010_milestone9_notifications_whatsapp.sql,2426,58,6fc68ce73a56114d3fdae00e2648fd3faefc962b57e962a4f8c2d2131bd7cd6b,swept,
db/migrations/011_milestone10_reporting_history.sql,2014,40,6ea1d63ecff8a6d4aa9e7477d5ee75fbbaec12860839fac30cddb95cbd475b42,swept,
db/migrations/012_milestone11_provider_adapter.sql,1889,43,7f324dd5c7d5d4952419e215a791c7e0bc3973aec2aaced4c495590596b7e8df,swept,
db/migrations/013_milestone12_release_readiness.sql,1741,36,987c2c87a70d2a2ceeae9cbba9ffef3072a2644c74ae38ed354d6e500ca048dc,swept,
db/migrations/014_river_jobs_schema.sql,99,5,6f3cd97fd865790b0944fe2ebea32b210b31df86afa5272ac99594258f65a2b1,swept,
db/migrations/015_missing_domain_tables.sql,3651,83,e7dc1f5b50aaa736233bbdee35d7bc99c28f26e51a57cb94fb0e9ca0248e9f40,swept,
db/migrations/016_financial_core_hardening.sql,3435,79,713b02f2899c032fc45093fb5295e9105dd77def5e7155d4851c47836ba63dae,swept,
db/migrations/017_worker_operations.sql,1498,37,681b1f4b09eb4eeff6a5019cbc437ed301019adeadaeada3045d355a8523be04,swept,
db/migrations/018_security_hardening.sql,1180,30,e07a6f0582f42a566ece22f788c62060343388c94b5ddde2d2c80ae846f25ece,swept,
db/migrations/019_runtime_role_policies.sql,3059,51,a75ce580ffcbe53a3c0bc5b4e7f5259e9ed564b0e7ee71d8656f58ad756bf629,swept,
db/migrations/020_auth_persistence_primitives.sql,4636,120,d292bc0501de59c662f2bf1a60072828fcdd507310efd3fb70e2648f61735e7c,swept,
db/migrations/021_organization_persistence_primitives.sql,828,30,9f5571a2b126a019152baa0574e03427b2bd44cf9903840cd8e3a793ba2099f3,swept,
db/migrations/022_network_and_mandates.sql,4500,83,14d7db9371d1db7d7043cd7abb6f02ab32ed4f40e232d3d66c7c3a6e0cbca345,swept,
db/migrations/023_buyer_persistence_primitives.sql,2465,80,572a944e3880848ac4cc199940dabe1cd1099b23d34d507a679d9ee659bfd314,swept,
db/migrations/024_credit_aggregate_snapshots.sql,2716,67,840e8273151579d28237e9ea144ef6ce82f0d5bd6f8c60f68300b4af6c11e829,swept,
db/migrations/025_mandate_lookup_function.sql,1369,42,435cd367258c2a041e1276d6512afc2e0e070635ec234fe96f865eab1a2c981a,swept,
db/migrations/026_mandate_lookup_owner.sql,2365,77,770fe2f687772c9b8df85f3b2e61288d88e442ced42a35e4cb326c3483d86c49,swept,
db/migrations/027_credit_snapshot_tenant_functions.sql,1913,65,79ce46e2915d21c3f44507f9e05cc29d21ac73306222f726f4e16d0e2014a739,swept,
db/migrations/028_outbox_processing_lease.sql,612,17,fab243c3cd2daaef2657a67492ca9069c2d784e57d2636b98a306748ce194c13,swept,
db/migrations/029_runtime_domain_repository_policies.sql,1488,28,32a696a3696bb42221b4371750d5965ed7ab7fc808a52df824b03ead0ade03c7,swept,A2-006
db/migrations/030_schedule_repository_runtime_policy.sql,1107,21,1396d5066a40a3c9d2a610e7137fa96e470a31adebd8531b67166e85107df3f3,swept,
db/migrations/031_atomic_payment_repository.sql,2824,59,54631eedf7c7c96b1f056547444069df69ad94ce7f89fd63f2b5c1c088788bc1,swept,
db/migrations/032_supplier_customer_directory.sql,1136,40,462d70c170b05fd87ed6782c1d1fc7f374e615c21675cd80a67303387dc698d7,swept,
db/migrations/033_fix_ledger_balance_trigger.sql,920,28,7510bc20f59c5601e686ee357305d3643d3c7bbb73123501289c374940aa4785,swept,
db/migrations/034_trade_line_runtime_policy.sql,1182,14,1ec561376634d75bac089218a3a9ef69ed4f08b757d99e47dc412ef5ff91cc75,swept,
db/migrations/035_collection_aggregate_repository.sql,2289,34,441ec26f5ab23077b7d372367be51d936c31388f7d586e3b145ea7c3f5a38213,swept,
db/migrations/036_corrections_runtime_policy.sql,737,13,044b4511cdec4d3f7ca942a6b3a1b01e0c2261abce5e2ea2726b4fffc2188787,swept,
db/migrations/037_dispute_operation_runtime_policy.sql,1355,23,9c96b225259a4edd25da3cf2423795a5cc0f156fc6838e284ba28398287435b9,swept,A2-006
db/migrations/038_notification_delivery_repository.sql,1667,19,a5e6cf6b59a31d0e9b1bf0993a5062a3652e24702b7f50c2aaa36e03fa19f603,swept,
db/migrations/039_analytics_runtime_policy.sql,352,6,f917d5cc714df324e7d58f1d6e718b2d6a81cf0f78ed41d4158e24770948042a,swept,
db/migrations/040_messaging_runtime_policy.sql,352,6,8f8f4080291765d01cc2d29c398581aeeb431b2bf4c315281e2701564b2c90fe,swept,
db/migrations/041_notification_delivery_recovery.sql,616,11,fdd6458ede311cf45b59718ceedd46fd3525a7f019b2333aa5ce6610af7cd76d,swept,
db/migrations/042_platform_operations_roles.sql,1201,24,24f8e0b50e8e286a95a462edc807dc7fa862502ff8a11f63bd12ab98d8db5deb,swept,
db/migrations/043_fix_auth_user_upsert_ambiguity.sql,2083,60,18f577f4c3978cecfc131ecb0772763ccf5cfdd63da498adc91e9bdc05ac559c,swept,
db/migrations/044_payment_sources_and_claims.sql,2961,66,53c5b652e38726d269b67689698f6b78f4e68e15883a0513d4c018cee1f24204,swept,
db/migrations/045_trade_line_mandate_integrity.sql,1846,59,7abaeb447ebd6a3eb33bfcc2d474292d697d6fd7e97764e589cf0d580d484bab,swept,
db/migrations/046_trade_line_drawdown_lifecycle.sql,7338,136,8cf25dd700c33c9dec791e682fd3a1846b2a68bacc62dcffdfdffc5f7bfef962,swept,
db/migrations/047_supplier_onboarding_readiness.sql,7888,145,3dc5e5e7d31be673f8cc0bb8272e7b6e93b169e1e379bdf4bbeb8b3ec5507d79,swept,
db/migrations/048_user_control_and_privacy.sql,10939,182,79e5045f79a1056752bab49058791a6a1b0bbadc51efa61bffefc3439c36ea10,swept,
db/migrations/049_operations_controls.sql,7138,123,25cc20fe3450280ccf6245c13a24be19b4fe4fbc373947eb0cdf0abf67276450,swept,
db/migrations/050_product_analytics.sql,23749,349,728eb6570142cbb05851c20a3be9cae1aaa8e15b99b168149a304d8a2c3f326a,swept,
db/migrations/051_analytics_contract_completion.sql,10080,137,78cb60739a5e7dc56491b47bd96458d9ae9779ff352dd232f1a545bb88350615,swept,
db/migrations/052_sweep_collection_safety.sql,7669,107,3399631bf286977b7e506d5f257db4aba3f1ecf034371e9e6ac2431dcb8c20b5,swept,A2-006
db/migrations/053_payment_reversal_integrity.sql,2293,33,8b7fbfe48330132b8bef08b110a8fc8afad539af4512ff3eefc4ebdcc9cc1fb5,swept,
db/migrations/054_collection_eligibility_lock.sql,5622,53,13181a8d7c490fb154b035d9ee7b2a3f85d7732f3e129bca44e8d55d088c9286,swept,
db/migrations/055_durable_financial_notices.sql,5114,67,ab6783eddf06fd3d02dd26c35ae12cfc4ad314720760bdae3946545d4401f2e8,swept,
db/migrations/056_financial_reconciliation.sql,4564,55,45c71c9456f9a257c40bfa05a18ca565eab6d1652a164679d5a88588956d5b57,swept,A2-006
db/migrations/057_collection_notice_delivery.sql,2801,39,b91974a3889c2f7354de7b989a0a9e05554fac3b53d33e21f0a580c51242e63e,swept,
db/migrations/058_operations_intent_integrity.sql,556,8,396af2de10e84d14036fff0a24409619bd0a0c0d0b4bec076c24a8b1eec5563a,swept,
db/migrations/059_adjustment_notification_evidence.sql,7797,105,d3449759f1e8acce94da46016b2ab495655dfa8c50b594f47b3049ad44288eac,swept,
db/migrations/060_provider_reversal_review.sql,866,14,26e84c100cca5f7d1d81a76c681bfeb14e725a2250672550363b007b10d2960f,swept,
db/migrations/061_business_policies.sql,5318,67,07e51b89cbfba59cbdd56606a655dc51d09748ebd91a8ca3b0eb6229c364a8e6,swept,
db/migrations/062_policy_enforcement_and_fee_terms.sql,7957,111,1013866f1ef436761fd058481d7c95827e875c7c8172ea4165326bdff7df4a60,swept,
db/migrations/063_preserve_existing_commitments.sql,9640,127,6b052f4437b2fee3014f5d900550ff90cd277dfe2189841270cab22aa7889527,swept,
db/migrations/064_admin_workflows.sql,12220,123,2427a5778ba91466b0ce01f645ab0a19ee7530cc430cb5a3623d1b3e16fb05d0,swept,
db/migrations/065_admin_attention_details.sql,1653,15,630f3ae5e93948b255f78e5e6fc92e501ca01b2c31aaf2ebf71b056404bf3888,swept,
db/migrations/066_admin_support_review_queue.sql,2809,18,79a816edf74c6050e1d4ead567cf4deeef9d09fd643f34832332b7b6db3798ec,swept,
db/migrations/067_canonical_phone_identifiers.sql,2757,83,bc3e7ae023aca19c1762461d54ebf20ee0b8278fc0454c1c110abd81752138c2,swept,
db/migrations/068_session_idle_and_mfa_throttle.sql,4554,129,685a962f570760a5a836711a773559e981d3857e9f312ea5f88c5ecead6f0413,swept,
db/migrations/069_shared_authentication_rate_limits.sql,3147,88,13e5e827b30d2d48a27d10be935ade682a360fbfdbf3e7cb77f6bec70b97d9f0,swept,
db/migrations/070_deemed_acceptance_evidence.sql,3782,94,bf45cb8b6de89046f8658cba87d2af8dbc6fae24854f40d7e20c54fc305c6a6a,swept,
db/migrations/071_audit_financial_integrity.sql,2785,51,c195aaf7d1f3e833d3b4ea81ecdd6ef06ed60a41c76553bfa15940f0c358ad54,swept,
db/migrations/072_repair_audit_legacy_state.sql,1641,30,776d60b5009a98f40fc3886d99874a82f369841dabed41c977665e58dbf99341,swept,
db/migrations/073_audit_security_invariants.sql,6465,178,a648e39bc9cd830f91d9e2c31ba10438734029f05ecf8306c768e811c47f944f,swept,
db/migrations/074_mfa_replay_and_rotation.sql,319,10,9451794b94a533006e621f44888c417c02330c4101e5dfec81bdfd0f59e15835,swept,
db/migrations/075_document_upload_lifecycle.sql,1019,29,8ee47a595c37a73a9a0afcef6d9696dfdbafe650d29e7b061562e4f9b06a2bb3,swept,
db/migrations/076_buyer_notice_acknowledgement.sql,4816,96,184b78c365f3f200b53301bde00a0a2f6c0be929baac7afa00c226b1b1c77de4,swept,
db/migrations/077_document_tenant_rls.sql,992,23,9dabd33b8eb84fb0f4dc8c671bc771a66f8660f30a574d77176ffe44daf2efd2,swept,
db/migrations/078_runtime_role_idempotency.sql,1908,57,ba28de59d425d7342bcb39f40e60177e6d0e637a9935ce1af5b0137d5ae441c9,swept,
db/migrations/079_notice_acknowledgement_permissions.sql,1227,28,91aa84f224f0ef5b0e524bcf5f2f25754f6c768e36f441b3bb08695a7b3bf13d,swept,
db/migrations/080_collected_payment_reversal_provenance.sql,3593,94,bb3d7574bfd4396987ba0b9158190c01f620c0f27a7ef3953c7511420681df60,swept,
db/migrations/081_phase2_tenant_isolation.sql,13671,304,ca60d70749b92b8704ada686543776d2f7f8144575b51f6b18603cad32e66327,swept,
db/migrations/082_phase2_collection_tenant_isolation.sql,3137,64,722ad0833605d72b7f7a23a618259dd790b79502c95765b8affa0e0cec474568,swept,
db/migrations/083_phase2_buyer_evidence_guard.sql,2383,52,923673772785a26a8358caa1115e47e2c2e93d2b304a8162237bec7a3c3cb8d3,swept,
db/migrations/084_phase2_collection_worker_boundaries.sql,6197,162,fcfc8ff134cce6b757d3d7b0b80d87ddeb22d69dfb7629b5817356b22755cb9d,swept,
db/migrations/085_phase2_provider_collection_identity.sql,963,25,b69592a633ab6dd67396a5b750fc4fa2ccf96d8fdca2eeb2916a11fe09592e77,swept,
db/migrations/086_phase5_financial_monitoring.sql,3391,49,252e4e348c194baf2348eee26805fd8fa0be1a8dbcb7138f9e69449639431e73,swept,
db/migrations/087_owner_super_admin_controls.sql,13256,245,3cbd985dd14072b2377bcbe809314103bb0ca0192b8bbb19772516b22eb34d41,swept,
db/migrations/088_settings_history_immutable.sql,1084,30,3792fd05f70f98b25d48505c944e550a16604afc616367a185f68d4ddba89bef,swept,
db/migrations/089_owner_lifecycle_guard.sql,3774,86,04790a57c28a2e3cf489f61c026b1f6139e945e5a23b304734584c1a26e4a0cb,swept,
db/migrations/090_governance_fail_closed.sql,511,16,e702049a6f382d97457ce709077b535b1992501eb38be07d736ad5c9214e73d7,swept,
db/migrations/091_retire_unread_platform_settings.sql,3309,60,8d601ec0c6d2507f8decff10b984aa0aab31ccbec5c5586108492fa3cade9420,swept,
db/migrations/092_public_payment_receipt.sql,994,25,34769aec5b87a06858e5e94961045cc69d2febd28b5f5121298f317686050a71,swept,
db/migrations/093_admin_notification_connectors.sql,740,16,64ddd379edf15b3f26fde2dd3f055f95d0e40e510457ef9333edeff6e46805ff,swept,
db/migrations/094_admin_runtime_connections.sql,660,12,25a0ec901115d9647778eb1859fe5b1b5f788e808e8b492a868203516db7816e,swept,
db/migrations/095_delivery_issue_blocks_deemed_acceptance.sql,1078,27,7a05b22652b7f5be545290b7e158054b3bc293d8b155bf72f4ecc07a96989229,swept,
db/migrations/096_close_legacy_tenant_bypasses.sql,1045,20,a6052da41b070048c8506b985ff6fc16af5676eddc8f0a9b8e6c8ea41c214fb7,swept,
db/migrations/097_collection_notice_versions.sql,2332,42,a0e659625377005d3273998ae5f8fed41d91aa40c37b8c6ce06ade389eade5e5,swept,
db/migrations/098_provider_webhook_claims.sql,1126,27,0d0ad37d9e561fa5be1e0740f09e6ee2bd7b1dde6908bf033c9416400e96b601,swept,
db/migrations/099_notification_send_identity.sql,671,13,86686448206f0aacc64645814fb0967d85dd2ec83812831db9d9589c9af4d91a,swept,
db/migrations/100_preserve_agreement_bytes.sql,645,13,fe39e7589147e6e8b9256a6e8f536c39ae2fda8cea7ddc42814fa1ed6c15d9f5,swept,
db/migrations/101_owner_website_content.sql,926,18,15b8cd6fd24150e69ce84a390b279a72cf4aa314f700e32e85d405189115bd96,swept,
db/migrations/102_relationship_consent_evidence.sql,2055,44,70525dd1c7acd18490a053f347dc0d893353c9a3d4dd86759a1ba4b35be0f0b0,swept,
db/migrations/103_solo_owner_privacy_completion.sql,1995,40,c94c44cb7e94d973565465c51832e55cffa61e8bc54fb0a72fe075742ee9e181,swept,
db/migrations/104_versioned_legal_publications.sql,1924,38,fc86be847fcb718bb336c9b72d7b1e3811a09571748c31f7042fcf8e2cf5b54b,swept,
db/migrations/105_buyer_supplier_directory.sql,1422,30,789f5482bb20f789487c5cac4a6fc9871ef1098d2dee5495c51fdd6221281d18,swept,
db/migrations/106_consent_relationship_scope.sql,2059,42,b09abc3450a20d7236adc7c7968a7d96b7594a3c78bc7830327c3618f29c2a8e,swept,
db/migrations/107_notification_intent_fingerprint.sql,1015,25,f4f91105c6f7e74e4ec6f43696fe896c93ce9f7ca0238a24846513ef9182abbb,swept,
db/migrations/108_admin_document_scan_recovery.sql,1200,19,53ec98a8de729ca7477c8c9080fba4e92434a65c07f84b0b5c18642c67506a1b,swept,
db/migrations/109_guide_and_contact_publication.sql,965,17,8929e6cc8c23440ed365adf3749d91a2a2924d9c6b475f73040ef858c2acba09,swept,
db/migrations/110_notification_recipient_scope.sql,2261,44,460d92f187168ecbe15d05f29cfc04a2764f4a1fc6f8e838245df448781a69ca,swept,
db/migrations/111_team_invitation_lifecycle.sql,1464,32,fb78d1ef65f1cfd2c78cdf537599a5aa62f3b40065a4ded1b183a6551e2c78b1,swept,
db/migrations/112_system_acceptance_evidence.sql,6034,104,91b4e5f2e22372396d3337ab77377da3654d90df09818138142b84e02864a59a,swept,
db/migrations/113_document_orphan_recovery.sql,1015,21,fb75c84c3c962a4d905d099a5ac3597b71fa63c66b243b793eb56fbc3a4e9331,swept,
db/migrations/114_system_acceptance_admin_controls.sql,1669,26,3f6d5627b6eb752e019b002cc0f9d5674e7d035063459cb84cdd1926e1cc5e28,swept,
db/migrations/115_atomic_domain_activity.sql,5494,72,34b0b3feb8ed159ee2fb1375a6ee0418dc995d99ea0064bcae3152488a358837,swept,
db/migrations/116_system_acceptance_settings_access.sql,1074,20,90572fdd4cf13c1d1ec1d5162508bdb1a508043ac5dffc8d04de10eeadc627f0,swept,
db/migrations/117_customer_registration_recovery.sql,2437,35,9824bbd6978085d92517365b756d3f71fa195bb062f69c3293136d388987e1bd,swept,
db/migrations/118_notification_delivery_lookup.sql,479,7,6a6b3fe45c499066d33ef63168984f6ee0db40d462d7356959b4ab09e49b44e5,swept,
db/migrations/119_launch_financial_boundaries.sql,8048,98,8500a2f69cad81594a8728a1a583931fc814d4e5fd166e499e92eba6a6b53c32,swept,
db/migrations/120_admin_read_projections.sql,7275,48,ec1b128cf0195f8cf2eced4b864a1220a4f5bf89f090579e95cf227949dad057,swept,
db/migrations/121_drawdown_expiry_discovery.sql,1121,18,104b055495def648595a6c3ab751c715ffa35a686f730f8e8ee28759c859c91b,swept,
db/migrations/122_scorecard_projections.sql,15311,94,52aae0af82820c9bf7c998817f87612e1985ba753f5aa328b23df8a2a1cff01d,swept,
db/migrations/123_invoice_and_mandate_evidence.sql,3209,42,4c99155dfd4fa2cba3ac8d8c278fddf01a7f3017b615c2ed0812fd2ff0a3f5f9,swept,
db/migrations/124_recovery_account_lookup.sql,867,16,c96190ea1d62a6b3bcc48761ad415a92eed37897eadb5dac06352b418ef2ab33,swept,
db/migrations/125_buyer_verification_intents.sql,2859,32,1ad4bb9979c93b8b082f7157edeb8652f47625ad7f8df1711e503d3b9bca3093,swept,
db/migrations/126_mandate_authorization_intents.sql,2474,27,0d766063650c58a9adb4a5204c5d29f6e454f3964e1848afa25ea12a21514cb6,swept,
db/migrations/127_dispute_document_evidence.sql,1920,22,3c5d539c9c380c7fad0de4173721f596a5851a3390eeabbcacdd28592157bb30,swept,
db/migrations/128_billing_verification_required.sql,788,13,dd0b005cbe985fe1c2a275d89fed990539419d945fd5fb3d0f2a2087709f80a5,swept,
db/migrations/129_provider_operations_projection.sql,2718,25,250dca24d73119bb1067c9e6fb8bb6a1bfdc768281c23ff1b997987ae81ba6be,swept,
db/migrations/130_native_message_submissions.sql,3800,37,29d28b8303a10d3cd0f56e8c5a0efc09f9989ad906d3a028e8942c73c1c464a8,swept,
db/migrations/131_notification_provider_routes.sql,1089,19,4645cc1363cb939f41869d75eab6da2a2d147b9db0245977033e7ae9b7fc6736,swept,
db/migrations/132_runtime_process_status.sql,1583,19,62a9cbcee645f14f2e3905f09686df735bf2c7dcbf45515da6515aec73ea5778,swept,
db/migrations/133_settlement_registration.sql,2848,43,9480db5d5287095b60f2ec073c8d803b30aba83bf4c6f9f1b14c1bc605dafffc,swept,
db/migrations/134_base_fee_accrual.sql,259,5,4ff53683d55abc0a2cf6cf06f17bdc9f1c993f247d7059e75937976a3fc0c65c,swept,
db/migrations/135_fee_billing.sql,5954,92,374f80f4162ae22f62de76985d52d6ae0d13b61d8a2ebf521561dd6c61e15225,swept,
db/migrations/136_fee_invoice_refunds.sql,297,6,ced409c35763a3a100730eaa9356f439a1b82d6c9d45e6dd4c0858178918d0f3,swept,
db/migrations/137_native_identity.sql,3039,42,f9e4a661c85fcb2691434eeb4d4e5c0ca2fdb10bc6557a5e48825415a62424ac,swept,
db/migrations/138_collection_settlement_routes.sql,2623,44,f80018017d1ca067b7c3a9830689dd79dbfd5224fcf46ef8bcbd4e2c0b4c13d9,swept,
db/migrations/139_named_mono_boundaries.sql,4865,44,e936b8b65bfba12e8b33f6a8561b82a819c626765c6460d17bbe47514a8cc329,swept,
db/migrations/140_split_fee_allocation.sql,1348,22,97238f31eaea15434452eb41c1587f49709a7d950b89c9ff0abdb1bd4540aa2a,swept,
db/migrations/141_authorized_fee_billing.sql,3499,41,126a5def2f31e429b1607995f73b43145dc9274e772a963a758153e31b838a61,swept,
db/migrations/142_fee_bank_reconciliation.sql,1420,19,3e9b12c83869b6801fc6e90fa8e16def5c05ed10dc0bf33993124cb59630f81f,swept,
db/migrations/143_fee_setup_review.sql,1271,14,48954def2df3fc6986ef56aa319e087bbca099c29b0dd4fc51256b7993adfccb,swept,
db/migrations/144_identity_review_history.sql,2612,30,643190a989f6c48556ed78bd3fed135cd35c2e6d1c1761a15c0e31fd2bf7d5f9,swept,
db/migrations/145_fee_evidence_guards.sql,3380,43,00fceca7e6725ad933ece77c747434b9ce3195d155c00b593376e340d4e982e9,swept,
db/migrations/146_fee_notice_routing.sql,1269,17,3112d63392da0600037673f6cf4ec5e5316f8cac6d5b7b5ee9d5e9b93af9bc11,swept,
db/migrations/147_personal_fee_consent_export.sql,300,5,87413dd4c6bb9a2635066190fb8549570c78355910369b3a627a80e9373aba33,swept,
db/migrations/148_unpaid_split_fee_bills.sql,834,12,016eff909c0137200956558cb982a2aa282781d6584ea728b70606cbff249a79,swept,
db/migrations/149_consumer_sales.sql,9903,106,1548374f2abde8ac20535bb083825713ad1dd2e16dd0b05b11513ae05a3378df,swept,
db/migrations/150_consumer_acceptance_guards.sql,2023,26,0adcfe2cdf5d726f8d13d211fa136ded98b67757394d2c540fbe37dc528d251c,swept,
db/migrations/151_consumer_retailer_readiness.sql,2294,31,af891724c6e7f4815141acaae9205062b7c6e25108f61f71020a11bd4afdd265,swept,
db/migrations/152_consumer_automatic_activation.sql,2823,35,247636afae4d68ab4e2ce304412558709655d4c0285ae85c00d8dbe34c636610,swept,
db/migrations/153_dsa_referrals.sql,18259,185,c33ba0daebda02dd9fc6bbdc066f722d9da39c16d931be26c545975a68684bab,swept,
db/migrations/154_bank_debit_enrollment.sql,1926,34,20634532f3da975ae2e57c59e5e9e6b36a6a7b094d4d6bc0262b914074a25a7e,swept,
db/migrations/155_audit_reporting_and_recovery.sql,12700,81,5a279777395d15f9829075fc2205de1470dd4c0b18a16f56ebdc4a42ce859c45,swept,
db/migrations/156_recovery_queue_monitoring.sql,2033,40,b06bd8b9a2926fd50e84227949c502c69f40788bf709d91a63bcd9f2a9f0d80d,swept,
db/migrations/157_audit_trigger_owner.sql,1325,24,868cf3fde29b288f2f32e25246c37e03c4549b09d9f3a80f1702143e1577e1a9,swept,
db/migrations/158_privacy_tenant_isolation.sql,2190,25,39ed58b3d17bedd6bfd31a405b0d7c97caa7e7515258a7a212517da8657149a3,swept,
db/migrations/159_recovery_tenant_isolation.sql,1998,33,9a48d6c240a56e841b305140aab93abb00a0cda9cdc8c4d2a4a05fa4048c7233,swept,
db/migrations/160_correction_tenant_isolation.sql,831,17,1a687cac68730ffa820c347a4021295d9d7ff69222db48ecb0041717234b606e,swept,
db/migrations/161_dispute_tenant_isolation.sql,891,14,07c3858454d835ac2efbed38b64605cc9e368d14274853bdc6dc11eff6f64634,swept,
db/migrations/162_schedule_tenant_isolation.sql,578,12,522d99580c723fc97deedbcb6f7c03016443023341bf07bcc3c4e34381d9b1df,swept,
db/migrations/163_notification_tenant_isolation.sql,3962,63,83c5f3281f400b464518fbd8a41e90fd0806a590987bbedd6e079327fbc25f85,swept,
db/migrations/164_isolation_operations_projections.sql,2365,36,eaade0c86aa1a9116b40ea4650999e9dc1f88ea5b9025a9d03dcda1dc3b9af01,swept,
db/migrations/165_business_workspace_identity.sql,2383,42,25252a740062249e42bd3317f1f3e67ccdc34810bfacedfeb275adaa9c1bb30c,swept,
db/migrations/166_distributor_import_replay.sql,1026,15,2f710e867f3fca23d23b8c8bef25fa718ea44f9fde189876f5337d569ad65332,swept,
db/migrations/167_invitation_business_binding.sql,222,6,b4deb298ab83b3fac8ebcc0dff19099577797ac9ab4f7a2929b4919395188056,swept,
db/migrations/168_distributor_import_batches.sql,2790,53,5a2b7a6ff037b8c5c47a548e0edeaa1213a28abee10fcd1904d60cc643613e51,swept,
db/migrations/169_distributor_import_row_integrity.sql,604,12,0de3e380a3df4e8fa3c6e22c36e1d866e2fa5acb8f7af1575dc53ac5f050ef1d,swept,
db/migrations/170_current_purchasing_authority.sql,4546,68,d0529b608b2c8e452be2e8db8101ef5a1c4a81ee11f12e79bcd8cbd9ce84d9d1,swept,
db/migrations/171_lock_purchasing_authority.sql,5145,78,6cf4b9621b32698a42c7c54ba23b917e84f7070881dd7610556c76e60adcce5d,swept,
db/migrations/172_business_credit_approvals.sql,6552,85,0e3ed6a75538c92e32a15e45411786fbb1268e13e876977535b54ece26b45ec8,swept,
db/migrations/173_credit_control_history.sql,2265,37,6b4d554bfec68590a1203e0feb6f5b39f5639fb3208c526f0cf6431bc96e1362,swept,
db/migrations/174_credit_approval_evidence.sql,1993,39,20fb5d9c2a6c96e5397fbdd3cc024159dabc336bfc9cecdd53f517a432bdf278,swept,
db/migrations/175_credit_reviewer_limits.sql,5850,65,a02b6477cf255f203a3f3d6660bb1419cea3f40874b3f3ed74736ddd26bde254,swept,
db/migrations/176_business_network_operations.sql,5774,83,7785e7632445049e75fd3d610d401e4392c3d3cc699b44bb0b583f2ab1cd6c25,swept,
db/migrations/177_network_current_authority.sql,1060,14,9aa873a901d637ce6e2035d0c869d24ff4bf2d37e2ad6dace5e89e0d9d553aa6,swept,
db/migrations/178_canonical_business_identity.sql,5294,70,50832fc3e30d2823198002d3390ea42e7f280ec1c4dd03933e2d948719ca26fb,swept,
db/migrations/179_canonical_identity_binding.sql,1902,29,bc6b4f9d6e1b523e755dc734213e51fa75822a46065c8cbf8bc3118feb181414,swept,
db/migrations/180_purchasing_delegation.sql,8816,105,da9a3ba7ec1a16deea84e24b4cbdef23bcd519b3907a9590f5152221d2100f48,swept,
db/migrations/181_staff_verification_scope.sql,412,7,2dd153cc8e38fcb20ecdf2b74b509e4738a661c15a00d48f78ce9fd87dbb2c80,swept,
db/migrations/182_delegated_authority_revocation.sql,1532,20,62060b082d259ec3656f04664fa6ebaecf40974b05c3197dc50f0d345e9fe432,swept,
db/migrations/183_staff_purchase_history.sql,1419,24,e264817d577f42aedd483629b289a016bd8f4a10abde7e03695da693b160e30d,swept,
db/migrations/184_delegation_metadata_authority.sql,1052,15,e8a4535fee0399a29d1ce1fb43f4f744a9e932369bd9ddfed74b25e12900866d,swept,
db/migrations/185_purchasing_membership_binding.sql,3420,47,5705f9cc413f34f24b1e578026e35ee466fe20d6a732e415551e5ecd13902882,swept,
db/migrations/186_purchasing_owner_role_boundary.sql,1356,21,35f8d492c547c93e7f78b81ff4a392a411b7731fd4ccf6dbbac7228c885b0faf,swept,
db/migrations/187_purchasing_owner_grant_validation.sql,1198,22,5ff57696f0f1fb953f6900136a3f3a46ab90543a3efc8c62c398e4d7381b5b10,swept,
db/migrations/188_business_purchasing_indexes.sql,750,10,167985901fe206b971d1c36fa0a0b6912a5856962a5dea7e7d0a99cda9957402,swept,
db/migrations/189_supplier_branch_boundaries.sql,17249,170,3d22f7553dc92297320d930ad394f047eb649b6062704446d7614bf518520089,swept,
db/migrations/190_branch_write_authority.sql,3601,41,6684b5e58b747621358ab78d7cac8697a9615a4fcb2b4139af85628cbbf69741,swept,
db/migrations/191_branch_scope_compatibility.sql,1966,19,5d6c121c76af9461d1069f0978ad5e317cc7983788746ea10e7ac28d460288d8,swept,
db/migrations/192_branch_scope_replay.sql,2810,34,756e3e2f4e73857bb9ff5f5e8993f12709e8388b1613ae8c5e321d8889bc99fb,swept,
db/migrations/193_branch_related_money.sql,3740,26,4a2955efc29497879dc1239c77e672b3c5262a2438be5d54ed4662b4c241a1dc,swept,
db/migrations/194_branch_snapshot_authority.sql,3338,22,db932b1dda2c15d19177b4a76cbd5acc062c1650155d25f1411b36ae2517cf27,swept,
db/migrations/195_canonical_organization_consolidation.sql,5389,81,cdbc01f66fea88773ffdfc3f6cc6292087b41b5b6351b10cb531450c348393fe,swept,
db/migrations/196_delegated_drawdown_purchasing.sql,3013,51,a29ef8c3d7af97161bb18c7679db77e8e89e147feb0ae7a1ad3d5d186933822a,swept,
db/migrations/197_branch_drawdown_approvals.sql,6823,132,5e4dc0dfaf9af4595051ee319116c6648d3ffdc8a9d84b675c7e1b5f7917c9cb,swept,
db/migrations/198_item_level_lifecycles.sql,6187,113,ba37f3c7eeb086813ebeb7194b42655974b321f1faa9bedead45d7fe1288fb89,swept,
db/migrations/199_opening_balance_import_batches.sql,3889,73,8661c311a311cb4a1e634322ff94dbb6d9e1d0bd69769ec417b322e9178d387a,swept,
db/migrations/200_payment_status_and_idempotency_recovery.sql,3147,86,f0fa872184452ed6de0018857d38f687ef2ed62ad6bbeca5fa0db04e9cdc18df,swept,
db/migrations/201_audit_order_import_integrity.sql,15812,220,aa4f069cfcdb9fadd81f277de772b24485b11e288cba5d5993da677ae7b1042a,swept,
db/migrations/202_identity_document_orphan_recovery.sql,2205,42,9dc857aa8d5b5f16431e7d0d868511842a32fef37945d02e65a42734f4d41255,swept,
db/migrations/203_buyer_payment_claim_lock.sql,3330,66,64276a2a7a00cfc887856be0244f443aacef9c1c1f17e41821c1274bc9b036c3,swept,
db/seeds/001_demo.sql,24634,245,b4a4a9aec2b5200e318ab9390a9fe95fcc857a352636d185ed10bc0edc412edf,swept,
docker-compose.yml,5151,177,d1506e08a48c445e4ddd7f4196886132e32ba95a4d49b623a562e1ee81f24ca0,not-reviewed,
docs/adr/0001-modular-monolith.md,921,25,cfc77e58081b3ca5d7931091861e2f6014b02aa1c6a4fbf3bd6f770b1e0bd278,not-reviewed,
docs/adr/0002-financial-source-of-truth.md,647,18,458854feebbd6a4d4fc5473b5722db6e6a38eec0d68a89b3656e07eedf1ad7e4,not-reviewed,
docs/adr/0003-provider-neutral-identity.md,876,23,2d2c48fe09ec21b961bb40adf9b22d9c8d9a37610c757e539e797855292bf4f7,not-reviewed,
docs/adr/0004-mono-sweep-collection-boundary.md,2027,39,116cfac1b80beea4d1afa2974edad1c3ca562ce188c0a99b67546a34f6d79242,not-reviewed,
docs/adr/0005-hand-written-http-and-sql.md,3985,81,08299d90693f39cfa58f6bb6992b0f558594d8c6b95cc1ba61021618fa010732,not-reviewed,
docs/adr/README.md,259,6,cef5a0a5b37f7457f151a72f661cc7332124083935f4252d2c4311149653d157,not-reviewed,
docs/api/README.md,375,6,0365e5b2914f5c3e649c4562197df86480a42e9fd29a3bb032f6a55564e59f3c,not-reviewed,
docs/api/openapi.yaml,149262,3856,9a9043e7f56bfbc6ade6f8703c7afab02147027a4b20152d45c03309ed87cc89,not-reviewed,
docs/architecture/collection-provider-routing.md,6644,134,436d85bc063976dac891cce499bfe5026a9cfff6a05b86563c21eb7f4cb6e01a,not-reviewed,
docs/architecture/collection-strategy.md,12297,249,d7d194a7a4561e796b68c11ea278fdb759200d12b3571c92160e1a59fbef7c89,not-reviewed,
docs/architecture/product-engineering-principles.md,6674,77,02ff95fd3303d803d55853d23316650f043340f1fbb6c5a0b7597f64491e1b4b,not-reviewed,
docs/audits/2026-09-19-file-audit/FILE-BY-FILE.md,367485,2369,ea0815dc605380382c380cb66f9a92dcbf4fe1c2b21d30dbac197b42173d956d,not-reviewed,
docs/audits/2026-09-19-file-audit/FINDINGS.md,29329,181,97d3b2103837ab7f8b1809350f21226c5b76f1fb16e865494a39c9270e3dce6d,not-reviewed,
docs/audits/2026-09-19-file-audit/FIXES.md,6486,49,0cdf6f0227585cafdf1d7be47d0015e6550999921bf1113c66fd84a9a8bdaa31,not-reviewed,
docs/audits/2026-09-19-file-audit/README.md,5403,40,052e1be0472d5ae59b0840b0e41b0a9f9fd08562d436d8ae9f28409d344d8feb,not-reviewed,
docs/audits/2026-09-19-file-audit/REVIEW-LIMITS.md,6508,46,32467f72b8318866f57b3f6758bd6b9c2d7940218268fcc6482c0f4ec60491f5,not-reviewed,
docs/audits/2026-09-19-file-audit/code-index.json,663755,30433,a7349e7ee59132edd945a83b6cfad980544e27a28d3a6f9b78f3a8d5136b8ad0,not-reviewed,
docs/audits/2026-09-19-file-audit/inventory.json,13266497,387039,4fc634d9d05f0542ab2b2d16c6a37cabdca1cc1a6e9661da71fddf8c4256f5f5,not-reviewed,
docs/audits/2026-09-19-file-audit/reviews.json,442831,8031,3adca69622112ed4f7e4b1e5ca02818d10dd7c4fc9383804ee14c91c89a30c77,not-reviewed,
docs/audits/2026-09-20-remediation/BACKUP-SAFETY.md,2603,13,b825ae8852b6770ee2840f62e47030bdeed901f6052ba489a999dbcd2e0cfab4,not-reviewed,
docs/audits/2026-09-20-remediation/CLOSEOUT.md,3434,58,e08ce88fcefd3bc3e191999dd0558cdd62329cdde322b00e232498f1d1eda2b5,not-reviewed,
docs/audits/2026-09-20-remediation/ERP-CONTRACT.md,2327,13,5f27dfe405ed4a41803b2ec9d9938b8811ae93ad06e7f9e375b04baa14f926cf,not-reviewed,
docs/audits/2026-09-20-remediation/IMPLEMENTATION.md,6458,48,27df63a70b8fcdaf3109b88c49b6f12192869f5f94caf1c86b1e22e45f9612ea,not-reviewed,
docs/audits/2026-09-20-remediation/REPORTING-AND-REVERSALS.md,3357,21,b39fd3862894e58199db995444d000d113513c5dc3fd4515c0e98891738ae5f1,not-reviewed,
docs/audits/kredit-fixes-applied-2026-09-15.md,9832,187,85a4464d61bc4b6af54d00699235a2d631f1c7276fe747fa22ddf34313b48d5d,not-reviewed,
docs/audits/kredit-platform-audit-2026-09-15.md,24341,346,c15234f44dd7e8fdfd3a751519751f3003fd7138897255e896ed4ba129dbb3de,not-reviewed,
docs/compliance/README.md,475,10,a706c778a697ae775729fbca142045c2ffe4b17c7b69b9fc461a9f456be8290a,not-reviewed,
docs/compliance/data-inventory-additions.json,7564,50,55d3d3966417a4996a9b5552d8780a4c435d5a7e170e3aeb91b8ca2427556100,not-reviewed,
docs/compliance/data-inventory-review-status.md,1825,17,813a5ee973c3188d446bd547dc285d14cd1620fdd4ee3c9979ce4cc66e0a4538,not-reviewed,
docs/compliance/data-inventory.md,5440,46,712caec60742858460d62352f73c37a8d735b0c926c5a60612cbd1c9ed88ea4a,not-reviewed,
docs/compliance/data-inventory.tsv,744781,1425,a45bd831a151ca44a30ea02f45545a465021ad43cf4e036a8461b8b6d2cdf0b3,not-reviewed,
docs/compliance/dpia-trade-history-sharing.md,15534,263,e039ea1b3b740c53956fea641d08aea7110c92bca3cdc7e72301e974ebf6ffe1,not-reviewed,
docs/compliance/rls-permissive-baseline.txt,138,2,8f9bddc633a8de4e1882e50dfbde68ec232c2e5c4d680f1c76fe6b3e9bbef009,not-reviewed,A2-006
docs/compliance/sub-processors.md,6443,54,f0130857780baed4da5cad3208a53963d5ed823aebe308f239336550eb07674c,not-reviewed,
docs/content/article-research-2026-09-04.csv,55062,101,321d40e1276dbaf3afe19fae71c4a5a46b4301ecd187962b8bc26f356410652c,not-reviewed,
docs/content/editorial-standard.md,1341,13,099a51c7fc7cba0447a267cf8c21bbb33a87668bef110814262064c9ad33bb79,not-reviewed,
docs/content/search-research-2026-09-04.md,15640,116,0b6d6cfc7fb7bacc493441967af9c5a44b6935fc3d3de5b7cba3e21100ce1a7b,not-reviewed,
docs/content/topic-backlog.md,7921,93,c0757ad8b86062fc700a4ee0ef6654d8327a23308bd056a06bf4ae449c4a4c46,not-reviewed,
docs/data-map.md,8999,87,fcec10f0029c3c93c1c2752791011508cc63e1633b6363460add05e6686e92ab,not-reviewed,
docs/launch-audit-2026-09-08/ADMIN-CONNECTIONS.md,5477,57,d09121604f2f1ae5f5d9ae00a245ec0bb60ed30e6504d881fc2b5173c4358b4e,not-reviewed,
docs/launch-audit-2026-09-08/FILE-BY-FILE.md,39813,268,1b8074461dfe93ddad0d35313566f7b9548e5c2f224b39f68190973aeb4cf69f,not-reviewed,
docs/launch-audit-2026-09-08/PROGRESS.md,15028,100,2d8bdc89fec62b66f572d5297f637c8351dacee1c91e0ecb1e0fc45008287b3e,not-reviewed,
docs/launch-audit-2026-09-08/admin-connections-mobile-actions.png,64454,,ec184d457c7f2d2e773e36f001c5c282447f9a673eb78c8991fdb457d89f6131,not-reviewed,
docs/launch-audit-2026-09-08/admin-connections-mobile.png,68126,,ce0c911d0d81ab69e9d52b8e4462eca04a608c69a1f4f540cdde85e84fff0473,not-reviewed,
docs/launch-audit-2026-09-08/file-by-file-audit.json,450545,5894,dabab05efbada50990eb453be67e8e5e2fb065491e6311597cfff6c3bee6577b,not-reviewed,
docs/launch-audit-2026-09-08/file-review-index.json,70479,2666,0fab5a881cb2d6566763e102df70816d87dd6c2c06d25289888dc659496913a6,not-reviewed,
docs/launch-audit-2026-09-08/home-desktop.png,148625,,e9634b0ee9e22c19fa27d950484371d638c894387c87c14e95dda8b674326c8b,not-reviewed,
docs/launch-audit-2026-09-08/home-mobile.png,53021,,532d2741b0458c325bc6b39658bf6b87427acaf878180d6d94af1b80c11a5a1a,not-reviewed,
docs/launch-audit-2026-09-08/initial-browser.log,56996,593,1edda4ad30e7422c32e77d9fd386f63b33b7c03bd9a71d62b066e4b16e7ab21c,not-reviewed,
docs/launch-audit-2026-09-08/signin-desktop.png,84370,,fccae9aa2da8632f351846304ea67865499ab5c20ae71e5a487232c32e26e13c,not-reviewed,
docs/launch-audit-2026-09-12/FILE-BY-FILE.md,265317,1377,582353f78f0a735b128988358db023d99f130538f845761c92ec2700132f9dd1,not-reviewed,
docs/launch-audit-2026-09-12/FINDINGS.md,31899,185,2478f553fc216b0cdbe7f03d17d95df4cf9196b6d1304843a85e15f8953900c0,not-reviewed,
docs/launch-audit-2026-09-12/FIXES.md,8628,72,b753ffb70196b471e8bb920d462a99308ffa7a7cd5b102d5911983e70bb098d5,not-reviewed,
docs/launch-audit-2026-09-12/PROVIDERS.md,9436,59,faef8764fedf61e96f654e63e4fbb5d787f5f1fddae917e1ced6ad3b9c302db4,not-reviewed,
docs/launch-audit-2026-09-12/README.md,7405,67,bd649e07948aea323fff4d59ae580ee418a3555100d4f79d00e8db915e1c6b29,not-reviewed,
docs/launch-audit-2026-09-12/file-review-index.json,752080,16171,69964d26ee7cdf9e69eb1e3d3a3472d1d3bfcc39c76bf77a446873b3f7bfd845,not-reviewed,
docs/launch-audit-2026-09-12/file-review.csv,273746,941,e29d9262fdff1b51314f2f07af781d8f9764325f75330d9c1b67bd8c6da80fda,not-reviewed,
docs/launch-audit-2026-09-12/findings.json,42763,519,c20c5aeca49e3337029f64555677751ea1fa233eb0062358fe534bd7a451538a,not-reviewed,
docs/launch-audit-2026-09-12/repair-status.json,14102,254,112a46badd19938d9c863131c283e066bfbc5dfa92577f0dacd969cc41325f78,not-reviewed,
docs/launch-audit-2026-09-12/scope.json,3307,90,02fa7e2303432f1332a6d5853d94150543bcda4f0901f6010c32e987b74157f3,not-reviewed,
docs/launch-readiness/OPERATING-NOTES.md,6455,109,b247bd403f4ae6ab631ba7b8f5cf4906a7b5fbb6a639a7e7989261e268ca603d,not-reviewed,
docs/launch-readiness/RESUME.md,1484,22,1b1e3638a377169b1298411dba361a17e28258dddbda8cf8d963e9f82cdf6a5a,not-reviewed,
docs/launch-readiness/TEST-RESULTS.md,3877,45,1464d623f23fd66250e707079ebb5b0d7a3181a3ed52feabd60e217ed63a01f9,not-reviewed,
docs/launch-readiness/baseline.txt,41,1,8123b6f4154dd489e0275f442eb6ba07aa6fd3b559e877c51b5cf8293610e065,not-reviewed,
docs/launch-readiness/changed-files.txt,1360,37,401ca75d3ddf54a65b649016b2ca11c9aa3e58734b7314dc3def303ae44a1b26,not-reviewed,
docs/launch-readiness/changes.patch,162110,1464,b2b8659b6e6783c3e6862e680a8d42ef22940c2ccde28a1799e6f6ede66a6cd8,not-reviewed,
docs/launch-readiness/evidence-manifest.json,1640,18,30ddead57007b7bcbfe8c5abe3d92450b8e19879749431925dc74b99c0cc73a5,not-reviewed,
docs/launch-readiness/evidence/after-complaints.png,334169,,6bc3967a978df8873564a222b7d980567e7583fc694de8b722d708c5406c71e1,not-reviewed,
docs/launch-readiness/evidence/after-home.png,688280,,99ea1ef1c5d3a45c63c4f1f1883603d24deefec3ee917b6501e795e5a3eff100,not-reviewed,
docs/launch-readiness/evidence/after-pricing.png,309587,,562c54f7ad1ad356c910c9f342a8aff9250e8b892e4bd31b128d7f94fe52ed7e,not-reviewed,
docs/launch-readiness/evidence/after-privacy.png,1394425,,91537c08ccef764192727b70385539852b03eba407e00eeda3b73ac29851119a,not-reviewed,
docs/launch-readiness/evidence/after-signin.png,131921,,7a42fe6b49452fcf604d923be62e5167c9c9a8202467f4940b63aced2c42ada1,not-reviewed,
docs/launch-readiness/evidence/after-terms-mobile-closed.png,82346,,5e959c65d25dd85a059249c41930c287edaeb19bee6c2c91c9722347f0a8ac57,not-reviewed,
docs/launch-readiness/evidence/after-terms-mobile-open.png,63901,,7380d7dd158c66537797689929e773013b5d012be9185d78fa84a45e74a2e7d9,not-reviewed,
docs/launch-readiness/evidence/after-terms.png,1383186,,f79a31511ec50883db937e534479aed82535dfcd14e24306328a80a67858a494,not-reviewed,
docs/launch-readiness/evidence/all-go-final.log,2140,54,9a2e4ca7b2c025794eaec5c29f0d8c8dff5a2366cbb3bcd1d0cd0c7efcd2201a,not-reviewed,
docs/launch-readiness/evidence/all-go-unsandboxed.log,2168,56,4b384a11ac535ab48cd7f0184642ba4cc324264a08a48af4df84f4e5ba1751c5,not-reviewed,
docs/launch-readiness/evidence/all-go.log,5256,105,0c60b7e67ff1a828f042455ef768093299ffc33f6d879183b01323aed91da6cf,not-reviewed,
docs/launch-readiness/evidence/api.log,34164,138,30fdffc3276174b432955291f0e882dc7e7eb9fef114b9570f36df93bb2b1767,not-reviewed,
docs/launch-readiness/evidence/before-home.png,693026,,89b256c2b93c87566dc714673d8571606198659c71bc8b4743de9767d59f1970,not-reviewed,
docs/launch-readiness/evidence/before-pricing.png,252680,,b2bcbeff9aa955f0cac15dc8075f28591f0d145b81d8facccdf7afa679b43455,not-reviewed,
docs/launch-readiness/evidence/before-privacy.png,1624608,,cbe73d19f330b13a55d6efc1ed238cdca2f19d98ef6924ad462a06b1a0d8b597,not-reviewed,
docs/launch-readiness/evidence/before-signin.png,128163,,db7ff0fdd1bb9311f1d6a19e757f2eba7706e3be40646328a134d69acc210c25,not-reviewed,
docs/launch-readiness/evidence/before-terms.png,1712471,,14a0c127b584c2a3edd694e0664a8ef894b5b0420fcfaad7a8c5a54ec7635c28,not-reviewed,
docs/launch-readiness/evidence/browser-check.log,476,14,80def651a02c9394a0cc14aaa5a1b987103daeecc93a2734c2382f0def3c708f,not-reviewed,
docs/launch-readiness/evidence/crypto-test.log,45,1,29b574635a00ddd4fd66636f28d34ff3f3b1c1ca5311e9060429545bfb280221,not-reviewed,
docs/launch-readiness/evidence/db-roles.log,685,66,3ce53d6f160256b968536cd4a25f747a27a5e905028692b3bb5daddcc4238af1,not-reviewed,
docs/launch-readiness/evidence/focused-go.log,77,2,d62cde6a79c9fa70cfe28d9e8eb831c48baf600dabe5f147008d089b7f999d9c,not-reviewed,
docs/launch-readiness/evidence/migrations-final.log,178,3,72b1d0b65aeda8773ff0248b9b68ad36e472cb892f35b83379c2d4ce0b163755,not-reviewed,
docs/launch-readiness/evidence/migrations.log,6124,89,b5df4fd54d03ac07429923300d8e950a11fa756167c6214ac5a9040678795c94,not-reviewed,
docs/launch-readiness/evidence/node-preview.log,3704,56,7c1e0e0798a54fd06dd75cdae6166a30f81adb45c7eeeb412bfe79c0aa0136f3,not-reviewed,
docs/launch-readiness/evidence/outage-check.log,405,9,624f0a85b4c8f86f8722fe2f999dbd364fd5b424d1bc83ea901248a3b1baf556,not-reviewed,
docs/launch-readiness/evidence/outage-preview.log,35,1,ea5313f0ae3c99bcfdcdbc8bf528e09f89f7cacd8d58a14732eff254e4edf754,not-reviewed,
docs/launch-readiness/evidence/owner-api-integration.log,32,1,61e270d70f1095bf22106757cbf056814dafe7c81182b2216836ca1d9f63274d,not-reviewed,
docs/launch-readiness/evidence/owner-baseline-migrations.log,6187,90,95586632a34edf9700bedf4ddb23940aa22d04a017a8b590aa7b3697206ad924,not-reviewed,
docs/launch-readiness/evidence/owner-fixed-migrations.log,6350,92,34f31463c21a63d20edde96ccc511e664a10ce38e1a77de729ff558de0c6a1ec,not-reviewed,
docs/launch-readiness/evidence/owner-lifecycle-after.log,1300,22,efe7c91a337fe3846728d3c356c36fb5b5a066c912ee4ef94044a7775dcfc40b,not-reviewed,
docs/launch-readiness/evidence/owner-lifecycle-before.log,1750,28,85c667965c840f2e9cd78e14abb0de88fa2658fd59b6de498d36669512b79954,not-reviewed,
docs/launch-readiness/evidence/postgres-init.log,847,23,d2878e0225a0ebbc532fa60c57df824e0cf29f3a16877db37bf1af1344c677f4,not-reviewed,
docs/launch-readiness/evidence/pricing-source-outage.png,115441,,9961c65d05f84e7ea24a32b29efd4542a300c636fd64439f0cd17efe468aa8e8,not-reviewed,
docs/launch-readiness/evidence/public-playwright.log,1885,20,63f6a596cf37cecfd07a72babb76269fdfe135ff7dd6fa466c7d0398a97ab2e2,not-reviewed,
docs/launch-readiness/evidence/race.log,245,6,d63eeab0f1a08ac37d2d174e80801a1a0570cdbde57f90c3de678aa82be58279,not-reviewed,
docs/launch-readiness/evidence/release-api.log,2329,10,946c6f47b6e0832d608f66cb831800e95add324c413d61d9eecea35feb7f0fc1,not-reviewed,
docs/launch-readiness/evidence/release-browser-check.log,476,14,80def651a02c9394a0cc14aaa5a1b987103daeecc93a2734c2382f0def3c708f,not-reviewed,
docs/launch-readiness/evidence/release-capabilities.json,189,1,7182ccffccc153a0669e9a5bcd04512c8e1640b1542ba98bc6e2f0aa081cb32d,not-reviewed,
docs/launch-readiness/evidence/release-pricing.json,56,1,e78c2d940cb9a2226a7e2c8bb9a732e0fee9dfe872a7b3225056fc38c64d4e1a,not-reviewed,
docs/launch-readiness/evidence/settings-integration-final.log,45,1,f955599b4d2298ff31ecc389385c7a2fae1f276211e7da61f41a7b7a5676e1cf,not-reviewed,
docs/launch-readiness/evidence/settings-integration.log,45,1,87e9476b220d4a3c3d412c9d3ac7bc97549cd9031402d23d625ac64507d37776,not-reviewed,
docs/launch-readiness/evidence/web-build-final.log,103523,907,5309bf8c1dab0256293050dcd117c49552baabf1821bdd521e81cdc796d27b8f,not-reviewed,
docs/launch-readiness/evidence/web-build.log,103523,907,ab0036cb9de6bc3ee45920eb86717e7079b8c6b6d93bb51a1e863aa269929875,not-reviewed,
docs/launch-readiness/evidence/web-check-final.log,49760,387,2994015396e2871fa3b81a9c6a2ef61c84b7012cc944b6cd96471ad91df5155d,not-reviewed,
docs/launch-readiness/evidence/web-check.log,52453,395,b15249e9981a07eb7eb327fb89e0065ef47554104f35c7343cd5d44a1ff9cc7c,not-reviewed,
docs/launch-readiness/route-state-inventory.csv,10351,94,047dd464393e7086d10991ded493154d10ebfdbfc16ac66f2db854525abf7486,not-reviewed,
docs/launch-readiness/settings-inventory.csv,457,4,33aa0657ddb5dada1bc9a7c891731a65bd02398e5fc05d1a0282ce16746c6e2c,not-reviewed,
docs/launch-readiness/source-manifest.json,89831,813,f63b5d3f4c9c8da59fbc63a0a6c586c9db6db2dc4df4371da45d61cb67dd9b29,not-reviewed,
docs/operations/PRODUCTION-DEPLOYMENT-GUIDE.md,11843,144,52f47c5428f4fcf173161d3635a6fb28e3faef9177c69513c69c1e0b7647c821,not-reviewed,
docs/operations/admin-surface-enablement.md,2553,58,07134d247fdc66741dc0f9e0caabbb9e8ae5a0fdff9803bd0d80d02f5e82f8e4,not-reviewed,
docs/operations/observability.md,2680,43,1ed46e2b3559b41c7817e88e6c1f9f82ea8b8c98fc0e1c19c8cbdf42367e86ce,not-reviewed,
docs/operations/persistence-migration.md,3272,64,31d6f746f6331c56dcdbc7103631ed83ac2d774fb0ca1890206718350f1b0c97,not-reviewed,
docs/operations/production-cutover-runbook.md,7137,168,704e99a4f49b53089b0af24b2bf1d965e2cbd691ba6d5a450e371b0baf1986b9,not-reviewed,
docs/operations/provider-adapter.md,2598,33,ac10e76d39e6bb6786b126ca6319d074b97cecbb5455995a2cdcf09ee40554d9,not-reviewed,
docs/operations/provider-certification-plan.md,16221,284,544bba8c29c2cacbff9c98ea1b1a33b1c800b5a348d3a0528add3fcd268a6e5d,not-reviewed,
docs/operations/readme-conformance.md,6547,46,c6bdf57ffb6c9b4b8690023f6d58c391982bd0c0ed130f6cd872510e400f87c6,not-reviewed,
docs/operations/readme-gap-audit.md,7871,82,e2a0c699e807b25f1bba9139d49fba0adbbb247ca4310a62c2c4f5724d518ec4,not-reviewed,
docs/operations/rls-phase2-completion.md,4012,67,c2a5cc3a7b3dd8078a026bdc808977765449274531ae2369fa250074ac2af068,not-reviewed,
docs/operations/unregistered-traders.md,1951,16,96428ae55936f22e1d83be8d679c71467dbc9b4a861b0777edabb8f7d2e5f239,not-reviewed,
docs/payments/native-collectors.md,8612,68,3f9188e8629a7b379ef507eed1ec3f230f401dedf34a40fa649e51738f94c987,not-reviewed,
docs/platform-improvements/CONSUMER-SALES.md,6352,42,1e0a38370bcb90e4227ed8714a79a64c539cfa5f3328f7e600617b1cbc06721b,not-reviewed,
docs/platform-improvements/DSA-REFERRALS.md,4992,43,0e24f0ccfe0a02eaf07997556acf1067053d8c839aac1a7aa4141ba65492db19,not-reviewed,
docs/platform-improvements/ESSENTIAL-CHECKS.md,10828,91,88dd78760b111740bea670e10e78998212666cd2fdd0f5b657f772b4836b6f67,not-reviewed,
docs/platform-improvements/IMPLEMENTATION.md,5968,43,8daa8b47d8d41bc90ca59b10a907a99e728776dcf5c5e11b6bdc553cb189a50d,not-reviewed,
docs/platform-improvements/PROVIDER-CONTRACTS.md,12115,103,9d15f2f79485adcf9c066c90e864097fee8e27358c57109ddbbc71b6307a9319,not-reviewed,
docs/product/analytics-event-catalog.md,4270,62,c68c910944cd0157162caf1ce79bb913967553407497c390a1f398b1c16d3d8d,not-reviewed,
docs/product/interface-copy.md,5955,83,a5b90d2c9e97c2464706504abfa49ccaaaa736dfefe1933784b8efb7fb128558,not-reviewed,
docs/product/kredit-interface-standard.md,2504,45,cd258efa4ef3259376e1a672c615536d2004c179f1a68a2562725fc24ea47287,not-reviewed,
docs/product/open-questions.md,24154,395,c8846b117d93e97cad702d5b35f07cfdadbf63acf7e7a3dec7fde699f6e97102,not-reviewed,
docs/product/pilot-kill-thresholds.md,7130,112,4b111f4c6055320e07c31c9940721016ef26a82a362a602df4041a73bd51ea1a,not-reviewed,
docs/product/pilot-scorecard.md,4518,82,4cf3c74b3008a3d83a1920e3e43a4f5855f862fe1223a126d6d828ed1fb8177c,not-reviewed,
docs/product/public-launch-and-admin-controls.md,18184,124,20fd09cd2877c8722dad65de20de57c6e76e9ca5c89bc6c5d7da5670e7998255,not-reviewed,
docs/product/readme-completion-plan.md,26575,522,a059e1c7b9a5a7b0c7fc33173d45d56e8ecb81b167d1568ba5dd887d51d9333f,not-reviewed,
docs/product/readme-completion-traceability.md,7929,64,0805f9af515d7c3e86c3676bc5c6abdf58b66c9adc77974a65a03bb3ade66f6c,not-reviewed,
docs/product/strategic-recommendations.md,14200,179,031e61476a06651f115ebce1777e1a7d257242c7ca517bb6f78bc5e203997ec2,not-reviewed,
docs/product/usability-validation-guide.md,3212,21,cee1acceea535858c3c10bfb52a113cf830d1e03991809482475a92c442de6bb,not-reviewed,
docs/product/wave0-contracts.md,10673,226,4c8ed54c8329df01cde7dd95529944d0af4f834560408788156653b40e5238e3,not-reviewed,
docs/product/workstream-evidence.tsv,6579,14,a3ecf15378963e110ff2ba97155a99888eadc151cdb67cd2cbafa5f12235fbca,not-reviewed,
docs/product/world-class-product-standard.md,5892,59,cb3e6566a4dce3e89d295076f643389ce3ef9576ce2c9649b181f96bdb9e38dd,not-reviewed,
docs/quality/2026-09-19-improvements.md,4119,26,16030ed90a50060cee1358ce9b7a4f7ffed7824326f7e60207361c352bbdda47,not-reviewed,
docs/quality/2026-09-19-isolation-closure.md,5638,84,d9fe7084d52745c98f0b393fbd1c26c3264ecc353d1b1a9c8a38daa7990a7f3d,not-reviewed,
docs/quality/2026-09-19-security-review/coverage.json,2095,61,9a1fd523a31f40a8aef667027090a3ead3eebad8ede7b05e305ee9d40dfacc3a,not-reviewed,
docs/quality/2026-09-19-security-review/findings.json,5209,110,112d19a14d23107444121820205ac40e1612e3c1858b9defb429adc1728f8c3c,not-reviewed,
docs/quality/2026-09-19-security-review/report.md,7809,161,c5f67167b5784b22bff80bdac58c4e8ec054adfba0e867eab1eeb66a48009ecb,not-reviewed,
docs/quality/2026-09-19-security-review/scan-manifest.json,4742,91,68d1cec8c613a272617aa55ace47044059d35173997b0ec01f63084df7c84f22,not-reviewed,
docs/quality/2026-09-19-verification.md,7063,63,e2e9118e9b8fdb9588fa864fffff6d7d98014a7a2f7318499a18398209535281,not-reviewed,
docs/quality/financial-flow-review.md,4934,25,96a1b62c4a1ad15545e458476213b8e2d7091613b7db7fb043ced73b3322f615,not-reviewed,
docs/redesign/README.md,18770,162,082cceb48b18f57ccba54867843bb3197922c5a77fb05bb4c284d636e01ee0ca,not-reviewed,
docs/redesign/current-pages.md,6017,134,89e1cfa753d7f3170a197226657e3f9f74d7df230afb93ec18326cfae8dde656,not-reviewed,
docs/redesign/current-user-flow.md,3439,38,34adab0d8c6696f524d4b5640aa7be2238ad68313027cfc22270a37aef1a98ca,not-reviewed,
docs/redesign/deployment-handoff.md,2939,22,b2b7c3dd56553783372ed51d799aaf5bc0725e0dcf61d477e4c9366d5624f4bf,not-reviewed,
docs/redesign/feature-map.md,19496,177,961047f8fb2343b861537bf12561dc2d2d81bb4c2dabe7833e7d818d497bfc52,not-reviewed,
docs/redesign/implementation-status.md,29401,172,b8a5d2e523eb058bd5736edcd359c2ab1ffcb28444b11574ad6f7350be336d4c,not-reviewed,
docs/release/audit-recovery-rollout.md,4650,31,bcc205e6f5fd166594c36034ee21ae69c8fe424a696d933dc80c245c730bef17,not-reviewed,
docs/release/certification-report.md,6256,107,5e3f5758094b5fb17b081cc6afb066d9cb67b77a6d38720d5123ee2b16b2674a,not-reviewed,
docs/release/go-live-runbook.md,4696,85,0df22d3e28d0b87b19c857473ee0699996250f85ed36bbdb9fecb575f3bcb687,not-reviewed,
docs/release/readiness-checklist.md,4413,83,f28c22683910d1574971556cf9253244da35412a7ab5eaaa45baa4602b46b443,not-reviewed,
docs/release/wave5-accessibility-evidence.md,2867,49,7c3386c6dce00442d6bce3f342b20a5387451e57bee84b20537ab15e47d6bb57,not-reviewed,
docs/release/wave6-analytics-evidence.md,2366,46,f6c01f7dc999d6d6edfd21b41be50da55c9ac7ba77c73b4ea9701965895d5290,not-reviewed,
docs/runbooks/README.md,1219,28,c560db830ad937119919a7c225865e173746ff4d12d106695e4eb91b39c6bef4,not-reviewed,
docs/runbooks/admin-workflows.md,15447,111,5b623cabc720ca15e7bf0a0188f326c994cbf218a17375ebc20c6bbef45919de,not-reviewed,
docs/runbooks/backup-restore.md,3034,25,fbeb964a22dcf1710f33bc18552e2f0f430cb763237f778d522febcfb9ff5214,not-reviewed,
docs/runbooks/break-glass-access.md,536,11,3b9ca8acb4d453dac31bcae791b5c124e4b7c2f329202385618ff8a6370a7a84,not-reviewed,
docs/runbooks/business-settings.md,7355,51,6992c7e4d71db97112c02df26e8f0f499cda298f7bb9936ca59e1327ec147df6,not-reviewed,
docs/runbooks/dispute-adjustment.md,491,10,19cdb085a282d2a7289ffd40dda32cfc1b6248ca7bf1e76734a557b85f0118da,not-reviewed,
docs/runbooks/failed-jobs.md,769,14,dc5d98d5537a0c9b4c13de5a99613d5d84dc9475c902af742e5a13ea7cf3679a,not-reviewed,
docs/runbooks/failed-webhooks.md,1331,14,a894a8206b403a78de71171da2ba941a651b201d865615d31e197a83f7d99738,not-reviewed,
docs/runbooks/financial-operations.md,3646,81,437b97f851f2cf9efeba0a9ac15e0d0f69405ea46d2210dd22ea91da6b139c01,not-reviewed,
docs/runbooks/mandate-cancellation.md,495,10,ffe6a0c8ea3755b588632514307db3f52d8d2f5b1c049a65b5e69c4e87d1a716,not-reviewed,
docs/runbooks/mono-sweep.md,14475,90,fc9dd6c2bb84f3d6cd9bd59d54e001ab4bfac8fadfba48a6b0c64d90fc4f2ae9,not-reviewed,
docs/runbooks/operations-controls.md,4151,50,25a640ea4ab3e5352ff029cb85f105956f16e391142635e18ae7afdf0fdeac73,not-reviewed,
docs/runbooks/payment-reversal.md,447,9,8f491d1b5f85549107d3a08100b08c4ca4fa08616b36f25e74092c9ed9d7297f,not-reviewed,
docs/runbooks/phase5-production-assurance.md,17400,123,9b2feacfbf3faf75e42a655984ad1dcf362917a239de85852f5b4481e72a8643,not-reviewed,
docs/runbooks/pilot-scorecard.md,3063,59,0eb10e18fe282686661098cbbd67f3f0a9de382509388477e8b271a3617f180d,not-reviewed,
docs/runbooks/production-pilot.md,1724,19,2adc828fe653eb9726c37bccb3b1194350c1599f21300d1cc367dca5b8180a9a,not-reviewed,
docs/runbooks/provider-reconciliation.md,566,11,b8d47d4ffa4ecf9f5433d77eb3f2223be2dfc20c889e85c663fbb3f194b2eeb2,not-reviewed,
docs/runbooks/provider-simulator.md,3128,73,359bd5be074494802637e35b227f1edd229bc72179fc3ea6f078a5778886ae69,not-reviewed,
docs/runbooks/recovery-operations.md,4617,35,9213f5d3938d66de3fe2d8bba3934dfa9bcf3215f562747c103aa2e1be3be440,not-reviewed,
docs/runbooks/worker-operations.md,1298,32,c56c47fdfc788c5dd3a22a4c5df80abe5878d0d68fe77b8792ea94c86c59e650,not-reviewed,
docs/security/production-security-checklist.md,1182,21,4ac3e8994ef16c0afe3b0e3273533b3bffd35fc485ef6e0350e332761627c192,not-reviewed,
docs/testing/admin-settings-2026-09-03.md,4262,31,17c2771cbfb6df71132f6d94a86e48202310610ad67b577b334f7f1ff950f765,not-reviewed,
docs/testing/admin-workflows-2026-09-03.md,4893,43,9311d7c93f0d4974bc132591c38682d7ef0634049489d1acd6e4dc8be49b2fff,not-reviewed,
docs/testing/audit-2026-09-06-implementation.md,7329,76,d16da1040aa4971c2dc70b091a1af60e6d0c64741439cc9ba1533c7c845d5698,not-reviewed,
docs/testing/audit-2026-09-06-refinement.md,807,13,974ac02c14ddba5125b877a7c00266ed63b88716d159d6608ffa84d19945f8ea,not-reviewed,
docs/testing/audit-2026-09-06-verification.md,2624,47,39f72d3cc09ed2f0c613bf28365a8054cf87459b8b88121121ed2b88922d6a75,not-reviewed,
docs/testing/audit-2026-09-07-completion.md,5482,33,1c67d15929a51839c5323adb205514f7692f7165ef37d9903fde619dc8141c7b,not-reviewed,
docs/testing/code-audit-2026-09-03-files.csv,203388,665,9f6aeab6fd3ad2b7dd1273eee6e14b9a173e2f89a6a6dda1eee53c456830c6cd,not-reviewed,
docs/testing/code-audit-2026-09-03.md,46013,414,3208f54ee6895f19dd3e5a15e2b0538ef314c23dc3644325bd25924f522d64c7,not-reviewed,
docs/testing/code-audit-2026-09-04-files.csv,159218,688,ed3adcc37e6d44bc7e19013c141bcac49ab0ffd9f4a9fafd24d8b5e2a7babbfe,not-reviewed,
docs/testing/code-audit-2026-09-04.md,21392,197,be6cceec7844acbac8df20be9f288183ee18d60cf75a50e894be124c5fdb8f8a,not-reviewed,
docs/testing/code-audit-fixes-2026-09-04.md,13857,125,80f7bf31b66a62892897fbee0b9cd5ed6b0687f65b3344773970c0196e8d0db6,not-reviewed,
docs/testing/code-completion-2026-09-02.md,6907,39,562a17a8f2cef887fa302d5402badedf06e10c583404318d2f2ba8f6739c95cc,not-reviewed,
docs/testing/code-review-2026-09-02-files.tsv,85511,619,57a6c98b96639073c19803314e54348b1a2de9ee6e96637cfedf36dc199c78f9,not-reviewed,
docs/testing/code-review-2026-09-02.md,13923,65,8a94a6181c3131e70c44ee471b203d54862ac632ad9134d7f461c65810f9c405,not-reviewed,
docs/testing/mono-sweep-evidence.md,4660,58,a59240a3dc5984bf87d603bde93692c4a70e384357d7149b08ce1d0498413b80,not-reviewed,
docs/testing/phase4-provider-evidence.template.json,3923,42,c8c9e057e6edb843d7a3666d1b36a258f23f133b631cd7535d3ffe2d9ec1aaa8,not-reviewed,
docs/testing/phase4-provider-verification.md,8109,83,62ce3b16b144f74dced04f3308356e9504cb17ea96b8323ddd8fbf9f00f4ad2b,not-reviewed,
docs/testing/phase6-hardening.md,4510,32,658c56513c576449eb499788513dd32374e5b0e57d9f195f433e137d93ab769b,not-reviewed,
docs/testing/prelaunch-followup-2026-09-04.md,5674,42,a57fb83b013c5781796e4af8948dd6e672af419dbf1df5472ef18eaa08a1e817,not-reviewed,
docs/testing/solo-audit-2026-09-04-files.csv,186839,706,6ec529b6c9ae1924135dbc47f130d2df34128662f4f1c557e953e96a6416bd8a,not-reviewed,
docs/testing/solo-audit-2026-09-04.md,14328,90,6e80e2bbebc8cf9f74a8e565427e8179197613c94c17ef3ea92312ae64765647,not-reviewed,
docs/testing/test-matrix.md,8124,79,46955fe46ef6ea7b385b76a5ac44a118e06668c131d2d02b352224dffa125272,not-reviewed,
docs/threat-model.md,3262,63,a5fc245ccb62197dc3a52407a50f64a504fb57b0adbe0912ec3af9e43afd4261,not-reviewed,
go.mod,3383,71,812f942f7b738af3c74679fcd1ba0f45181aafbc9ac92cfff2b160a9aecbc2d8,read-in-full,
go.sum,16177,173,9f2255ba5483ad4ef3611eb7ad46689546f97a90e249b93cfe00b50d4aab7440,not-reviewed,
infra/containers/.gitkeep,1,1,01ba4719c80b6fe911b091a7c05124b64eeece964e09c058ef8f9805daca546b,read-in-full,
infra/containers/Dockerfile.api,2307,54,09bd02b413b63741848d59d2c7171580ca6b4f05c4d71a4aadc922e9e3a5ecbc,read-in-full,A2-023
infra/containers/Dockerfile.web,1600,31,cc3451f2ccfc12730c86eaa453cb6be9c07e43498117ffa670cc82a56cf710ce,read-in-full,A2-023
infra/containers/README.md,1470,24,b7963410b31c8cd3dfd0fd246b3d0a881b323923bdd51a8c703282482c7db143,read-in-full,
infra/environments/.gitkeep,1,1,01ba4719c80b6fe911b091a7c05124b64eeece964e09c058ef8f9805daca546b,read-in-full,
infra/environments/Caddyfile.prod,1381,38,5f579f765e61dbe67f1266da61d1c53185066d131bc6954706f3f766457c147d,read-in-full,A2-026
infra/environments/README.md,1140,15,9bce7814e234ff16b9c4dfcd706775af730993c6e583b2560e0f4eac3bd8f9f1,read-in-full,
infra/environments/docker-compose.prod.yml,5478,157,0c9182966cc4226121f9fe328c9439473c8da07ca3757e5477aba68cacbc32a7,read-in-full,
infra/environments/env.production.example,289,7,df1a8639d9411ba1019b0abf156d2e12513eabbb7acf1f8ea3424e7d9e5601ea,read-in-full,
infra/environments/env.runtime.example,2878,69,5e23f1b801233f2953bb12fe304689264adf27c4b532727cdfdc3845337504b3,read-in-full,
infra/environments/main.tf,11897,466,97c140467c915c7e7a340e213ac5c2699bd057bda784f58692e896456171c8b1,read-in-full,
infra/environments/outputs.tf,212,9,3446280d469e290fd496c37e974366720d453e2e215c3794b2517015eac25fa4,read-in-full,
infra/environments/variables.tf,3066,117,1c0fa735dedc644dfdcc4ac8976dcd49f38b85b1d12f6c4cd411eae0a0bae455,read-in-full,
infra/environments/versions.tf,254,10,cedc1908a4023908a898aa48bad0b02edb52b71e4fc79e3bb56d308d6cae3151,read-in-full,A2-023 A2-024
infra/monitoring/.gitkeep,1,1,01ba4719c80b6fe911b091a7c05124b64eeece964e09c058ef8f9805daca546b,read-in-full,
infra/monitoring/README.md,1184,11,26ea283bf1e196f5b15a24fa72e965444bbec54782bb04f020ca49b1714a0bd8,read-in-full,
infra/monitoring/otel-collector.yaml,701,21,5efaef10e006ccdaab8f82cb187b8ee9c0b58bb408b8bc1adfd6d3b9f516a406,read-in-full,
infra/monitoring/phase5-rules.test.yaml,5595,126,75e04f03b7e420f9f5b7c2485bf98ad9126b1a520675baf50d8f01abea58312f,read-in-full,
infra/monitoring/prometheus-rules.yaml,5849,93,e436e9d637b2e7e908e1f46c19b39c3c4812d4a0f23d970fb0d2c16ef1009a11,read-in-full,
infra/postgres/development-logins.sql,3248,62,883c862cdaf9d1e1562bdcf801083c32aad88f40444bc42241432a7d4bd8553c,read-in-full,
infra/postgres/pg_hba.prod.conf,220,5,ad4390211103486b2ce393ed34a4e2b389a3d96f1ce4355f184b4ea2896ce3d8,read-in-full,
infra/postgres/roles.sql,24695,368,5fabf169cbcad659b9fc2afca878df4bd8ac4f0140c64ce2d0c71efb0dc45205,read-in-full,A2-025
internal/access/admin_roles_test.go,1287,34,29758d0dd06b0b0df5fd288c4f3b035940622dfb263a1a77a1db3995871136a2,read-in-full,
internal/access/authority.go,2271,59,882c0bffbd9c3137d6b76889c4a171feb46c745205cf78f2bdaa6ef7af349ae9,read-in-full,
internal/access/roles.go,7805,183,6b4e8576719d5b6bb267a1afbe688915b3a3cc81afc18467cc50a02cbb135cee,read-in-full,A2-017
internal/access/roles_test.go,1580,54,1a623bdfdac96b42e837b356f876ee7610cf9cdfbde754962b0d929fc3cc7067,read-in-full,
internal/agreementdocs/document.go,12439,132,4d4b3633e3d3e12b1d0bf8fa64b5bc62abaca077fb6857d128adfe0080ae9497,swept,
internal/agreementdocs/document_test.go,4235,77,d1561e33d5155cea801859bd89b0146fcbd5914bc923468388a2b4d2a9e07077,swept,
internal/audit/audit_postgres_test.go,1301,43,0cd759165fc9ab6de176926010735304f6b82135b53c8f68d5456b60fb177a98,swept,
internal/audit/domain_activity_postgres_test.go,2172,64,e5cff7594b653293cced8a29b077edc903e0a0c0915da7e22d2b4be84acc8886,swept,
internal/audit/store.go,8047,255,76355390b403bf276ac975d740e81b08383ff45392614f675fcc51e94ce14d94,swept,A2-002
internal/audit/store_test.go,1271,40,eb2ea9481401fad50131d395b5236cbeaba7d9b4dd861ffffd3a5964c2edd111,swept,
internal/auth/audit_postgres_test.go,3699,113,2dd681593dbf3c5efe0bf51922908815527838026f2441e8dd1ae32e0c477805,read-in-full,
internal/auth/fuzz_test.go,1367,41,c13aabbbc85a71b3d318bc8b9b9b179d9ea733941d1cfef0001510f365b35066,read-in-full,
internal/auth/postgres.go,29563,688,633a13450915c786e0c64f8f31d09e4281cd3a0796f19d930afea76a64e8a589,read-in-full,A2-005 A2-010 A2-015
internal/auth/postgres_test.go,811,32,426b9a66547def9adcc91cdc1c2481a3519254da3a2af7e61c35fa967a5da4e2,read-in-full,
internal/auth/store.go,21509,642,dbb32023de80bf80630147f7ffa1a30ebc2d49cc2d7b4c4bb699e7af02337baa,read-in-full,
internal/auth/store_test.go,10816,320,3e18bd8b115fbd51692a91bb7ef509e1e88e5776248f2f45aa6828402d23bfc3,read-in-full,
internal/auth/target_test.go,617,17,73ae4f80e6dc62a1d04dd540779c8ed69914d28953aaec846a3e607c717e041e,read-in-full,
internal/billing/authorized.go,22245,556,3a764ef9a05fc2c04e24e9cddb2fe6d00a8ac7153eb84371231bef97f4c57214,read-in-full,
internal/billing/bank.go,10218,225,d2ddb3fd8de67a0dd4bcfa62b18db5f975f08b3eab21c03914f87d749b684552,read-in-full,
internal/billing/connector.go,4456,119,f793df35d79e7268aa2142bbfd77084d76542c29cf9ad235684c3f8047004919,read-in-full,
internal/billing/invoices.go,15517,383,1896542bb8ddb3dc5a4e62b9c2b9e2d15a43ba86c8b048663df578c0b97d5e0b,read-in-full,
internal/billing/invoices_test.go,744,24,05f8fd1e380f8007b1e90717fb23fbe52560cb97f768d49f23d9a662733ecf86,read-in-full,
internal/billing/provider.go,1493,44,878d587c4d508dad5b4213eccc553f0b60af8c5eaa0c99cfaaba0d5d4ecaa451,read-in-full,
internal/billing/splits.go,6345,179,735c48afad3de06aff3666ab3413fed6b001ee49df1fcbd77948ae31f1f4632c,read-in-full,
internal/businesspolicy/policy.go,8740,170,07432678ec9ccba4d544b203a0fc3f61a0d5248927ec5bd614e155ee47c66405,swept,
internal/businesspolicy/policy_test.go,1661,48,7ce370d78f6374c8689337d75b96aa437efd0c20e48e643f0f9fabdc50d292d2,swept,
internal/businesspolicy/store.go,12482,377,118b168bdf26ad0e4259a5d8de2ecf8bed9fa8f3c3de7d9ba05da6d4f21c8db0,swept,
internal/businesspolicy/store_test.go,14816,297,90f637106126eecfc87ba04c8a0c2f1334b94aae69d765ad2853c723c03cacbe,swept,
internal/buyers/audit_postgres_test.go,12215,290,d6e88e1c305453db73821e47d131bbe746a3b64cf95a0c07a0856703f8298494,swept,
internal/buyers/canonical_identity_test.go,6469,126,96c1ca5d9188cacee3350d35ee4602eded8a4b5da27d743f63e920835fcfb819,swept,
internal/buyers/delegation.go,3089,60,5aa5f51e103fc13d9b82dd192501b52f3bb9f4a31b277c22556d4a8385eaad5d,swept,
internal/buyers/import_batches.go,11195,309,3ad27c5163a2ee8c3369f261c3b32552eef178afb5ce4500716d1519db78cffa,swept,
internal/buyers/import_batches_test.go,7827,201,70b72228341a53194f13bc0c570004b65c8a1fe8e566916979c4fdb737254fec,swept,
internal/buyers/import_replay.go,2056,50,5939767c913d55d6efe02975054e3e31555261f114a3400a5ff022098393dda6,swept,
internal/buyers/import_replay_test.go,1486,53,6f40d6d289a49b777d13227b6405f019911a85b2dc5f1aba3a55827f51ea08b5,swept,
internal/buyers/invitation_pipeline.go,2995,80,ba9042be54c1c30996e005d04531e8f0c31c86b77c0b809ac434b326c7da8f2c,swept,
internal/buyers/postgres.go,30888,654,54c1488c75e84899131d8a4d978dc9f307f28c690513fa2bc19373be71f36faa,read-in-full,A2-010
internal/buyers/postgres_test.go,2162,55,cae92988f0686a6ae82a97cee68242cd2bc9c7a46453082a254b324c3d2c072e,swept,
internal/buyers/store.go,25000,651,a46ee42dae894febca77ea599669e1cb2e84e42a83671b4f2510c58587ae0427,swept,
internal/buyers/store_test.go,3554,91,a54cd46a4dca5dcc8a32328ad889a4af690f193e9c428f531abfe8cc4a500596,swept,
internal/buyers/terms_import.go,15641,410,6d54d7582d6aadcd1f961e105977895b482923811b1bf4ff274864c2687a51cf,swept,
internal/buyers/terms_import_integrity.go,3889,108,e4b7489250cb7083559320afb6c27720376a4eb2ce6768983e21433e0ade82c9,swept,
internal/buyers/terms_import_integrity_test.go,3159,80,169c4400ff8b54f4df10cb984d269a963c3f39bc9aa37fccd20530702b123d36,swept,
internal/buyers/terms_import_test.go,2227,71,e4eac3f52ef845fc0ebd545029e431d3a0ac9c650da7ed848ba59d66e3754d85,swept,
internal/buyers/verification.go,11158,254,9960863b9b92fd11031ff55d130e4ae7404aa3ff37f8d3a5dbe8c43c5a665bad,swept,
internal/buyers/verification_recovery.go,4527,120,be475d893589d9eb32397454c1b312637bfe416430013904582a2aca63d37005,swept,
internal/buyers/workspaces.go,3178,91,020bc89f02316dacc1031894ebc9e77adf0af6f4c884752a247fac7a4ccbc7ce,swept,
internal/collections/adapter.go,4985,150,c8d9086050061f930cd3fab31195ffe7beea14ca78b2efab4deda2e9fa5c2682,swept,
internal/collections/adapter_test.go,2308,54,5d8f0c988e69a4c81006bf100977d9df1e126ae19c3661fadc5bc9d04c114f81,swept,
internal/collections/admin_workflows_postgres_test.go,10313,253,99897d606da9a32758b14c18b56f0cc5a410ca0c44407e8ac666f69af5dc0e6b,swept,
internal/collections/audit_complete_json_test.go,2547,79,1be8fcc7a0f4e46cab32bcc66ff08a04790439fa1ebe8fd7694425ca12d3bf8b,swept,
internal/collections/audit_regression_test.go,5153,135,cbb39c33c9c84140f66e4ce951e7f506e3ca500d11b52e15f9d5fe062891ed09,swept,
internal/collections/billing_postgres_test.go,9602,223,2b97e0c362ddc06e1bce51fb15a8f5161d1b2eb63af68eae9079e88ed18fe392,swept,
internal/collections/circuit_context_test.go,3703,92,4eede143f76c0ac144c88f67a778cbb995e4016d74829818cbfe3e4d97eb450f,swept,
internal/collections/completion_postgres_test.go,16340,341,b548a27919093cdfc1688666e0293cffc01005caf2de8ce6986029590054ceff,swept,
internal/collections/engine.go,32729,824,d2dad094a47eb9ff6bb9e4337ab1f517b64ba7df2553d2f1b747e62a78bd8ec9,swept,
internal/collections/engine_test.go,15491,346,f7696de5137c995a8214b831b85f118c782135baa30654ed0f0d803bc043373b,swept,
internal/collections/fee_launch_test.go,12945,282,ca358b8a6ed61d3a5b326ebae4583ba73638dcc5fd4841c8ef8688a5e8967eba,swept,
internal/collections/fee_policy_postgres_test.go,1301,34,f9e85b3103f28ef608fd5fcc46fd84da21a5296a0c2b7b1e13c11eec3ef15bcb,swept,
internal/collections/financial_audit_postgres_test.go,7098,187,5b66395f041a317387dd10e0c2a5339d62a895b7151253709a743728bc797fab,swept,
internal/collections/policy.go,742,26,505b646f87ac128ca2f1c22c9b5edf5e736d154706b03663663471036d4e3e9b,swept,
internal/collections/policy_postgres_test.go,1809,59,15f090bcbdcd68629a91cdade3695acc6c3091425a8b6bf6d4db29527fc49a31,swept,
internal/collections/postgres.go,22726,539,ba498ae150fcf01928deb374ec05dece8047c51bc201f58bf63ca054467509d7,swept,
internal/collections/postgres_test.go,7886,122,a69ded340dcaff0ba040f346901c8568714ed1729fee9955786eb388052a1a78,swept,
internal/collections/provider.go,7711,227,62362f8aee395d92eaae45a6cbd2b3be007bc06009c34d1a8148c84674d68d9b,swept,
internal/collections/provider_contract_test.go,1643,40,797c7431ed48458e4ead4ae5d8b4d9c03f4cfa4f02c67770f9888492742fd9a3,swept,
internal/collections/registry.go,15529,396,6ee674c17a55530d188324a377fd5d535f10e7c5097ca204197c0b40f0f4de33,swept,
internal/collections/resilient.go,6827,247,85a104cc21bf33b18e43f0efcc809d883a952654c162da81575ebdc67bac686c,swept,
internal/collections/resilient_test.go,4008,115,4bc18eb9533224a3e7475ca5e233016a49165e086fd01e9dfc8e3f3431bf0704,swept,
internal/collections/routing.go,8585,236,9329ffeb39f26dd86ff4fe2e104d44d16cb9734f2b0a9d83918fa300ed333159,swept,
internal/collections/routing_test.go,20221,466,2d3229882fd2ab38049f832d44ff4a948c34a44cc13b6c4fd8a81e204a991600,swept,
internal/collections/settlement_postgres_test.go,4639,111,6417f6769a4860fda3bd1141b25a54d55dc412765d4f3e774758278780318f1f,swept,
internal/collections/settlement_route.go,2462,41,37d3fb3361090465aa55e07fa12862df619437468757ef0eaddf1befe81e2ea6,swept,
internal/collections/sweep_postgres_test.go,16120,350,451f0c9e5fc51bd983afd5be4232c61cfcb6d368ea2e772f095f5f1599c2de79,swept,
internal/collections/webhook_provider.go,4321,110,dd7b91dd25a32deb8ef2182e1ba1011c3c26302fccac108f57509dc4ca5f0fe9,swept,
internal/config/admin_connections.go,9605,267,d41810d7e707c85f8c061d9757fcaf464dbfd081f3922d34c032ca55a3100aa7,read-in-full,A2-018
internal/config/admin_connections_test.go,11645,244,eb6f8cdc5d924dfbe4cad875de74b637e8505890f8f481376bfdf16b5a1ee757,read-in-full,
internal/config/config.go,39716,811,d64402eb7f8b95b99c568ab6802f00af31e08d48a5a1b267e7ef54833c7a0640,read-in-full,A2-018
internal/config/config_test.go,15603,355,c617a7a635bd8af931c50e96f52b6d2b377cae1b068642b3094effdd452f7171,read-in-full,
internal/config/mono_production_test.go,2294,58,c2cc46f2cd94cbb7e8c82f01e115066b547102c3d2da8b3473a1e8bd124289ff,read-in-full,
internal/config/native_collectors_test.go,1992,55,8610b1add9f7a245972964c7aa96071aee6032570a94f2d9267dd171ea0d8f7e,read-in-full,
internal/config/public_connections.go,2423,66,2a1d2df6e0fcf3de475f2641d00604c1e479b6b5ca3344f27fb33b82036c3693,read-in-full,
internal/config/public_connections_test.go,3133,78,f8f59cb2a5667781f4d843d0fb901cacc590961852993459b3a22e9549dbd202,read-in-full,
internal/config/retained_providers.go,6940,129,5347d4e22b07b48aee5e234144ca64cadde535478f659b40452ba9a71bad4cb6,read-in-full,
internal/config/watch_connections.go,1769,52,ee7983612a065dd1849402b7287e6d2296f8d0dbb6feac78ed47911c88fd71e4,read-in-full,
internal/consumer/actions.go,6868,167,39173350d25c9bab722c34342363aa8a71a6f79d39b8797fbdc223b21206ea7a,swept,
internal/consumer/model.go,7814,212,a640d8c7ad16b9f833891ee03d574830a5860ca9d01fa6b91bef31316d841dce,swept,
internal/consumer/model_test.go,4511,102,56de0c58dfe8b0cc3c4932f3c2c760b951f81f246f872d00c8b8facdb9614421,swept,
internal/consumer/notice_actions_test.go,1561,44,7c28dd5dc197b6d5977c2a5a082bf8396877b47ae0c234e4461721d212c2d744,swept,
internal/consumer/notices.go,5185,166,5d7b8d2bfa2e79a3c0a024d975f51ed1b00453d91a37588b11d5c19fae78d0f4,swept,
internal/consumer/postgres_test.go,11996,259,3a6929cbcc4419aa6d40f2fb8f241cad609f18d0e7db53fc0241af988570fe33,swept,
internal/consumer/store.go,16144,387,dce22ce172ed68189df473726445418bebde34f36c53c5669a8c1b657a476536,swept,
internal/corrections/history.go,2063,72,cb611bd15634da0f5be8c08570c8d9af3aa08762740ac42fb09e0e25849906d9,swept,
internal/corrections/postgres.go,7326,169,9234b37852182ab4ce297b8bba3ad097d2de64857c7c5617ca4c1dfbb3045956,swept,
internal/corrections/postgres_test.go,3871,93,9507c605d04a8b9e082d3dd4a38b62175cc823a46df017e4543f5751c69909cd,swept,
internal/corrections/store.go,5543,173,3cb421bd41f9f09ece94338dfeb66b7eb742f2f8b661332060b978510e73af7d,swept,
internal/corrections/store_test.go,789,25,8cac3a8ff38546d71a039d7de8fc38ca7001d1b55995a006460ef437b41cfcb0,swept,
internal/credit/agreement_bytes.go,1622,50,7a146cab134a150d1a9d1e97d27f8b3aeca6de3951f54274e071b6217cf16ef3,read-in-full,
internal/credit/agreement_bytes_test.go,1760,51,ca68cc96d5b2c7af9c984fb2475bd36b97c85da8a98991d212ba61522355f6cf,read-in-full,
internal/credit/branch_postgres_test.go,10465,247,6010a73a6f9e7655c2cc0cc24573aa87e32a42fba288a88d8eca80fc95f99ce8,read-in-full,
internal/credit/calendar.go,1509,39,46076b149598f29b41f5c1fc6120b6e744740f803139b4b1adcce23251732c1c,read-in-full,
internal/credit/calendar_test.go,2003,65,d5ea8307a7b96805d1fa30e0131e2de101d7349f99b274e179e4505240acdc5c,read-in-full,
internal/credit/delegation_postgres_test.go,4925,113,086aa76927a547bba9817996ecbc85c243fc66ae6f8f64f2a5bb2a82b1ea1e7c,read-in-full,
internal/credit/errors.go,191,6,f1e6ea283de88e578a46e7c9d7f58daf3a7d97830078a4f91de7da7ca7088684,read-in-full,
internal/credit/postgres.go,52357,1234,0e6e359ff325b4ece078f2532671ca2dc5530db1c69caa2d48ef754eb9f59193,read-in-full,A2-002 A2-008
internal/credit/postgres_test.go,861,21,1c80ed0b550763eb222299492682b8d4e30b1e76c6773ce38962e875672faed3,read-in-full,
internal/credit/purchasing_authority_test.go,5667,134,0538fd6c05c8791522a831a9bb232630e5150e4049bd36b92dd845d40e7ab8f3,read-in-full,
internal/credit/reads.go,3262,89,73095a03ed655ba0c31f025bdc820e64eb9b7efd184a16fe07fda2b4878ad8df,read-in-full,
internal/credit/schedule_validation.go,2361,54,5daec21956c626c52648948b29f4ec2d1d5007a1fafdf039961a3d36c4af5539,read-in-full,
internal/credit/schedule_validation_test.go,869,26,77f34cefe34d60db6e7619444866664900f35a8067d18ffba0959207d086be40,read-in-full,
internal/credit/store.go,59022,1337,e6b0277715c967cfab0e01b96410603555c9728dfcc8abeef3c3984a8ecb8096,read-in-full,A2-002
internal/credit/store_test.go,24059,510,eeea03164d83c3a3b2cf77b29aab399a858c30b9474357401667e2a878840a14,read-in-full,
internal/credit/system_acceptance_postgres_test.go,6485,169,0ce76f1b0eb6c5ac54279e01ff78fcf405fcf0851ccf30376fe1ca18e009a44b,read-in-full,
internal/creditapproval/limits.go,3205,72,f2c9560ac316557b56828fe093f838472bf253056755dfd1de75792aba985e81,swept,
internal/creditapproval/store.go,13275,275,0f2f24b9a13bc7587b2fae10a10e9290b1d3287a4cd143b043dd34cd0a41a4cf,swept,
internal/creditapproval/store_test.go,8328,194,0a3a534f9f148605ed829c3a92493e467490db4ca3595a267e29111f1d1b2d8f,swept,
internal/db/financial_context.go,2201,57,29525d197048039196f68bb599768519ed06e9299288bd3cb8dad0eb173050b0,read-in-full,
internal/db/isolation_completion_test.go,9096,117,a5f6c5fc0e92373b29e32c989f8ff359ed9b7d677407b3c922ca25a42f06a4b9,read-in-full,
internal/db/notice_permissions_test.go,2189,49,c332264d9bcec048edb9ccb20fc4bb715979679cab80a596ee74fbd094a2c710,read-in-full,
internal/db/owner_permissions_test.go,1215,36,f80bbc3c69481d40b12dbf96ecd2915f5158e3277f7c98d57730cafb5d2654e9,read-in-full,
internal/db/persistence_contract.go,12842,291,3854d4f4ad1ebac7f8cc8264e6682b15a3ee45c0740e8f819d7d97a2a6cfe208,read-in-full,
internal/db/persistence_contract_test.go,1476,45,a7c31b67e06106833556801de77eecb8c777c906cb78197c2460f563a468668c,read-in-full,
internal/db/postgres.go,7827,222,62a7a6c3c7a5229c135072336e853b37b5860ba6983e67ca6cfe8e546857b2e9,read-in-full,A2-005
internal/db/postgres_test.go,2607,76,880f86397f175e9eba524dc3eb2b447e5e0fea9a22ccc7ae42d776752ac8a4e5,read-in-full,
internal/db/relationship_permissions_test.go,3206,68,5bb7152cdee340a5972d626b86c1fc2577df7d2a13af735378ca06f971470c90,read-in-full,
internal/db/rollback_failure.go,894,29,4b3cdbc574cc15c3814ee234f9e63d88083f7d9e10979a6b2aeba6d8308619f1,read-in-full,
internal/db/rollback_failure_test.go,2315,78,b328bc5274734dfc045faeb58d3980cf92a09040838519f8bd038bfdc391a9dd,read-in-full,
internal/db/schedule_adjustment.go,4688,125,6a4b5eec7bf692c5cdc8c7b971f70c8d3a26d59d323198822e0b569b1afedf62,read-in-full,A2-003
internal/db/scoped_database.go,2665,117,a4cd8dc0522d99205b1b5f7d47f782a449f62e330ac4d9a1d4eed8c8405bdf16,read-in-full,
internal/db/scoped_database_test.go,2395,79,db48c2c2cdd2258b04f6cf159962a9f44b57b1e9dac89afeaf99d07d3f4b97d6,read-in-full,
internal/db/tenant_context.go,1550,47,15f16e3aa79d2ada969e2742dfe926b8035f916c8af5d3782393fbfc6c918f4a,read-in-full,
internal/db/tenant_context_test.go,607,18,e1792638b78ddafab956f7ca7e786e9302ad5049c788ca0146886af591bfaf46,read-in-full,
internal/disputes/ledger_posting_test.go,1377,51,ef9c019faef2b3ed352bcdb34502df0ca8efba31ae9a07dbae7f40537fab814e,read-in-full,
internal/disputes/postgres.go,16784,370,a6112a730622f3165b54cb4b91e61067697bdeff17300dbc5ef7baa8421d4ceb,read-in-full,A2-003 A2-004
internal/disputes/postgres_test.go,7165,117,fea5f9bb9a9428795f49bbded9b63ee462705410962b5b1f2ca4d8a8c00e5052,read-in-full,
internal/disputes/store.go,11614,290,c3af2440d7c1e597d5dab1dd50594bc8f6a92b48c53f9bd6f9f09f4b32a6216a,read-in-full,
internal/disputes/store_test.go,2108,47,88f3dce68eb338141568b04943df6f241024671320401e1855660f51af5cf40e,read-in-full,
internal/documents/audit_response_boundary_test.go,3444,95,9fcb31e05fc77162bf6877192daa5ed400bd90262a1242e8fa4a662975ec7b4d,swept,
internal/documents/cleanup.go,1713,57,9d3f72298e5b4433aa40a93f1f946671b52b1b88d815415cd6610f2aee35ade0,swept,
internal/documents/cleanup_postgres_test.go,2567,65,a53c9ef96a5faf48b1c1e64ff7babbccb37bf86e0c5fa92eccb2ee452cbef99d,swept,
internal/documents/identity_cleanup_postgres_test.go,4577,104,179e3ce7f502f22fdb797cc654cf68df13fba0a9aca1e18605eff7d912baccdc,swept,
internal/documents/postgres_test.go,3630,108,f163cc6b9f865f8b6162c4e0ce9e58e202c0ccd86f439d8cd2787deda3e30360,swept,
internal/documents/s3.go,6382,154,3c1d94fa15d764bae4211476c52c902bfd554ab813a7b3b31b3385b672b93cfb,swept,
internal/documents/s3_test.go,1322,39,3a5357835c671015c3cc8cff154cd1be392a63a026563fb48a7dafe8b4b721d7,swept,
internal/documents/scanner.go,6167,161,a1f32f55d040080f393e0a4b5bbcf5941baf4d5d23d8ff9615ca59ad38631bfb,swept,
internal/documents/scanner_test.go,3894,115,2023e8401cf6269e701183307e6db3597e8d8156a9a05d3c5e0327b989cbbbcb,swept,
internal/documents/storage_contracts.go,644,14,0829ad683f76a215fe2e7a4bcf5dd2235a435a8c71d797dc22aef02ff77b909a,swept,
internal/documents/store.go,24541,649,89c55bf00c777be62b58e85c9327fb70f04f3234f7d0140b33347bae0c55a28f,swept,
internal/documents/store_test.go,4277,118,6dea5755c6981163ab4734f8c183a1ca606cf4b596bb4d92741abb8a3ebf9c66,swept,
internal/erp/audit_reconciliation_test.go,3438,82,4c9c4616cffa47ff3193e5a46de830c26cccf372160c5762092397bc8a7a2ec1,swept,
internal/erp/contracts.go,4701,166,eff594cab00e2f26969044f31382e67361bec6f0a342976525aca3f11613444b,swept,
internal/erp/csv_text.go,984,28,432a193336745284c08c757c53a0aeee59bc48a5cd6ffa2f823b69f0a8e3e38d,swept,
internal/erp/csv_text_test.go,1616,48,8b6288b78a61c6c8bb5d74a5f9392e8eb961108c3d2857cafc652831fe6cb67b,swept,
internal/erp/postgres.go,3602,95,7edb2aec9a8a8e95164fb7ece05bb6c1629b1bc84f6f36d50a92140d061f9bad,swept,
internal/erp/reconciler.go,7517,196,2173f613045fd495b0d5986228aad1b51f50cb464530c2855050643ecd1b2ffc,swept,
internal/erp/reconciler_test.go,3552,117,2a8bdf24fbc55950484918318f7d7c10d3b242d18d7614b725bda555cf055c92,swept,
internal/feedback/postgres_test.go,1560,53,56754bab1462dd52289b03442934f7b6177b7453ca03a83d686795a35c108768,swept,
internal/feedback/store.go,4732,127,8fdf0bfb9ca956ab7f302338925eb74efe0cf437fcf68a9c49fb111d026de861,swept,
internal/feedback/store_test.go,1810,47,1de44e5c88bfb6ca34312f3862637cdb211c95d6894c4883c7c0dc0ab57a65b5,swept,
internal/idempotency/completion_integrity_test.go,4698,142,a2d7399abb2655a21b2a70353fc03093f88d03a7ecfa371610dac79fda293b63,swept,
internal/idempotency/postgres_test.go,2154,68,c620ba965da500c59d833004e98c435bfe3d4df6cc64b9d71e35bf980510afaf,swept,
internal/idempotency/store.go,6217,173,65371708900c100a73a277c407873b964f853460bfde04e652cbfe3468068961,swept,
internal/idempotency/store_test.go,2496,74,cf7aff5d42711f65ff34fd3dc1d9db5ed5ad6c5a4469beaaa0c1ab8bec2d1736,swept,
internal/identifier/id.go,1372,38,caf4dcccf64b711d26f10d077bd4dfb1c9df820c94daa7d14c039d3747d4a844,swept,
internal/identifier/id_test.go,1460,60,b14b214c4ebe2085865f0da25073975e846206de6e39c28c9595caacc1b9e8c8,swept,
internal/identity/audit_complete_json_test.go,2802,85,bcde155a357fa986430b62b021b29927e6d267db94ee997b82e83f06be6b37ee,swept,
internal/identity/names.go,447,18,018df518052b4a2e77537f83f2cfff2248a979c85cc28badc8b494edf4982c00,swept,
internal/identity/native.go,9057,211,363c57a8d1d06e7f5dc5d1d1bf6b9ca493717ec07fa3fda547dbeeb5705af08b,swept,
internal/identity/native_actions.go,12497,281,f7e97343205149034f296dfb3ab074d0582c3590538f65df78d2770ff9209471,swept,
internal/identity/native_test.go,7715,189,cdacb93ce126b1b385e5ad52ee1b5510e9a8df39f9e247c09413f753259c236f,swept,
internal/identity/provider.go,6985,192,4274faa493fd5ee502be64c624adf666c8f722f8a4238afac45a0857fb640dd6,swept,
internal/identity/provider_test.go,1137,34,cf7afcc0ef56748364f688d2bd47122fe5031583e4422d426d673af360943d05,swept,
internal/identity/routing.go,3248,95,9a73319d6a803399c238244f943c6b47125c308a696bc92f09b3196658ec1d38,swept,
internal/identity/safe_result.go,1321,41,c6f0a3aa2b1a177213b4390bf55281effe4c356f4b0d5de7ab402452c41bc164,swept,
internal/identity/safe_result_test.go,875,20,d182239e5995e8acd59a43a069f851a8a7d504783e7ba9f13a604107b0117b39,swept,
internal/identity/webhook.go,5346,128,6bc5e5aba27c10b8ad98fbf92cb10374902ef7e94958512dda6597acc585b669,swept,
internal/jobs/client.go,23504,640,d28782dc62c7059b0922169aee5ce5c260076785336f50b86b300930fb895830,read-in-full,
internal/jobs/client_test.go,797,27,a3b8c447c62e19be3dbf888f9a0aaa569515925368cd949e23ee14c07db7dd13,read-in-full,
internal/jobs/collection_requeue_test.go,3378,95,2d4501a3cf5f15ca53a3ee8b3e31e05635f1cb53f8e71059ebff8da96fee5538,read-in-full,
internal/jobs/dead_letter.go,1601,39,6eba3367a5136d2187196aa0e8a83409844a8c2c3dfcfce3c2927aa88c5499e6,read-in-full,
internal/jobs/provider_inbox_postgres_test.go,2775,86,c5a596b6273b6c8e73337d59eef8c0dd6596c6a1384aafc9322c52f480d2b73b,read-in-full,
internal/jobs/reconciliation_postgres_test.go,1225,44,4d931aa14974dd18598060c7f0a0f58e540f2a7eca2bcca035a12abb7b6369e4,read-in-full,
internal/jobs/telemetry_test.go,708,22,1d77d7c7a04eb5f14da9d4ff0cc5a70bcb59d42b4b9ac21968aa0475b95036f7,read-in-full,
internal/ledger/audit_regression_test.go,908,22,3ed06739bbbf22719fbc51c55a4aeb003322342b7802db9095e039560f552dd9,read-in-full,
internal/ledger/consumer.go,4034,104,0f202eb5053a93bfe8f4708c9e8823a7efe6d64fa461bf636712895994ddbe56,read-in-full,
internal/ledger/consumer_projection_test.go,4609,134,d02b82e7b32dfe00516009ad401c312ffc2d861df5239c511d1526455af36c01,read-in-full,
internal/ledger/fee_terms.go,3881,111,53b2d641f848b3bf906f22461b23a00374173081270ba9c1e1dfd4fd2b62e1f6,read-in-full,
internal/ledger/fee_terms_test.go,3331,88,1a2551c4f705286d571730e73b2e1ccfbaf16a42e30f25130bce4e0494c0fc0c,read-in-full,
internal/ledger/postgres.go,17004,373,84c070a0b875e09eb4ca2eba27d8496cba22ae4a3ef7c967024ee77845f1fe04,read-in-full,A2-003 A2-005
internal/ledger/reconcile.go,1972,52,0e44f718b4b91d29752b707e7049865d6fc9e0db57f4562aa73d66df2eacbd93,read-in-full,A2-011
internal/ledger/reconcile_test.go,1203,44,de1a745bc3aeaa59cce8c86ac4d96df7983768fede3e891689756b4948a72080,read-in-full,
internal/ledger/referrals.go,2074,65,194e878bf441c8137b18b40a223755fa4d0411d65a20974f997db5c333019c02,read-in-full,
internal/ledger/referrals_validation_test.go,2517,70,a05de85c7027c3437ba95aa7756473abe42a8882deda769cee4ca0dd576b958e,read-in-full,
internal/ledger/store.go,13995,310,07f9bcd274ec97ae14f32075c500ced2dd9df206d414361799856d5666bb2155,read-in-full,
internal/ledger/store_test.go,4244,133,0ca87485498d8f7f056cc2b9e37ca84bdda2d437adf2a90c4e251e09cc1c34cf,read-in-full,
internal/legalpublication/current.go,1878,74,0549f1314ac181379a2212193cdee564c3c6b13ecfb47be1a30ed34e22ebaee1,swept,
internal/legalpublication/current_test.go,2144,58,329077a6ee378f6110c370c6a49ad0cfa2b4f964324ca4683626340b6dec2cb9,swept,
internal/legalpublication/versions.go,282,6,e4756289abcc66c816caf8e2ee177ac41fd547512e6613f9b7e9580a811678d0,swept,
internal/mandates/audit_complete_json_test.go,2538,79,e422092fe586c6d622b94eed299f90e2f41072e274010660259b8bfad08a5df4,swept,
internal/mandates/connector_contract_test.go,3570,100,56899f26f227e9726cfb04e0cfeb0a8a58769fb75a5e24067edc1de8b4daefe4,swept,
internal/mandates/paused.go,1427,36,a8594ab65d3213c62df21e1dd8bf271859f26a3dbae737137f873bebae511035,swept,
internal/mandates/paused_test.go,834,28,27d69d48f2d6aa773161be0881c2ea878605f5055af96f053c69302e039079b4,swept,
internal/mandates/provider.go,26457,575,3c6ff011bc0005319f220c9075df662f6b8c1cb2fe83164b79e83447c8ffe53c,swept,
internal/mandates/provider_test.go,2062,48,b75502c63b2fa9bfe9cc2c3edc489fbe39451da87cca69fe9fdaa420d6521a4c,swept,
internal/mandates/reads.go,2794,75,b7b99568cd850ee3ec82216a73f856c9962bab3c6f1ad8a9f736a019d41b426d,swept,
internal/mandates/recovery.go,4234,111,08b4651dbd0978ce749813eb3f3bbd65b00a66223339e9d2cf1bb494199e820c,swept,
internal/mandates/routing.go,4094,126,f6699307d2aa55b4afca046e7d58008affcfe66b7b870aa5d07fefe80df0ac5b,swept,
internal/mandates/routing_test.go,2807,76,baf75488955ae27ef69f2799060cb361744d3fe2881af3f88eda761d08625356,swept,
internal/mandates/sweep_postgres_test.go,5716,140,1563751d6068bf7e2c49cc46d7ef1f8426826fe3706866dad1a14225cf5125ed,swept,
internal/mandates/unavailable.go,977,25,506a1890ae7e768bd634a17a5a73de0967b1772e19780a3bfd100e6a011c3fce,swept,
internal/mandates/webhook.go,4827,131,5ad6d4cc3724c598287d864400a3094415ca3219d92ab6c1636cdfd1e3d63afa,swept,
internal/networkops/scopes.go,3990,91,c3769704d14ce39e9e791713e75564ec191c0709770b1e68a6260dab17387dac,swept,
internal/networkops/store.go,7783,183,6860bb0088f3057348a2b78ff983c5b6c2cd75527cfa8a934746751dbc8517ef,swept,
internal/networkops/store_test.go,5364,130,d92767127cd8ec8ee0a55d3ca628678e8cd7744f6916ef713c853464be21fd81,swept,
internal/notifications/adapters.go,1291,46,8a30da9ff3102baea362c68b306dfd7faaeb73f622c4f634245615336be7fb08,swept,
internal/notifications/audit_meta_media_test.go,7248,176,132d153fea0f947b5a00e55e4a3e08601cbb56c5551d9785ec71aa483897c21f,swept,
internal/notifications/audit_response_boundary_test.go,2468,73,bc27b68b11a20ecb3f5da494a0efaa75e07033200ff031f78cdcefc3ce45d447,swept,
internal/notifications/configured.go,4227,119,0337e0bc6c78434592eafdfa34454756c8bea5d334012cd0427217e5a8158fd4,swept,
internal/notifications/configured_test.go,3098,88,ee921d694ea6ee12ca2506806e4f7d899ee14bdc54a27e163c71cbbf3f80144f,swept,
internal/notifications/mesaj.go,3977,113,b224b08f9f79c7c1cc148a8a4ff3b4704bbc55acbe3895ae1ad5045d49e48eee,swept,
internal/notifications/meta.go,5850,137,a94b98ef0a6ac287e24515fffb56cacc1fc978f1a2740083b3889fb2a42b0284,swept,
internal/notifications/meta_media.go,5134,123,e51a886aae1366c4cac750a9b3a53f189fe11bdd8bffc174980729f321b8e303,swept,
internal/notifications/meta_receipts.go,3773,113,1251de548bbc71bf31936728b8e3a01cd05a916f89c5d489fc4aa7624098e40e,swept,
internal/notifications/otp_routing_test.go,1560,42,4064b15c87a112cfee04d82bd191e9987136cb71dab4227c669f8890a65f0384,swept,
internal/notifications/postgres_test.go,11731,267,b7c8ba91b331f7b81d82e402ee686f840388da6f12e253010c420aac82437c77,swept,
internal/notifications/receipts.go,7555,184,4ade9fa91ff7f375a0d66554d896f708ef6d341beb65b635a225662dc3f249dd,swept,
internal/notifications/routes.go,2287,61,99d9f4352583eeb7717cf9f6eab99ceca3953710cda654eb335fe8ac6efb7c71,swept,
internal/notifications/sendly.go,11312,261,223ae2ee7cabe0bd940b4fd6506831fd5239e7d11013a6d18325125de3deebf4,swept,
internal/notifications/store.go,45323,1039,2bbdb049f90c296bcfd7e28f2e2553f46d7b0cf25c7e260ba93c4685f00dc3e3,read-in-full,A2-010
internal/notifications/store_test.go,9959,215,671d6d647a306bdd7599cde5659b137fd87ad00a3a8b869e1749e4fb8011a24e,swept,
internal/notifications/submission.go,3015,85,2ef1ccf46fc0f9233505b546f14ee66715be3e25a284d55f62c67bc4e256821b,swept,
internal/notifications/webhook.go,4641,117,bcfd01ded8a5bf1c9fa8efaaaf0ad35666ad4c3ae03a382d6dca8019db903c2e,swept,
internal/notifications/webhook_test.go,1323,39,2faf655c34e3322a80c404a696f4ec5dc8b5dcbe36418c5a252ab92a49f471af,swept,
internal/observability/financial.go,2337,65,3424e250b3fb50308ac54272b2714399054c690d2ca1b1afbbe624d65ea353ff,swept,
internal/observability/phase5_financial_integration_test.go,2140,59,c71f8fa64ff0b7906341a4b95bfa78e5ad4247392d439804a3fc4b1fdccab7f3,swept,
internal/observability/phase5_financial_test.go,304,12,7c0ecb1b64f047e3d73f9855f5f07bbc624b11fd70760581100f802fb8512814,swept,
internal/observability/store.go,4231,142,057fbb02d859d6ee0f50b7506f39ae77afac0849111fefafce74e8f2f5f78f39,swept,
internal/observability/store_test.go,1840,52,fde4d29eb54787b381ff4b695b4dfb6c205aad14d158489e81d54d8c1f976c7b,swept,
internal/observability/tracer.go,2617,80,2e733059b1a8a321608d857448a7a2e5677129eb4cdf88b28427aacd17e7840b,swept,
internal/observability/tracer_test.go,745,25,d5cdc31c072941b765ea03d151456a95e0bca42e61ed14bafc39eda29ef17f21,swept,
internal/onboarding/postgres.go,16833,320,58b9471a3b623b1da959d0fe489dc5e5fc2b747e21b55c3eeb5fe292a9027d0d,swept,
internal/onboarding/postgres_test.go,3584,100,051dd282792cf0c4fe21bf46cdb57ceed6704e43a0e2629f65ea9ae9e2380073,swept,
internal/onboarding/store.go,22582,464,e5436c93919fd0a19a039f468770320d5f3e260799c1ead95bf4828a00f4c81a,swept,
internal/onboarding/store_test.go,7108,177,d03e9b1eb2e25e6d032bed568374d213efa1908c851e4b322c7e4598479baab7,swept,
internal/onboarding/trader_test.go,1540,41,6354fcbc2b6d96595603652fe6b8f0cc4c348881cb5fff1ef572c34aeb034ae6,swept,
internal/operations/approvals.go,14861,392,21f6d48d1a8bcdb568ece5381558377c0633895c66ab75a807e44523820a1a5c,read-in-full,
internal/operations/ledger_posting_test.go,1400,51,d572c012d41c4b07430c62fad2dea1ee9130c7b1336a407f43ebd7491435b67c,read-in-full,
internal/operations/postgres.go,14310,342,ea0c269b0164592819fdaeb8fde54306b1f7ba37a120b9c6d8a22aa595f050cf,read-in-full,A2-003
internal/operations/postgres_test.go,5616,90,608e3d4d327c3a4f759455d1cdafcd5bf580c79915500d96866a0075595754f1,read-in-full,
internal/operations/store.go,4901,125,314193e9749151879c9619b772adae87e510e706637e056f067af7dbe6bf1942,read-in-full,
internal/operations/store_test.go,1708,47,e944ac25a04ec848fa64f84d62c380f291e3bb63820444a1df87794f60b76976,read-in-full,
internal/orders/audit_enterprise_postgres_test.go,1983,55,8455da2cb5e9082a8c59fad6345a94cd608b5e8f9ecc262a716f1b64c9b478f5,swept,
internal/orders/audit_erp_postgres_test.go,2835,70,a82cf16a8d53794a6d10718d6aef85c5073c9090bd0f82be4f32b79bf7654f95,swept,
internal/orders/audit_postgres_test.go,20133,420,08cfb5af762873349e3cb36bee53e582b8103a3ee099cb583c419ae8e948708a,swept,
internal/orders/audit_split_reversal_postgres_test.go,3149,78,eadf2e0b6da616b0511a038d2c8681f0997edc074363dc85e7e2c6c148a254d3,swept,
internal/orders/integrity.go,3994,94,d25772bb0097d8f82b01b601600f55cbcbda088e79392e592321e2a7eebf9223,swept,
internal/orders/integrity_test.go,3262,88,7b51caa399122ba9eb00b0dbb0bfe8b8ad8528bfb3bd6cfed9b062013f160cc4,swept,
internal/orders/orders.go,24976,680,969e118a086b28f50077b25bde19f487d7e0f97101d1c758bbeae7d61a4f2cf3,swept,
internal/orders/orders_test.go,3215,106,d29dae4a5a789a44949abef70cf17033e910bd58a0cb624ca72fc76aad2399a6,swept,
internal/organizations/audit_postgres_test.go,2465,67,d65d03c741ae462b40ddb28ee476f2c991ff7e261fa492457b937d006ef3f2b5,swept,
internal/organizations/invitation_lifecycle_test.go,3665,117,0b4d85007792fd109cef645b2b8f2b9b7670d23df919ab2641c7b861ba11c127,swept,
internal/organizations/limit_postgres_test.go,2175,66,e55b4460ab84d7ec697808062b5136b7e50530114043bb234ce3c748218aa9fc,swept,
internal/organizations/postgres.go,23804,555,c297b34ae3ba391a68bbc2d9c9eb3bcc36f55202c7e5251b76c55ce5f87d2d79,read-in-full,A2-002 A2-005
internal/organizations/postgres_test.go,1164,38,e820f16cf5860e3684b2a5f64aa37d7ea51be09eecc3d2714c002b57bc3db41c,swept,
internal/organizations/store.go,14647,410,696e7dc476be9e590ac79ee6138ebaf75a3acce7522c0c17d45ca80173839c9b,swept,
internal/organizations/store_test.go,6185,155,37f2de9f637458aad52d65e18d4647b6396a67b8a012c39c40ff4c0003805f19,swept,
internal/outbox/dispatcher.go,2596,82,2f00503be40a5cbe03fe861aa9212c7b9fdef4501aa312797b32130605455d78,read-in-full,A2-013
internal/outbox/dispatcher_postgres_test.go,4670,138,d7d6a216695bf941aa502778251319502a3b234f6ab54c9092ca653bc5391a8f,read-in-full,
internal/outbox/dispatcher_test.go,420,18,a39022bd0a07051edce0c23b090112a1d6f5c4a7bd1554d36568697138f0b444,read-in-full,
internal/outbox/store.go,6012,150,5674dd3469e27e2e5d318ea6f89dc9cd6aaa82db3ab8a17556763c01f291dddc,read-in-full,A2-012
internal/paymentclaims/postgres.go,12735,304,7304f6a7b2805418f39a11cf716e67eb6dc4ce81eb9b5e64f1700da0211dd468,swept,A2-002
internal/paymentclaims/postgres_test.go,6779,141,c989854dc8b51a888602f2e2b6825e17d4bc2c3579a996ebd79ca2a9697b9103,swept,
internal/paymentclaims/review_replay.go,516,15,99ac03ee21eb651cc256d4faa16fb04ba2557adfc969e167cddb9e45523cd0e1,swept,
internal/paymentclaims/review_replay_postgres_test.go,11112,204,9ad56c5af396ad473650f8f7b085ecba62e252f5e8361a17537479afb308ea1e,swept,
internal/paymentclaims/review_replay_test.go,3450,93,7865d6083ddc0fe8c32874a23d5c5c17b011845dcc77ef70ea381832e0e09423,swept,
internal/paymentclaims/store.go,9579,262,964dc202283a8ddc012bfae7e8f27771e2cdd46a963574e3abef6cdcdee66532,swept,
internal/paymentclaims/store_test.go,4342,104,d8d0497e27a7d109b20614a53a12609acd498ffc8518081a9382c2cac3814c74,swept,
internal/payments/audit_journal_replay_test.go,6808,165,cfac7cbc07e11e51265aa0741f98a89f8f3f65b47d6ca17f2c3ff777b97b287a,read-in-full,
internal/payments/journal_replay.go,1646,40,776de7a36388ae2a03d6dc6c4c85038e8c37ce3ad7137a56eec869001ac63e7d,read-in-full,
internal/payments/ledger_posting_test.go,1428,52,69d2055c257f93a1e43b1a0f0df1bfbf5a725e33a8afeb4ae9e52b0759ac3e40,read-in-full,
internal/payments/postgres.go,27526,628,dcbdf4e0106a49012134ff71611f83df51f80363c659eed3edd3ef3aef8bd15e,read-in-full,A2-003 A2-005
internal/payments/postgres_test.go,13833,256,85f929a838cb98c5047c8203d798834b716ce2aba707fb86ab7049f7c3e72021,read-in-full,
internal/payments/receipt.go,1567,36,78acb991dbee99acccaf77d1c293184e9024ae5cb6e8ce13cf64c755a5a1eaac,read-in-full,
internal/payments/receipt_postgres_test.go,1802,55,022ce836f9d382b96ab16a3deaa593bc543ce03e59323f043188d4840d2ecd51,read-in-full,
internal/payments/store.go,17987,453,36e69a82a6fcfedcf0e2c28fe8fbb534f3888020b059463d944a97f2746469e6,read-in-full,
internal/payments/store_test.go,7722,141,e9e0a3bb5cccbaaf610885744270e10f1617cc4de7d8893a9cba19b9aaef1629,read-in-full,
internal/platform/httpjson/decode.go,1055,30,e88e102fa1dae1aea91e5dd84c846257715983dcd9be9621c13f46fc8cda7b69,read-in-full,
internal/platform/httpjson/decode_test.go,1357,52,65abdb1325c9014d77cfb52bf3609dfa236265ce890a4c81a5dbba01cbb6d5cd,read-in-full,
internal/platform/logging/logging.go,4147,121,7a15495b7650fcc786a0983d96897c8d2b938ae5075c850ff2eed8202703d59f,read-in-full,A2-027
internal/platform/logging/sanitize.go,2131,71,198b11aefde06617e851842b68279dc2607811ac0c527a83b945dbfcffc222c7,read-in-full,A2-027
internal/platform/logging/sanitize_test.go,2520,64,2fd3c5d909314e3f759284773e3eca5769337761adf05f7bfaed62d66470993e,read-in-full,
internal/platformops/controls.go,26381,517,7370550ec4f25ea7adec92b2ae754e022fe411977de1596e5f7354e59f67c3f9,swept,
internal/platformops/controls_test.go,8876,190,27eb48b94dde1a39ae056cc7b69532a11d6dfd4cf3b748d4f6a4a43b70e5ff46,swept,
internal/platformops/directory_postgres_test.go,1380,41,cddc6a6575e5aed8c605b0b5f30d2eba9bfd67cef378b028a20d55a28afe9785,swept,
internal/platformops/external_commands.go,6714,151,c1e0b46b923d7d78992e237f649a36fa5a45e73e245b6fcd02c81421e69e4111,swept,
internal/platformops/external_commands_test.go,4026,95,e5acd0cd7d26dc4098030eae701c7ac5bfd019ad69476519a9569bbdbb099721,swept,
internal/platformops/financial_review.go,5638,141,a2e649ec29e32f0b2e492aadbef519dc6f7397ed345c7cd648d5fb8a3e2b2f03,swept,
internal/platformops/provider_work.go,440,21,f8bc176019e4a693830f6f23b30a520c314602a61a4a8b36a612cf9f6f0fe17e,swept,
internal/platformops/request_recovery.go,1531,49,54af838827dd10209f5bdbcf9d53823db52aefdba28ab5ff68ef1e7889884d81,swept,
internal/platformops/store.go,21996,569,440bb0fccbd64f0000184947ac4ee64b3bccba5eb74073a5723e42a8940334d8,swept,
internal/platformsettings/connector_test.go,1201,33,22e01445f1392f112740504db2b393a3092af8caef0f266f864fb77335859e43,read-in-full,
internal/platformsettings/crypto.go,5854,178,f89f77054d4d94b6a8d4bb5e750d95f38a009c12d7e9bdd092f69d477104902e,read-in-full,A2-010
internal/platformsettings/crypto_root_test.go,1092,32,6174d9851c8a61e9bbf2790b0a5e4c7f72aa279a86d01ffd112b60da5ec4aeb5,read-in-full,
internal/platformsettings/guide_catalog.json,1036,14,69c360c4c6ab3464dfabb25b44ec7a896e11a9b61afd0ac98ab222d83ae1f301,read-in-full,
internal/platformsettings/owner_lifecycle_integration_test.go,4188,106,38180f89cd7565bf2bdbab85d54d7863f1f29cc471d6b1dd4efee965ca3b5aab,read-in-full,
internal/platformsettings/registry.go,9222,232,bd45293da879491b146ecf98d1a87a1bf5359cc08b02a81eb156e99b410865ec,read-in-full,
internal/platformsettings/runtime_connections.go,7182,146,97ff36326509969d2fffcb362596b1da93b0d7fe226f1f7b89582c5e397977e4,read-in-full,
internal/platformsettings/store.go,16390,502,04138f53238d3876d6afd933bc3446ae5eb7379e7886f05831b6837a921047e0,read-in-full,
internal/platformsettings/store_test.go,11080,296,5f238d31a9c4fd287e454abaf37d44fa9ae99dc96d2faf9d9e57b20b30cbfa8c,read-in-full,
internal/platformsettings/website_content.go,5618,158,21561182e8d01064c0fe3daef70f2b8492bd5abac2b08d64b28aa57b4ff24cac,read-in-full,
internal/platformsettings/website_guides.go,5647,174,849a5e4c258dc3000a300d3c18dd43fb54b8c7baeb58462a094ab392512baba9,read-in-full,
internal/platformsettings/website_guides_test.go,1995,42,a088a364505d5214dabb08df322aa4b0d0aad734f8184a372e0da77fad9db480,read-in-full,
internal/providers/bankdebit/enrollment.go,9366,261,64c47f9ca0da8d07774905486c1f99df621d804386b40224cefbd5645c3655d8,swept,
internal/providers/bankdebit/enrollment_integration_test.go,5901,158,b8d71f36f64832a596a2bc37d19a82fb7deb6c7f7f5f778a9826e3425f20afd5,swept,
internal/providers/bankdebit/enrollment_storage_test.go,4153,109,553fb10c4c7a3ae3f2940a5d2c2eab8d57d6b79ecc7905d0c0dd38f9124cc182,swept,
internal/providers/bankdebit/money.go,607,22,42aee892ee7e469c43566954c60af06aa690d35a6e11125c4486c87b7f3c25bd,swept,
internal/providers/bankdebit/money_test.go,447,21,5ff2103ec1b282f9c301640484170243dd175d8934f00bc3cca3c06610efec37,swept,
internal/providers/bankdebit/notice.go,566,22,8546958c7194e3735346ceacc2c35031d87b9cb1671c3194a05a99af4c036056,swept,
internal/providers/bankdebit/recovery.go,3721,111,3d429c1df3b0c3a01de92200296c8223c9bea16c171301fa281f7c29fc78617f,swept,
internal/providers/flutterwave/audit_complete_json_test.go,2540,79,889dccee5e9fc3acf8b47ae160ee63c49b601a953be11c4800cd4557a6bff11a,swept,
internal/providers/flutterwave/banks.go,1233,14,ed81cd8424d4b047b02f6e622c727c54f100cdd2e023c349151c7099d367e947,swept,
internal/providers/flutterwave/flutterwave.go,14339,374,a6f43198eeb9dbe02f2d33efa907737fd9c41723dcf86171481a14e1b625850b,swept,
internal/providers/flutterwave/flutterwave_test.go,4443,111,6707e7442d127294b23e2a3ebdf2ba485edef4543612699faaf7a6e76e0869d7,swept,
internal/providers/flutterwave/settlement.go,1794,43,dcbe8b02756b8e45eabf03cdcbc1ceb7947a1ee8a06054aab49013dfded71c0f,swept,
internal/providers/monnify/audit_complete_json_test.go,2560,79,fd6676eb6620223d7749c9bf28f37dc9113a8830710f142f72495169464e3bf1,swept,
internal/providers/monnify/banks.go,354,17,7a633d0f3f135aeff75d0153d1071f6d5573d567cf4f1e0fdb772a5d9a334813,swept,
internal/providers/monnify/monnify.go,15848,418,a3ade30867b154d2840dbc49dc902924d0476dce31b5bb78adfbf8638f940a5a,swept,
internal/providers/monnify/monnify_test.go,4135,101,0375b7401eb43d3c8affa4ebe86c74ddaaafd946448bf06fc91cad739bf6aded,swept,
internal/providers/monnify/settlement.go,1477,37,2916eebda218737eb0b0267a08ab852425587a3454de78ca48f94112ea97fe1c,swept,
internal/providers/mono/customer.go,3608,95,363408a7137b82dccc65f4abfc3cc6321e96893759ce11f2754416d43501bae1,swept,
internal/providers/mono/export_phase4_test.go,427,16,44784d71be15961aec90f97a47bc8fd80cf69ce97c2e7ead10749a19410ea60a,swept,
internal/providers/mono/fee_billing.go,5621,119,3f93aa1d163bf9946759ae628de90bd419327883d7fbcc9dec37bb3ca9b35e5e,swept,
internal/providers/mono/fee_billing_test.go,3205,68,83c1b20d8e7cf9d08b448b801ad314f9d047ea72ae5584797016a77184eef823,swept,
internal/providers/mono/fuzz_test.go,1873,46,7a3802f93c88593a2589073c7f312030ec7f870710cc34bc0a5b921d21acb0b1,swept,
internal/providers/mono/hosted_url.go,391,14,5713381a0ce7e3a55ed29f612ae99b06a5c10941dcc732ea70e17b8eb6374add,swept,
internal/providers/mono/hosted_url_test.go,595,14,ab1b7a751d83d5df9231a4ae93e51d7503957ecaf4e3e102efc1039c61cc6def,swept,
internal/providers/mono/mono.go,18065,394,b7ddea3475f456970500c079c28289e920f63d6de0ccd0349626d51d090f5a1c,swept,
internal/providers/mono/mono_test.go,10817,234,047af608376a20f27ef7e8d7a809104074fcd320f2b38da6c63073b9fa8dd06f,swept,
internal/providers/mono/phase4_contract_test.go,12144,264,973301ac2f6c1ed22fca49a97071d0509fa563d132dbb6371095f9d4c2008439,swept,
internal/providers/mono/phase4_persistence_test.go,19456,433,9d427aeb1121812091277097b9e3cb2d9c721c1db0af1c823ee30dd95805d4b6,swept,
internal/providers/mono/settlement.go,2149,61,fde101964b2b6dfb0ee9e7fa126e677e0029297f9c197f34969cb96b5446ecf0,swept,
internal/providers/mono/settlement_test.go,3743,92,01e5e1e689bd83304e09fa46c2d83471fcb1db7ca3fe9d4912fd66331dae945c,swept,
internal/providers/mono/webhook.go,3988,94,edec3f8beb3a789b03fcf43d6753574d5c3085d7de0b6ad917c7289af5a02673,swept,
internal/providers/paystack/audit_authorization_url_test.go,2447,61,b96d748527a691889d4c57e7bafdb55b538fe72a655233c031cf84dfb1158a49,swept,
internal/providers/paystack/audit_complete_json_test.go,2529,79,c82da70ea3a482f5d315ed575cf6b44905a247e57a7b8b69f3cfe1ae24af0f1f,swept,
internal/providers/paystack/paystack.go,13015,322,47cb7a5e5e27c1fb34c5cede21b9e04b8a58720a4a34885deb075798a3cd3aa6,swept,
internal/providers/paystack/paystack_test.go,6665,155,12235b114a256942dac411b2c1263171c9c402d6202d0cf0f2a8b1f749b23a3a,swept,
internal/providers/paystack/settlement.go,2252,59,7a6251b2e93e7f27b0586136d1c5363c4ec6c54ff6b30afac97277c9c0470da9,swept,
internal/publictoken/audit_token_boundaries_test.go,2259,68,55fd4b09f471a1d5cdd56224a1de8f4fc54b78c6ff11762f0218176b9c8ee184,read-in-full,
internal/publictoken/fuzz_test.go,2168,62,16a24b63197c67e3b55caea49701f272b6e72053681cbc8e3c4e5ec570a7c1a9,read-in-full,
internal/publictoken/token.go,2478,76,6952518a4a393f108fc874bdf58539551e96687cd790a1cba2b41cccec8a2d38,read-in-full,A2-019
internal/publictoken/token_test.go,681,23,58f35edbdacacd91645cf288828582c9644f20c80096593dba223723ae046496,read-in-full,
internal/purchasing/delegations.go,5892,138,eabb80cd011710bdf327cdfe86689001d0e3bf1c5b5f34fcbb31fa6d6ea0a94d,swept,
internal/purchasing/delegations_test.go,4727,132,b237ddb923b26c4a52525c412900092cc86d4586121cf255d34d96e0a325d49d,swept,
internal/readiness/readiness.go,4926,95,3a8619ef945d69702391a5778ef8601e5b976eb522cc891388bad3b0c293e4ac,swept,
internal/readiness/readiness_test.go,1467,27,b884755b38cc9819580b4b544a2ddc9ebc73be1f0837f3650f14b27c9577e547,swept,
internal/referrals/audit_read_page_test.go,1632,52,095ff7bcc9b3a4247b5794e0c7958f89a1727d9fd3c7533ad59675995d818270,swept,
internal/referrals/errors.go,181,8,451afdc0dbf187fada5cd895cc0c3e391fa4c6760ce9b5c4b5fc972aee2088fd,swept,
internal/referrals/lookup_errors_test.go,591,19,cb5be2fa079a151ae067e82a308b983ab7b8b6527e4f53ec9645edb9b7c8ac5b,swept,
internal/referrals/postgres_test.go,14690,296,fb1810242554ae2ea3741d1232e226fa2c261a8ac2c1052de53b6f435dd56598,swept,
internal/referrals/read.go,3575,75,364ddb67d84f4785d5d45597adb228966781742820944a62dc83d0db8b3d2dcd,swept,
internal/referrals/read_page.go,895,35,bc33b0f3bf947132135afb406171dcafb5c7be6dcadd1d6fb24eb4ed9544f7a7,swept,
internal/referrals/rewards.go,10326,271,3279d167acc172eb3b8a1776a3defa6cae6b88ae792b2ec690e3af3bdf5f5a48,swept,
internal/referrals/store.go,9283,214,be0fdff37928720c41714bfe23f920e632bcf9fcf218d7b56fe3e0342989f2d6,swept,
internal/relationships/postgres_test.go,580,20,828115a688307675ebd1d61faad321474afb512a29c016483aea9f8cc9deba72,swept,
internal/relationships/store.go,7717,200,d7a09c41642850784846e457d67fa904655532f6895a1850145cb850345cdbae,swept,
internal/relationships/suppliers.go,1422,55,704ebc8fba248092df7b9d3ab1ffb88286706e1c65fb9edec27a750a54960f6e,swept,
internal/relationships/suppliers_test.go,3059,73,180c314057b1988cf236647ee5a24cc50e8241d02dd0cf15b3d17555be1b8379,swept,
internal/reports/analytics.go,12949,207,77df560ceda8517551fce38c8cf1fcba06ae4088d3f027b9e9b468e4ed231740,swept,
internal/reports/audit_enterprise_test.go,4140,109,a1585e0caff3d8dd3797f6972844ab5221cf621ac7d412962c641f29991be36c,swept,
internal/reports/enterprise.go,9922,251,e03aeb9ae35c84f747669c920d7cd031e522f2e0a7f35d08dae94f94baa3a7fc,swept,
internal/reports/enterprise_ageing.go,2018,69,a2aa56b54e1f6f8fc0163b3e27699d3c3fd0002ff6f9244d73727037b8cc01f7,swept,
internal/reports/enterprise_snapshot.go,2897,89,86fcab62b63c05484c7e4425ae1fcc03d11c1576857842b2b9ee609e0b45bdb3,swept,
internal/reports/enterprise_test.go,892,36,52313e8969bdaf317df8c7614ddb1078bb85a1eab53ffdd97ed6eae1dac27bf3,swept,
internal/reports/payment_metrics.go,2659,44,6d7517a602e9321be2be70e52ee5cef2bc3bab95f6747b94968b300c0656a9e7,swept,
internal/reports/payment_metrics_postgres_test.go,3571,79,4228eb385b14a5151c0f88e83d721dbc19fdc72abd30a884abf6db16535b8c86,swept,
internal/reports/postgres_test.go,6864,173,f2eb8a02f14e12c55e75f33622fde202a734f22fc6ce834780b8a550d7360ce1,swept,
internal/reports/snapshot.go,5290,119,8eccf0c9e70f702f46344b9faf0fdb353307d4d1249c0e9f696a4136efa346f5,swept,
internal/reports/snapshot_postgres_test.go,1650,45,c2303cb21a10889ba498cde1a59f9b723abd75d8d7db52fe6adc6447298ce848,swept,
internal/reports/store.go,30528,871,9d146207252d698865d21da36f1cab51285fd2d2f631c6a528df447382f6ffdf,swept,
internal/reports/store_test.go,13167,244,b92c55a0bd45267499eea5731c64e3b3b9ad48796c163e4b5f4119cf891fd97c,swept,
internal/schedules/adjustment.go,2081,75,f5b9c04825208ebbee7dd29b9117607d69233c991080aee7ed64275736539c64,read-in-full,
internal/schedules/adjustment_test.go,2329,57,a5076f6d0bf71a3e1475c75735ccc682534a0766d7753aea4b9947a2d4bb73d9,read-in-full,
internal/schedules/fuzz_test.go,4226,127,feb24d89a418af3418ea764a4be15aed415d19b922ce4c5ea40cba4c6f9b542e,read-in-full,
internal/schedules/postgres_test.go,5384,91,5a34f95c3838a92ec8e5dcc0f7764fc54f537eac90d7b054f5f0c6952a94b371,read-in-full,
internal/schedules/store.go,32567,948,d25d7773913a834aa44df39fb97052b4b0dfa90fcfa74fbfae8e154afe5e02dd,read-in-full,
internal/schedules/store_test.go,8174,195,3db7d618ca94639e3eee696144e0584dfbfa564df3501586263afaafea1d9d5c,read-in-full,
internal/settlement/audit_response_boundary_test.go,2397,73,7a0c458a876dcf65fa738dd171d41e4d1e95d4ddcf65556229eaae919c2b311c,swept,
internal/settlement/connector.go,3276,94,60f15d5bb7bd8ca2381d54fe0fe531f6fb31946068350b6b6b9628621a13972e,swept,
internal/settlement/provider.go,2339,70,ad5f8cec5fe699d48a7d58175f41931256c8f3bf8f32e8fc6a5454448ee57a10,swept,
internal/settlement/receipts.go,9168,218,d14e5c4d8555d37b0e94795e66d59e18bcd123f9794a2c788ff3cf73319ac6a5,swept,
internal/settlement/store.go,3542,93,d097f33b397d1374900ec4c0778c5949a36333e6ee270841e39f28ee89497df9,swept,
internal/support/postgres_test.go,1905,52,e968d09746b76e964d3c2dd8797f08cc499b30835a98a74e7af5d0dacf671b08,swept,
internal/support/store.go,11898,315,cc3863616153d7da9c7c666d381f5f3162fe26b2d0e333fbcf8703b72539a27d,swept,A2-002
internal/support/store_test.go,446,17,a479bd591b91194c7f4e4d7cf559fb72afb113aa70609ee7bb025795ca85e00c,swept,
internal/tradelines/postgres.go,26904,614,8345ff6e02023e2ddf5bd48d83d2badc01328534cbfe02ef4addc756daf76cd8,read-in-full,
internal/tradelines/postgres_test.go,6509,116,b536a0eebb49040b419fd05add6081dfad1ce27db0cde2dfabcd0e1dadf9e340,read-in-full,
internal/tradelines/store.go,39252,960,2ca5369518b74b37fbc3cdaec927e4d408156e6834dd6e3c91d2896b27840ad0,read-in-full,
internal/tradelines/store_test.go,12490,266,f15be77054ec40307efe7bd35cd002819dabfdac8ca4e36673ff9caf88b99a6b,read-in-full,
internal/usercontrol/export.go,9691,72,f37244aea47016dbe1921ee436aabf99b78893d52a6351a5d8af3c2459be15b3,swept,
internal/usercontrol/isolation_postgres_test.go,4272,117,731cbd78e897e55c740ccf9c580cd051c5184e2242ceaea758f4295deb59e2b3,swept,
internal/usercontrol/postgres_test.go,8322,196,c5a676d0a0b89b9906dcdaa90bba91d11bbe61058e634d453c69249606ed4a49,swept,
internal/usercontrol/store.go,42598,990,2a8a834825b07f2d4b3a81f8fe71f2a3faadc1b0861192c4087f98d1e4e51560,swept,
internal/usercontrol/store_test.go,6026,147,0841a6a65472b865a546a9a63bb5b2941ec8f47ea6cdf2361fc2f643815f6dcd,swept,
internal/web/admin_insight_handlers.go,4612,140,6cbf535921a90f6c8530b69f6223c2f81c9de363fbfc9d66df4030c66c2443f2,swept,
internal/web/admin_surfaces_test.go,3930,93,a59a11dd249c795bca25ee381a4414ca46bf0d745cae3efc8269792b0c92e3dc,swept,
internal/web/admin_workflow_handlers.go,16115,386,dc1f1acfda0e43582304c1381139fc40ed39ed1618aa979be756eeee16187624,swept,
internal/web/audit_financial_regression_test.go,2970,65,22735d1916eae5cdb915419bc88b8b396e222e74647d6b6b5372c6aa9503ca95,swept,
internal/web/auth_contract_test.go,1956,55,05f7fe2cdb413a2593ba5444b55f1ba3debd487360031e36202bb38f2a4cb516,swept,
internal/web/auth_handlers.go,13816,338,919f8f21421b870a678cb480bec12a3047b9ae4f57f537bcd9240525ea8dfd89,read-in-full,A2-016
internal/web/bank_authorization_handlers.go,5369,149,71025b0ffdae138fa8e25c70ff8c7b6de247f34e104f8d333d231697a3e55b23,swept,
internal/web/billing_handlers.go,4427,131,bc7c04918c92f4b8e480d7ce59683016ba698b18aecbb3796510c4d0b73e8c5a,swept,
internal/web/branch_access.go,2862,58,6d2c8c19a251b796b28d2b2a016088b50520c51aa6f2fda3ce1f25883aefef60,swept,
internal/web/branch_access_test.go,1212,24,e9a02c4d3c0e431ff7e4faafeef8fb6afbc1dc544ec74c9c7458277d08fc76b4,swept,
internal/web/business_policy_handlers.go,7354,166,6d27c584e76e3c226c9277f55743b51eb83585ff48ca7e496039496d080e18e5,swept,
internal/web/business_policy_handlers_test.go,1289,33,ecdc92482df2a361ff8db74f8170020f83ee3001a3e82860794984ba3f3ef1a2,swept,
internal/web/buyer_handlers.go,10929,222,ee5c35a1c1a3feece3fd837f8bb83436b61cd8eadfee34741e149e59b588e0c1,swept,
internal/web/buyer_workspace_scope.go,2687,76,4125f8bfff73d113138827cbd53414be12e18bfd019ff88e6d5ff996743057ae,swept,
internal/web/buyer_workspace_scope_test.go,2818,73,f4b9eaa6f5439cc8c0715504e1e97c9d7a6fdeaad5a104ac03950e8241c5b4ba,swept,
internal/web/client_ip_test.go,2896,79,70be01f270b1118ea8a475319ddcb68f06b111fe0f5e68086cd1c4cb0e1b8f2d,swept,
internal/web/collection_jobs.go,8430,270,4657e956e99677a62786e0639cb91037aba48c03ff965d3af7693ae9f44c90fc,swept,
internal/web/collection_notice_handlers.go,6995,140,0def7f3a87298ac55100ba49e00006ca8ca4c464e413862947c4792c00cb9200,swept,
internal/web/completion_handlers_test.go,3253,70,9431d0985d4010c18b589c36b64b3759799ca3ed56e26c7ca80aea1935215305,swept,
internal/web/consumer_handlers.go,3579,140,9738534c6f0e79f4d544832ad1e047c23ddc62642ffb327e3b1a7d9dc1ccb3a6,swept,
internal/web/credit_approval_handlers.go,5708,161,2f9cea7c7076d99c68af82217e3f1cd049e2f27d8dceca4bf06b9bb3487c87e4,swept,
internal/web/credit_handlers.go,75621,1835,1beb9cd4cd53a7c2b920c4ee6e068ada941e83aa833277a0c979f687343ea026,swept,
internal/web/credit_terms_handlers.go,2619,59,c89f97b4f44296d99347ec23b54a7c032f7cf76312ba1f8ca7f25a787042fb18,swept,
internal/web/customer_access_test.go,2956,83,72971b8a0f31b7835d15453b01661317fe47a2b24d8d182a9d83b37218222666,swept,
internal/web/customer_registration_recovery.go,7745,183,23e029cad7486b02bb426abcae1c4613bd5ff63b267beb1d1923f646ba9932ca,swept,
internal/web/dashboard_handlers.go,9317,256,b4e6147af3148a04e47ea2a6bbb36c8d8226ce0c402bc7f5287001e530833141,swept,
internal/web/dispute_document_handlers.go,5783,152,9ca89ccd8cf9c4d4516fac41b01b009f2616a0db5a289b8fb9fcf71e3198d85d,swept,
internal/web/distributor_import_handlers.go,4759,134,0f16be0a1c74b2bdc5148c96bd1d718addfa37c92de1eacebe50866508b36bfd,swept,
internal/web/document_handlers.go,5372,129,4d2f25cfa0bdde15d1c74efe32160afaa3ed18c26f68519497af6224e8794d9d,read-in-full,A2-017
internal/web/document_upload_slot_handlers.go,3265,80,87993dd030a53a0d99189c3482e6b62bbee24492e38989157d44173d848195a3,swept,
internal/web/domain_services.go,853,34,83162e08a9b9778a25da75f0f69810eb23dcda098251d433aaec4c949cbc1c2e,swept,
internal/web/due_worklist.go,1983,62,83939b3ad9b52480e57f4348622bd4efed0dbf7a335c2c37bd12f8ca36739d70,swept,
internal/web/erp_handlers.go,2447,80,2b48bffb6866210ba75f6662b18b0228f61e126e7fa8a43d1dd0989bb676246d,swept,
internal/web/fee_authorization_handlers.go,2431,86,e3e418366e61576d4633a9f1adfb18bd3f6e91edf5149f8408ba44293d759d32,swept,
internal/web/fee_operations_handlers.go,1870,71,91c42fd149518db7234e8c2b8d50309da72dd845069baf625718054f4f36ea34,swept,
internal/web/feedback_handlers.go,1617,42,e5dced75dfbc4dd62d227558ae1a2cb27cf0f4531548781f382ca30d8f18e539,swept,
internal/web/financial_reads.go,7904,215,13bbb415678e01d017a33949786c04a0f72dd6fa8e9220f3f7d33865e70affbe,swept,A2-002
internal/web/financial_review_handlers.go,1994,60,5b800f8a433f77442adeb5a70242bab18ebcbdb5f3c57bb366242eced23e220e,swept,
internal/web/fuzz_test.go,1437,38,94d256f832ecf1e4f60447237de468f0e93ce8ec4477f0d54eecc567d134dc80,swept,
internal/web/http_helpers.go,2598,85,7e7d249229b0d3ca50f26c9165e1d53b38f381360690a535ec1e318897b17068,read-in-full,A2-028
internal/web/idempotency_middleware_test.go,7054,161,701e63f8dde26c3f788a068ede30163513ba314a73fd5d2ed86c6480c7a5ed3b,swept,
internal/web/login_origin_test.go,2038,54,fdbc54ad89b3e629951f41bbf472ff033a311bd9340e4e252f7554808154fda8,swept,
internal/web/mandate_handlers.go,6456,171,c156c1f99a99e034b5517d40edc1cf898c0d930a0e9de57b2ff6da82c8e259cd,swept,
internal/web/mandate_recovery_handlers.go,3152,85,15f6058851e51e31c717469ba376fead95f691fe5326ec082544a667ddef6144,swept,
internal/web/message_recovery_handlers.go,6742,143,efcde0d234e7b74ee693034659f04bb461db683c706687d5cda888b34cf57f29,swept,
internal/web/meta_assistant_test.go,3991,94,e1f8293104cff6274526852e2c96eba24ac3959ee832c912fa872afb0fd54dc8,swept,
internal/web/meta_handlers.go,12594,308,268eb4046f8cd178accf481351e05b8c40b6bee681fa308b0ef8b19af635c0b9,swept,
internal/web/meta_message_integrity_test.go,5270,130,6f784f4222079da1bfb5788d752a0f58db78826a38b39a17febdbca2c7f45a6f,swept,
internal/web/meta_verification_test.go,3743,95,aace74f6d5d866557e6f5aac4bf4ed4c078412e691d887fb5ca644c3dae93d34,swept,
internal/web/milestone1_test.go,8377,189,92d7a76d435ffe0c93995eda66584af44d225788543d23dd564082afb0a8d31b,swept,
internal/web/mono_handlers.go,13440,311,08ba34767fb034d10a5a9d0c28e4cb44ecfee7ae23f0bfde3da20b3d165b89a2,read-in-full,A2-007
internal/web/mono_runtime_test.go,807,23,1e9b89758398c8f7f1c26db25d7404a6212d7e37d29988b583d1ef614455c4fa,swept,
internal/web/native_collector_test.go,845,22,d21fd2d2933171fa301bee2a1589c7cad798aa06fb62896784e02a173c42b516,swept,
internal/web/native_identity_documents.go,2809,77,ee42e9f1966734b5b659f9ac52ea7340b3227ee855056e08f48df4bf0c5b8d1d,swept,
internal/web/native_identity_handlers.go,1935,60,aa8b524c4169ae900c44a81620743d95983d2de559c2872ecc8304dff8f621fc,swept,
internal/web/network_operations_handlers.go,4607,162,72d1c62a283fcd7e593a8b15d8646d908a4c3ed3f4da19bef5b939f3576bf76c,swept,
internal/web/notification_receipt_handlers.go,4332,120,13bce9f7d414b31d82aaad6c357eb93cd150a3b140325d3d976fe2c6a17a7062,swept,
internal/web/notification_recipients.go,2434,75,8d7d8946a7fbc34723f5f4291b856b704e6b4b7e28d27123f2f0822ea3d1e250,swept,
internal/web/onboarding_handlers.go,22370,500,880953a77ce286951436553aa8d46ffeba485f26532de3284301fa8644b5b190,swept,
internal/web/optional_activity_test.go,1733,42,d52f81108a6173b07b414722d6ebf09475a9a0b5b2dc078ad20e25986f816de5,swept,
internal/web/order_errors.go,1903,36,71c1253b0e3f151de42d0bb46aa5d026f8dac42832e44c198d733e5e0e21caba,swept,
internal/web/order_handlers.go,10462,380,30912ea5d1a2684c13f01bb60ec06d2e54704020dfc9dd7b8d39de88ae288da2,swept,
internal/web/order_integrity_test.go,2839,78,c3df1ed6687c00856f37924577cccb65b416ad028c9578187207d01157f675e5,swept,
internal/web/organization_handlers.go,14641,324,a03a3d0478fbed6b21f9860f885b96017ece5792cbaa42352cfac7738fdce088,read-in-full,
internal/web/outbox_notifications.go,4857,101,c95ea37d9c8f38433a905b2a03d66784278386e4a6199a73bacdd68475814960,swept,
internal/web/outbox_notifications_test.go,5184,123,282867b09470ab4d32445b8c7b528162849af3f4794f3c65af3f9b713962b043,swept,
internal/web/ownership_transfer.go,2090,57,2a717fb7ef3e09c9828a26071104307263dd752a452c75405f10b6f59c92b166,swept,
internal/web/ownership_transfer_postgres_test.go,2825,60,8a72eefea118baee0af195a8950580ba072d414d1ffa0afea2bfd5aad83848f2,swept,
internal/web/payment_claim_handlers.go,10720,246,9169db2b191b4ddd070f43108069a2e3f10d6d3bac22218e33185cf32a4a3d64,swept,
internal/web/paystack_provider.go,3004,84,766f906681526cc627a98595e7c80220f08db19f8f581b96227b76f4a36a1000,read-in-full,
internal/web/platform_operations_handlers.go,30922,676,2757b68af5b4eb9df1f7950a36bc368ff27b77ca163d59f1902ef32ee3c440d7,swept,
internal/web/platform_operations_handlers_test.go,8341,171,e99e49cb402a3ada90d7346cbd07c1012640e7f065ac8880904d1a51d74c7e39,swept,
internal/web/platform_settings_handlers.go,16013,484,06d9d9a77629437fa8ca27b84aa4e7cac5864121cd7677a2868a80575486363d,swept,
internal/web/platform_settings_handlers_test.go,12701,321,2635c88d477d6a70a459a7d584fbc3b8778404c4da03ee1ab9123f9db70e3443,swept,
internal/web/provider_readiness_test.go,1058,31,2ef173b157d5a2037b8688372a2a78290700f601a1f8a8bf46c1af1fb4bdf3d0,swept,
internal/web/provider_work.go,2338,55,1ec0902c6cbab9d73c5b9e6335998fe8086800fe2c0e0edb85fba80e9381baad,swept,
internal/web/purchasing_authority_handlers.go,5311,155,c149117a2874a1820d67530f46a9ee489a00a55e1a6d73a141c8a5b2348d9c17,swept,
internal/web/referral_handlers.go,3394,122,e51be851511b55131f2ee28f8b2a87c7301ad4c4448c6b93057c5356fd9c0e90,swept,
internal/web/referral_lookup_errors_test.go,1341,42,5bf03a0ab641daf1ab488cf82362c962c1a3c166cb35cea9c61c93ee31ee2d3a,swept,
internal/web/relationship_handlers.go,3574,100,11176eaa1fa88d42e0514fb94528486cb1a09ba0164b6b0fa2d35950fc5e0017,swept,
internal/web/reports_handlers.go,15408,437,5aed6572c1c6c800be32f0664f415fd4ae984ea21b04bdb1e1cf787ed2b335a9,swept,
internal/web/retained_settings_integrity_test.go,5378,139,7054e2d66d2d5c1487bbee081d2ee7ad2e505eed85abd871406a3f4d077cf575,swept,
internal/web/risk_hold_scope_test.go,2684,71,57801ac3a93d637afe405fb3f41ae2e4ebfc31fae18b94a30886ebc2bec7befb,swept,
internal/web/runtime.go,53777,1147,f280943240285fcf2b5a0e09b013bad5c6c994f05ad050cda20bc7034aa0af5f,read-in-full,A2-002 A2-009
internal/web/runtime_schedule_test.go,4908,98,b61ade51c7e04c5cefae3f930ee714f3a5f8e5dd767db05bfca4bd273de34365,swept,
internal/web/runtime_tradeline_postgres_test.go,12107,182,22539346037e4688eff460324705de40f4a6d2a10995ec0568dd4e42e8b03af0,swept,
internal/web/secure_link_handlers.go,2170,66,f32a9f6bdd5e8f409c7ff75686c42c44b52e96c573dbcf5ba2d5016b5427e996,read-in-full,
internal/web/secure_link_handlers_test.go,1725,46,354753995b84d1d26f4a51a3bb9173fae936fdaca42a86203ded385e27a0a0d0,swept,
internal/web/seller_settlement_handlers.go,1692,55,d8277675d1cb6c32054867a8f19c9ee023b9414769033caa77a5a2332c452bef,swept,
internal/web/server.go,60832,1140,dbc574db1ea894afa48874cc1548aad809445149267558f029918880164f7ad9,read-in-full,A2-015
internal/web/server_test.go,3220,95,d9efd8cace3112281ebeeb06b718959f4bff5a02cb5efc260de5106366776f4d,swept,
internal/web/settlement_handlers.go,769,25,2f15e64ec9ee286ce642956180a465e37e9c6854c9a1f7eafe9b22e8e5e967d1,swept,
internal/web/settlement_review_handlers.go,6865,159,a8ec7bc756f36688d1c471bd629256148c4da9fe9ef7f724acbb613e2a991c9c,swept,
internal/web/setup_handlers.go,6565,117,d0e193c3c8a0a7f2180e6a63c875d96fc1eabeb42dae98d42df9a2e1bd1bd9d7,swept,
internal/web/supplier_onboarding_test.go,8868,187,fb8f75cf14b71dc3646eea416b40ea8cfb33495fde2021d5a8b29e00dd642655,swept,
internal/web/support_handlers.go,5139,127,fcdb53ec22d156a8d1b15127b8fed620de817d2b8aff167ba830c1616a8aacc6,swept,
internal/web/terms_import_handlers.go,4613,161,a13bd43cb4f189af6553e60d5e53ba52bf23baba18ec8db4c3b8442a221ff6c0,swept,
internal/web/trader_onboarding_test.go,1653,36,2ba4dde5b83ef5a79aab45c1c1de50e40664b7677ac2a24e687085ec0e512ac1,swept,
internal/web/user_control_handlers.go,17147,397,556b98a24cc9466deec0c2f32e8803f16ecb4f74b996c46b093d36f0d6c92bc3,swept,
internal/web/user_control_handlers_test.go,6372,116,3a4ae94f2ca2e57b0d56d42cd45d5f84f367e026f601ec6a373c6184599589ba,swept,
internal/web/verification_recovery_handlers.go,1820,55,0d87bfdb1d99e963f2afdacd300f3a85fe9544705857b90bebcbf164dac75056,swept,
internal/web/website_content_handlers.go,7995,216,f5153216a3fb3ab0ca6bf862cee3b9a962efc25ac4cbac2aede59f56e698f874,swept,
internal/web/website_content_handlers_test.go,7859,167,c1013f87b64211e79c36da2c4a305a1df278b6074c8c58d1c71056d2803d9f4a,swept,
internal/whatsapp/ai.go,9410,285,e16d75e28273cd4ad6d3169024dcad3063b5dcbf5a85f6e519c42fb125f66b3b,swept,
internal/whatsapp/ai_test.go,3589,100,213ddeee3e56866f6dc0f8c6d87d21d576fbd164845edb1435226bcfb1ce9ac6,swept,
internal/whatsapp/audit_redirect_test.go,1185,32,ecff25f1ef65094eff0cc640c5f629d5c6d570e58016d9d377e2745ce1838dfb,swept,
internal/whatsapp/audit_response_boundary_test.go,2352,70,2176205edef6395630a8a863ec573c1de9b49a87ab5dbce76e7228effcf3a788,swept,
internal/whatsapp/event_errors_test.go,1532,43,503b6f114870c53a9686fd533a2f49895ddff3b7aeb6e63f8b83600177bd3ff1,swept,
internal/whatsapp/fuzz_test.go,585,21,85d307e1cad57ca08d2263aa3f400740e6fa59a70a2d8706c329fd0812494800,swept,
internal/whatsapp/handler.go,8488,237,81036b5fab0db5ff6c337eaa8b76e3718e9f5850a3fe9a6404c667af567aebfa,swept,
internal/whatsapp/handler_test.go,1771,56,27dbec0351b59839182194ab98775a9c3c7344e300e4576045123cf8306db7ab,swept,
internal/whatsapp/postgres_test.go,1400,45,6fedc80ae5667098af0674c3a2583c1baf6e0a9ad73fe8285bd16fc9c4e19665,swept,
internal/whatsapp/unicode_command_test.go,655,16,598673a7ceb62d24db56b65a5d6ed1fd4158fc5817cfff223dcd0c3658d1728d,swept,
package.json,736,19,052ab954aa15e7a82113a8b9d2f8025dc5a77d216bd24b0bc15d52a88309e9fc,read-in-full,
pnpm-lock.yaml,60787,1865,407ff997cd7206d7f937cd72f45293ff1020079a06dc5263010effd911b585a4,not-reviewed,
pnpm-workspace.yaml,331,12,5d20b99b5e102f5760fe46fe07d7e7c2e66516e123b4f1576e872d677a6bf0b7,not-reviewed,
redocly.yaml,413,12,f8235d8551435ecf16ad5d2bc9ce10b8e9bdf93b2e398a9d1b3300638f59d5ea,not-reviewed,
scripts/api-lint.sh,624,21,4eea7fcd7f9c04e2b3cf38c8649d835871af0f9a6e1f63a9fece671da623b765,swept,
scripts/backup.sh,1359,30,2b190375944c35dbd2a64dfaa089ac52f6256dfff23cd5125ba73554167746ee,swept,
scripts/bootstrap.sh,811,31,75bfdb428595187e93d80a71524e1c6fc894acb29421166d318e1ec627d1a916,swept,
scripts/check-tools.sh,307,18,e62498405bb69dc5d2a3ebbd42debd3732da3be37301031c679b0ce60d2b7997,swept,
scripts/ci.sh,1382,42,91820f9485dbf664ef5f9129287008510dc0dddf363ab8feec7c000c3be88e81,swept,
scripts/configure-development-database.sh,1170,30,19ce56519d5b664f861021c325fdc578c7895b9c88283ab298b4178e29c4b341,swept,
scripts/content-audit.mjs,9532,159,93dfa32ecb17ca5b684eb2bb528423537562951a02e7e17d4642fcce057f2a3c,swept,
scripts/data-inventory-check.sh,809,14,4f80350bf6b585ce96efb66d07796f2125ff6b6c0233f32d4f0b0af4f3e2758b,swept,
scripts/data-inventory-generate.sh,6329,47,900487402a39b156b35df52ed739cab0f854934c6bc47d0071dce68355949d48,swept,
scripts/data-inventory-test.py,4035,92,8ee003becf845e1afad70447d3a10ec560d59a480ca41b4a101ec867bc6d5110,swept,
scripts/data-inventory.py,6053,132,8ee835e7159196669fb4b8b841e9c3a9088ef1456b42127727f7916a1257f163,swept,
scripts/database-safety-test.sh,1840,36,ddcff9a867b699f6ad7ff0e7fed72e96e0b0f44dc967893682eab95a407a959c,swept,
scripts/db-check.sh,470,10,fbf7ceb50e05053ac4bee47e914c31c479557ba21e075d540fbb705347a09937,swept,
scripts/db-reset.sh,996,24,c14e941176e4385277fc509efc3e6e60e770fcc0d55079ac6973f301fe05d268,swept,
scripts/db-rollback.sh,719,21,c19615b273e7a230693806e50868d9d0120fa21f852007548ddc70468ca4c118,swept,
scripts/deploy-production.sh,3845,75,eef1de2635d736ee5ceff567bf23026668090a53ec10494aa1bc53f5466032fd,swept,
scripts/dev.sh,672,24,0dd152e53378d2b8b94182934db9764c6dc7dcbd9a045185f50a7df3bde22d34,swept,
scripts/frontend-api-coverage.mjs,17640,188,25b036fe49b33def8c02f38e111a199d5ee17d31934259af6ce76f416bb8788d,swept,
scripts/fuzz.sh,1113,33,3e8a5b415544b54937dfc83638ff012c3c938e17676292c75bcc43cf3abaaf35,swept,
scripts/generate.sh,686,17,576c4708a2065b4bf1bad8192d48e4d6c6fd53f5f120df47bb30d4c1ec30c361,swept,
scripts/implementation-plan-conformance-test.sh,741,20,9ebce013875e692e2750a1108aa97aa05664c05dc14253c794b96a9a85cb4ebf,swept,
scripts/implementation-plan-conformance.sh,3151,103,3056dd9e30b2d1eea4116897ac60dbd3b3d58f09a5abbbd73ec3a02ba588daa3,swept,
scripts/launch-browser-check.mjs,2470,28,4825b6d669a3f3e453ede539347ada8d3e72672068bf679921c7e1d4880ca247,swept,
scripts/launch-outage-check.mjs,1670,25,a9eda816baad78d7682f86bf5724b0cc4cb3790110ab7e51b59dd402402f4193,swept,
scripts/lint.sh,932,29,90b79e41691b13cd4ea459af46659589c17c11ddcdc68ffbd4b1eeb9790b8736,swept,
scripts/load-env-test.sh,680,24,42c72331c8fdde4bfc2f231c6015dd588150c21297acd693b2e5b81170ccf786,swept,
scripts/load-env.sh,1317,38,9105750d89b835ac75af6fd97a0b8a78017644b1a1c7a6df0cf07101b8e8de88,swept,
scripts/load-smoke.sh,246,6,b9573653fe4bdfa643f18ed5b699a705638c743f77719c436ca5f234d95f316d,swept,
scripts/phase5-evidence-gate.sh,960,13,df10ae91d5d76bca69463bb9e6378d4b7586961194e4803c125d4fa33a1d0baa,swept,
scripts/phase5_load.py,7860,162,30abef3e7020acb5a655c64b5265c37e41cf4544830f7452a5d0624cf107c082,swept,
scripts/phase6-context-audit.py,3392,75,d97af3714d7c85e33e9b186890e5c2e9feeed4d1c19328735b867d0bda003490,swept,
scripts/phase6-governance-test.sh,4809,75,f0c8bcb982721dc3d64393398d8874d4d8e8b66d49f65cfc0211633f15f05789,swept,
scripts/post-deploy-check.sh,2041,65,00b7823f60753de24fe092a9134705b600895b3869c138b8924a33dc2335a9bb,swept,
scripts/product-contract-sync.mjs,5056,103,5dcad0ee2e2106fab2c90183590a5dd8e24981275baa13813fede8075acefc26,swept,
scripts/readme-conformance.sh,11207,127,6e346ca4d77f22106430da9591336f6203eae39c8fa62f2347034e975e737971,swept,
scripts/recovery_fingerprint.py,9198,157,1c9b7926971cd5aabdb9d8066a8f71f37822b5e0137208e7abe02eb365fec6a8,swept,
scripts/release-certify.sh,5170,134,7b66ccd1d1d3b04edce133a96866b681c718879902d1ea070a2b1ce2797dd243,swept,
scripts/repository-audit.mjs,5008,117,b3bec0a6591df0703b771c61aa898ad965336314d331f16d096ef0593fa204d4,swept,
scripts/restore-drill.sh,3248,39,a10a86806150a87fef7f441ae67655d781bb2388d3c01741324f67f8cb4a5d5f,swept,
scripts/rls-policy-shape-check.sh,2581,61,3b9f708b3343be7eeb2700db74233ae64483920cb663e47982900ee03cb7a5ea,read-in-full,A2-006
scripts/run-migrations.sh,851,32,2dce187f982502934850d66e14a73c93e231bd2c183d3b53afdd627df45ab8db,swept,
scripts/security-exit-test.sh,2207,54,e24165d5186aa8acc162f4b8105c1b6a92439b8872d34a78287ac613fb2943ca,swept,
scripts/security.sh,4052,89,bab64b3e6d4286f922ebb0bda36dbf0aaa6b3c07abb56b63366522581418fe3b,swept,
scripts/setup-vps.sh,2977,79,591d0b9842dc1bfd81c8970912a75222cf558713af2039220a03c71ef82f7e5a,swept,
scripts/sub-processor-check-test.sh,1625,32,c5438ea0c1e83626df1248c580dbd1d7affea7a4b2bff14313420960e6448449,swept,
scripts/sub-processor-check.sh,2079,42,000dc7a9cc4f39c1562dd1ab4955a535f0f20df105b6cd2073edbadcf33bfd21,swept,
scripts/test-e2e.sh,252,9,c7347ba88c16158e30d75a2c4b06f9738446d7dec460109e1da34c0dc4c77240,swept,
scripts/test-integration.sh,1974,40,2e39088ac37ba42c4e5cf29cd09ee3019c9360900702c056c1e80089cca7f156,swept,
scripts/test_phase5_backup.py,1621,44,ff6bc51dcaa75f7f24d796774dcd4008a713b559b1a8141583ca64431fec7b2e,swept,
scripts/test_phase5_fingerprint.py,2022,39,42edcade70f5b48c53affa2fc7eaa683e9980256e0c41234895d7b8be0c95eff,swept,
scripts/test_phase5_load.py,1641,31,14aea7301f671a1cd6b24a8838c2ef17d607ac3e556d30f262d93d3009909f84,swept,
scripts/test_phase5_release_evidence.py,4813,102,bcddd31eeaac8b5b0097b047fb9b2e1c1ed69f653c79dbdc2dcf963d4b09003f,swept,
scripts/test_provider_evidence.py,3033,65,4f1687b660f4cdfe7045e5da0ce31cac67c6a1b77dc18c3dbbb87a8fdb648afa,swept,
scripts/trivy-fixture-test.sh,2381,49,98252a58d0388204c4e040fe9e96e6bd8ab3294dd871f991d7a0f4c2db32bdef,swept,
scripts/trivy-source-scan.sh,822,16,1592a79403570a52c82a60d46099055d62b70b82a6fc87819c6fa8a9169ac135,swept,
scripts/verify_backup.py,1350,37,7e556cb9f12a4a3cdb3ebabbfbbbac0fa32c894244da2f2036d39cec6d3885c5,swept,
scripts/verify_provider_evidence.py,5254,106,d7c1989cb67c380ef859da1400822d3b6b997a0dcb69ea58d4910284161675b6,swept,
scripts/verify_release_evidence.py,7527,155,f8127a093dca04ef7f8a6d6b327f66269c2da571fcb0ab929916cbceb9280328,swept,
scripts/web-test.sh,174,9,12ac75523cf25b358c8c7efb9544a802c84dabca464bc77283084cb17308ed95,swept,
tests/contract/.gitkeep,1,1,01ba4719c80b6fe911b091a7c05124b64eeece964e09c058ef8f9805daca546b,swept,
tests/contract/provider_contract_test.go,4512,110,7ffccd26bc03ec7e369927dbf65ceed87b2a9549e8b7e67420d3f9403e083f84,swept,
tests/e2e/.gitkeep,1,1,01ba4719c80b6fe911b091a7c05124b64eeece964e09c058ef8f9805daca546b,swept,
tests/e2e/README.md,465,8,b7000e2bd34d1b509223f99c9289f27482cceec9e8964c3ab46a05ac50716b73,swept,
tests/integration/persistence_test.go,717,33,3cff1e76d0783be7dc1913ff60c6a4a80b8642980b874c4f4a76a4595ed2311b,swept,
tests/integration/tenant_isolation_test.go,9398,283,e55ae0a115841ac864d58be24ecf5989ecc63b2d7f043d6b7c848f858f0a7b04,swept,
tests/load/smoke.js,419,10,8b620ff5e2fe84b51f28089e51fe77ccb33f87499954ccbc1fc62388d10682b2,swept,
tests/performance/.gitkeep,1,1,01ba4719c80b6fe911b091a7c05124b64eeece964e09c058ef8f9805daca546b,swept,
tests/performance/acceptance.js,2274,42,61a9eb8cae7efaf721e6bc5dba6d8382460cb372d3b1e66c5fa8fbb76294007c,swept,
tests/performance/portfolio_queries.sql,859,21,d05cdd0763ac8b3547ef7fc3377b45f97d7e973a7fe1937d51f10d50071af2be,swept,
tests/provider-simulators/README.md,338,6,d3a4c9bb1cb89343a7fe45b5cd33a7b103c9c29ea73a63a85889d11915ad3658,swept,
trivy-secret.yaml,825,13,0e6d6cc3ccd96a699d3085af50edbb2cd5e603f4486d4412050e51fb97f593bb,not-reviewed,
web/package.json,718,26,1dc9f596c647cde2fb37a6e9f9f3d789f789c5a6fc5f8a0a61951f2856a19a78,read-in-full,A2-020
web/playwright.config.ts,1503,40,c196aab6f7b9b112affcc256dca1e2185c64f0e2eb2ba1fe56f5278388a2bcaa,not-reviewed,
web/src/app.css,53582,918,1873380120423d744cc11ba337a31c15788b44a483fb9a38cca9d5cc78a644b2,swept,
web/src/app.d.ts,100,10,db2d8cd2b335959817a71f35ae2a17193b3dc41e3e79a73d70f22028770165f9,swept,
web/src/app.html,763,18,6bec5749d5e26bcf5504bdf5199f1619d2c69c600b781c28a286a95cf9c9704d,swept,
web/src/hooks.server.ts,5649,112,d53df7fa728bf76f9be4261f8f069fd789a5e94836c3d0fee5ee196ac0b96361,read-in-full,
web/src/lib/account-context.ts,113,2,9b80109c7fe309386bb5f6d0df490354428e21b9afa32bc6ee8ae5188cc102fd,swept,
web/src/lib/admin-client.ts,3161,43,f677f85fb422f03b2b067616815fec35ea56a99997390e8bedf789212b04b0db,swept,
web/src/lib/api/client.ts,2938,79,5f865415ea7acad1b4d1c14372c2664499e27c24dd301957fae1959cfe6d8ba3,read-in-full,
web/src/lib/api/mutation.ts,7388,94,91ccef1d349dfff02c1c9882af59524b490a7f1de478bc0650b5c34eebf563af,swept,
web/src/lib/api/onboarding-settings.ts,1564,22,ef8fefea79b3f471be420fe8c7fcc61ea2d40fe93143f1831462a7d529c897aa,swept,
web/src/lib/api/reliable.ts,7305,122,10bd7d93d476011fc011e18984077f968076753c7c1da67ade083e4947458625,swept,
web/src/lib/attention.ts,4059,25,dca534a033a40bbcaf914446212533879967cf456a397e6970737b7d383e54b5,swept,
web/src/lib/blog/articles.ts,5779,109,65de29ddcecbdb8b7532f8efd9ac4f0e331b016156992d28519a12f195f0394e,swept,
web/src/lib/blog/first-wave-drafts.js,16328,224,4f21a17ec087ed080820ba2431d438f0b1e13cbcd8c746bcc53aafb6b7d302a0,swept,
web/src/lib/blog/guides.js,42584,683,8fecae98feeb48e8e65a2b2678d79fae241faeefec766e2782801b1e30afe6ce,swept,
web/src/lib/business-time.ts,1318,22,28d3bcced5343686d613d2d9533798d4cdf61325f544f2dc908ce2de91bb72b3,swept,
web/src/lib/buyer-navigation.ts,493,10,ec0136c50e987f08c6f7bb3af69cb4954c4b8e4aac8f5aabfe8f664b66df474b,swept,
web/src/lib/components/AdminAttention.svelte,1077,7,6ad90f5ea754ba5f7a8387d7610ae2772e8315eb73d3fcb2933e2f0742b520fa,swept,
web/src/lib/components/AuthGate.svelte,3131,49,384c5c989035341705b3c857f3a919d6a4712c0a1baf82685f9e8db3558638c5,swept,
web/src/lib/components/BankReturnNotice.svelte,1876,20,2ed48cc2b48fcaa07e4e2b0bbab79a4aaea93d734336453181f1d07388488e67,swept,
web/src/lib/components/BusinessNextSteps.svelte,3156,24,07c029e80104c7ada61f29b7f9bda01b4ec2fb6ad4bd946d127b447edfe3a735,swept,
web/src/lib/components/CommandPalette.svelte,5117,115,d45c2bd75fe25cb6cd69bdf6a7d3c083d174c66d8b329cd93154e2ab9db3fb4f,swept,
web/src/lib/components/ConnectivityBanner.svelte,1877,48,f428e7c2e325a64d63bd32fdb5219b0f23aa89afdb29a6f3ea1795f4d533e996,swept,
web/src/lib/components/ConsumerPurchase.svelte,11774,60,e99d270737a17f8787f3fb17a64d59c96168b7014cd6e0b1c567ff4a57523e9a,swept,
web/src/lib/components/ConsumerSales.svelte,12161,37,34aaaa6f7e3350e02dc09b10414c5fbf465ab4c321fd1a155ce08bee79970dfd,swept,
web/src/lib/components/DSA.svelte,14576,40,7bd0a6a199cf53ac2f58d6c7792590519d7ce27e67d1512b7631b93d12ed5d40,swept,
web/src/lib/components/Deck.svelte,14330,266,ae1513a31d3fe1fec386717f2b7289dbf479f382906ed57cd97c0816fcd1686d,swept,A2-030
web/src/lib/components/DisputeDetail.svelte,11004,94,0e7f7b811b2543b48b65696279fa72e3c21b7b667bbd9ee4625139be06f3b00e,swept,
web/src/lib/components/DocumentLayout.svelte,4069,27,51decf31a02461c496cd759b427e3e27ef2f3f97d0bedbecd093bffc9f449e3d,swept,
web/src/lib/components/DocumentUploader.svelte,532,10,d6ea569703787be6774260ad043ce8a52c3e0e7ca9007872569109b13a36a98a,swept,
web/src/lib/components/FeeAuthorization.svelte,7377,21,e237a52fe254e4eb9901a2155101b34a391ef979cbe3323e23991059ec4b63c2,swept,
web/src/lib/components/FeeInvoices.svelte,5337,17,2c81d233de9aaa098879dde1538412265db801ccb0b57202142c029120465fb8,swept,
web/src/lib/components/FeeOperations.svelte,7727,74,0f4f15def3d0de63a22c3540ecc73d64ce55357249c53f541a40104df9312322,swept,
web/src/lib/components/FeedbackPrompt.svelte,4339,68,5946cec78dddefeed7c5ebfd4c292903f47d5ac1a1accdfda2273135b69c066b,swept,
web/src/lib/components/IdentityChecks.svelte,8747,32,3159a3d4f63d2d5fe9d1e9f2e0ea6ccb880f52005066c070e9e48b7cb2a7ada0,swept,
web/src/lib/components/Money.svelte,616,8,e10533c43bc1699d061b50772db908a3429687aad2708ab46030b1868b3f5e96,swept,
web/src/lib/components/MotionObserver.svelte,2067,65,4114cc833422fdba26a77b0b83cad4a9ff44e42b3577c967fc27cac597c4f969,swept,
web/src/lib/components/NetworkChain.svelte,2450,62,1a24acf3f500c47c98c3d4ae72b9696476f5677c06d75a11ff4232d07780b9ea,swept,
web/src/lib/components/NetworkRolePage.svelte,1808,44,71c14c39374ed3448e178b64c930385a7058c82634ab8f74899617e4d7b972bf,swept,
web/src/lib/components/NotificationHistory.svelte,8849,60,952c0320d11174f65069e144d49d31fb6930c19aab57af6ce5e43fd2626fd5f6,swept,
web/src/lib/components/OwnerDialog.svelte,3093,112,dbbd0db717f4fc70c0eddb2ed208f04cf9d6a97b8080fb2d25a97320ba3d4a5c,swept,
web/src/lib/components/PaymentReview.svelte,2606,16,c3c1e0bcb8feb6187b54cfc14fe517c0e538609356ca17f6b9588ce5d91b2ad4,swept,
web/src/lib/components/PortalNav.svelte,19807,236,2684f5fb26c2508aaa866a946c5c62bdbc45cb107f8de0f7b0f9555b4d2bdaac,swept,
web/src/lib/components/ProtectedActionDialog.svelte,3685,31,30489b6533d37e8410562ba62bd91d134e383c35b86d452611b1411984a6861e,swept,
web/src/lib/components/PublishedLegalDocument.svelte,1166,11,dedf1a05c13e2198cbb936aee0cbc5c15aac00c838ba4b51cd05d192d15a30f6,swept,
web/src/lib/components/RepaymentCustomer.svelte,2312,9,735c274f302fc0017b11fa7a6f6f175e7873e78d15c5cc8444cb5a6779e5e533,swept,
web/src/lib/components/ResourceNotice.svelte,1116,12,070b95378e607d5dcd293bf54d42e38737a7036e8e216edd12aeb9636d0497d7,swept,
web/src/lib/components/RetainedAccounts.svelte,3660,11,30f541d920549d3119afaaa899ff63a5e16d50dffaaf7cf327f7c40df887cdbc,swept,
web/src/lib/components/SaleCosts.svelte,1419,10,66e8d533aebf4eb55afbd6180de33aa58d8dd49a0b404f47164563f2abe3a375,swept,
web/src/lib/components/SaleProgress.svelte,1543,14,2e8909b97d543f6bd0eac62f9e7bbb7b09db20afbbe7ef38008012906a275425,swept,
web/src/lib/components/SellerSettlements.svelte,6820,41,34995ba759b3886cd28d825cef26f7df6a7221090bce4904812f3ebb07151683,swept,
web/src/lib/components/ShareActions.svelte,1516,21,9d6afea5f726310683add0c586d7bc5190651379bab09875be97379431ff592e,swept,
web/src/lib/components/SiteFooter.svelte,1114,9,89a5aa0167bdb583de64428e48cf975594de601ea5ffc50795aea181fd574bde,swept,
web/src/lib/components/SiteHeader.svelte,1493,48,1f98ad7255cdad2d2498bfb5d34dcb3ce2e5bedb5ef2ac77df5980a6449e7d5b,swept,
web/src/lib/components/Skeleton.svelte,843,29,f69a2b2bb90ecd5205037e1d834610a6d376094354a97b6f524e7cbb7c495c3f,swept,
web/src/lib/components/StatusPill.svelte,370,2,55bd297387d1953794d2cd7411ea92ac3bfb0fbb8111b53d2cdb0249e87ff04e,swept,
web/src/lib/components/SystemBanner.svelte,177,2,a33266b54c4f38c76a013262617b8576803b1cc22dccf0ee1ae5b1b9fe81afa4,swept,
web/src/lib/components/VerifyIdentity.svelte,1368,7,66232911d5cfdb528405a439a5fe89dfc081d3aed762da01df3d8c15fc93c885,swept,
web/src/lib/components/WorkspaceHub.svelte,1698,10,293aed3198e4c9d020a503c91af0363e67965e02fecc1284f30ce55fcf313c44,swept,
web/src/lib/components/WorkspacePage.svelte,11215,244,3eb2465f31a2cd0cb032f9020b0694bd8467395999e2afb960057679587f557f,swept,
web/src/lib/components/WorkspacePurchases.svelte,3863,63,2006ebbe3fb47ed409c326e36049466b3d54ad138b9bb80f1b9ee7b4d70c3ac7,swept,
web/src/lib/components/WorkspaceSectionNav.svelte,1157,9,253dbf0e1c332d449eac95cac3f63463867387271e6030e47d7c48c5de358b88,swept,
web/src/lib/consumer.ts,3366,36,6bdbc94003fd617c9a537170564f777266b4905a8581a633d6734684fa786aa8,swept,
web/src/lib/datetime.ts,1464,39,c037af864bd50ca44f422fc8a23e5329ff1a3bf9752e1f34b92d3cd16685db25,swept,
web/src/lib/deck/investor.ts,8179,137,d9d0fc8403f51e1ceb4653ac79c05516394328f01b425a3ff716fb248c50c459,swept,
web/src/lib/deck/manufacturer.ts,10239,190,c0c9c39ca0f2ef2352d3b2208712f61b0cedf1b29ef6ceb496b4d666a8c1d3a9,swept,
web/src/lib/deck/types.ts,495,18,8ee2d9b7d1263c2afe1040670dc04d7bed6e10bde32b81da38d6b06da8addf45,swept,
web/src/lib/demo-sale.ts,472,7,01efc8f08750f41584525ff6bddea236cbde99aac432b97573b341dc2f0eb17e,swept,
web/src/lib/distributor-import-batches.ts,2248,39,9324c931e31ca49c856f6496a0ada7481dd72804b52f251db672106fc11f2633,swept,
web/src/lib/distributor-import.ts,3863,51,edd206e97fa9115ae04c5fa0546dc3219972a6cf85a818674af65a268a3f6458,swept,
web/src/lib/fee-terms.ts,2027,26,fa2b80eb9f35aea34258a4d628c176cb784d7304ce11d4765da69764f3e77593,swept,
web/src/lib/financial-copy.ts,1931,22,3bf3f0ea138bc0cc18f008eed5d0993cf14130b5879b4d2b515fcf99d355b59e,swept,
web/src/lib/financial-input.ts,1016,18,0efc903381478399741a9ebc6303bcd6d2a0384bbdafe2877a11ca63e87bad85,swept,
web/src/lib/legal-defaults.json,29385,155,3b19935c04abeed5d1f50df502200406e9aebb20f3df4c4237ecea802770a7f2,swept,
web/src/lib/money.ts,3980,102,65260e30e9651c27a7b8c945cbcdb0e6c6fbd8bc86f9e52cbdce4dec78683f3f,swept,
web/src/lib/network-content.ts,4260,22,39b9b7a7c650ee25b71a82a9e30dd5ff4baa6286adc9e469d1b8cf77a5b303b8,swept,
web/src/lib/product-language.ts,5414,148,47967b8f3d7b17b7fbee9525de3d8a4621a274ea91de85d571f4255fd7411114,swept,
web/src/lib/product-tools.ts,1999,60,3eef0b7786d5453750ac25fe3b7d851d551647e33fb23be171cb13955c59a426,swept,
web/src/lib/records.ts,8063,78,de6c388e3e127834b3de49c67078b9a06dde4318534d1797b839866bd75cfccc,swept,
web/src/lib/sale-defaults.ts,1526,20,8390b390daf50fe44917e1bda64d6d01f1c5219dc7d743269c9d05f251aae0f4,swept,
web/src/lib/sale-drafts.ts,2087,27,f8fa1fb98d2ffdec4fad31ff46d3cc078ad9abd5d02050fd2a1a19b4f2fb2ddf,swept,
web/src/lib/sale-progress.ts,2954,21,d3ca3a0fef557329b8e7af297029ac994e9f92ac47a5211b00c13956a94478c2,swept,
web/src/lib/seo.ts,6587,118,b6e9356799950b102c51f28b2bf5e75c596951ca035dfb710c232fb8d03f0f26,swept,
web/src/lib/server/guides.ts,1913,23,1a9df354787927d1d8933b475021880f0502a2bd913a7987dd7ed3f9c9ec2212,swept,
web/src/lib/server/legal-config.ts,1187,28,478f39ded3fb48f7d838961d22c4c6da2db2763040e222c9d134b39f313b8249,swept,
web/src/lib/server/legal-content.ts,1926,23,fcf60634e83adb57c49483d26b2238097f90adca280eb9aeaa08ecef4771d9ad,swept,
web/src/lib/server/legal-publication.ts,655,14,c709baeb8e43715bd321f8981d7b36b6f9d6c226a4c23af80d07beb30c7b9aac,swept,
web/src/lib/server/page-cache.ts,1949,51,b7e99d29fdb20be1049ff84919f232b721db3d23d6385fa88390f8f5e85f8ce2,read-in-full,
web/src/lib/server/proxy-body.ts,4015,106,046db5ce8249bc9a3ae535c0b11a18250d6ca61b64df358f1af533b4139c2760,read-in-full,
web/src/lib/server/website-content.ts,705,10,032584665645b73c4feda102e432fba4a71d3358ad2510d3191414b2d5318de9,swept,
web/src/lib/trade-line-records.ts,1779,27,d5fe0b9f4eb23d16a0a2866e778db25369769467500f2308a7bf232a4c56ba7e,swept,
web/src/lib/website-content.ts,4782,32,287045c5e3ab2ba0f38923e7df714f3f2da7b6e6619edd36272c0ed40fc2db9f,swept,
web/src/lib/website-defaults.json,4767,73,e0515f509d5f660c49498849d3a757f0966629e6fb31dc6accbe1cf3abe4de27,swept,
web/src/lib/website-editor-content.ts,859,6,828c9e1a2a14459c25b118754e4c268d4a447d8687598a18e1c7539ce31825fd,swept,
web/src/lib/workspace-context.ts,732,14,78c0debdc36ca1e1c4b1774635272a5f33a74101f2ace92a9735db5e73d893e1,swept,
web/src/lib/workspace-navigation.ts,3604,38,6bec094e2903c75dc30e8618ca9312e35d31a810fdded690f933ed4bffc85649,swept,
web/src/routes/+error.svelte,1871,29,c3903b47c3faffac55dad6b5a45354f833e3ac029cba2b455014edb7a5dae1b6,swept,
web/src/routes/+layout.svelte,6310,125,403defd3993f65b6296a0e3980782234b82a6d44d7db093bd8c68644efce8144,swept,
web/src/routes/+page.server.ts,278,6,40ffb20ef3efcfdfafb3a966222a930bdb238f47abb57872a0d7ac43d98d61cc,swept,
web/src/routes/+page.svelte,3886,81,a47eb124db74e164cf9d492183c585af7c1a07277ced92b9573f65cbac2dc1e1,swept,
web/src/routes/account/+layout.svelte,582,12,c7aa2d1f95fee446598427bf867ae02fb85b1a18da7dde1852daba046eeb1e92,swept,
web/src/routes/account/+page.svelte,1199,13,689c0654ba58318e067e142c91a346884cd2dd336bcbc6ee7ca0d53082c31d01,swept,
web/src/routes/account/display/+page.svelte,1816,10,e47faefc978ccd3e39d65bf5e30d214a948c727533f3a3f0f9e552a3fd6f6e90,swept,
web/src/routes/account/messages/+page.svelte,198,3,e8b1a979078ec14b5eb4b89063facf9a7728c24478269796ab9571d7df18c5e5,swept,
web/src/routes/account/notifications/+page.svelte,5083,41,17c08819f776857cefdeb23302dd5253f51d0878810cad6e141e2b75dd4b8930,swept,
web/src/routes/account/privacy/+page.svelte,5684,16,1f6e53dd1f284dce33c864f5a2d6489c800e4042c0cf8838d3969d7833992c58,swept,
web/src/routes/account/security/+page.svelte,7636,120,885a3127860ecfe198a86074ff8e3c44ee0e59ab731105a980788c5c78222158,swept,
web/src/routes/account/suppliers/+page.svelte,5387,52,7bb79829870448970fb627a26e67a3e617e4ef8ec02d0aa12152aedfd3b2f271,swept,
web/src/routes/admin/+layout.svelte,4607,20,e0980e31b125f3d4bb911f3112f4361041b762a1f1b2cc0092a272d14188ff4e,swept,
web/src/routes/admin/+page.svelte,5323,22,93a1628cd3adcf7644e998a73697ed3b7c59f1567e82a42421ae582df81176d1,swept,
web/src/routes/admin/agents/+page.svelte,157,2,47c16e60d6d646639f1b096bab33d763650a4220682a7060ae8aeea3df1ede71,swept,
web/src/routes/admin/analytics/+page.svelte,12239,97,05cc5f7e41d715c5fa8225b8eed6ebaf11c675fff3ca7f1a0e315f815fecc4df,swept,
web/src/routes/admin/approvals/+page.svelte,11160,34,8ee91e249beebd5900107b14c9a8e24a4a70350a9760de1f73ba94d8dc67de0d,swept,
web/src/routes/admin/attention/+page.svelte,2184,7,d1a5e6e8fbaf2d95f052ea79faf399948e8dfbb6ef7783b8d52941c7f70e85ea,swept,
web/src/routes/admin/audit/+page.svelte,7398,167,0f9edf925a475933b506ed53dd2fcd0e4d9be348fe10b568a259d6ed0374ae62,swept,
web/src/routes/admin/billing/+page.svelte,8203,22,f04cf45f6b47f945186ff1a16917b28cec3e65484a5397e1b7664e18741f3225,swept,
web/src/routes/admin/cases/+page.svelte,3588,17,53b572190619d0f3e18343dc69f67efcc73b76a8156da973e125bc3d441227af,swept,
web/src/routes/admin/cases/[id]/+page.svelte,4988,38,dbbd5416ad32b834b2a6c4c8ecd1b60d91407d911d45fc08cb69d49e8120c091,swept,
web/src/routes/admin/consumer-sales/+page.svelte,195,3,f44b66f810ff3ae2fe15b6cf49c9f20ddb0b3ae2fe608dbb9f1b55172add7fd1,swept,
web/src/routes/admin/consumer-sales/[saleID]/+page.svelte,294,3,5c9dacd7fc5ed34c6169b7448d7e913c9467d27744479f90e96a64193cf75eca,swept,
web/src/routes/admin/controls/+page.svelte,7120,89,6efb537658d2c0f80b43deddab62e6aac312f2b5a8c8f431c07b429f4cf6a495,swept,
web/src/routes/admin/customer-registrations/+page.svelte,4223,23,d8d21cb1dbac9e1a43f7f67bd59f1a1c424afc90ad063b36dada4605d09d440b,swept,
web/src/routes/admin/diagnostics/+page.svelte,2139,15,addfbbbc1bcb57af81513b6201b10c0a37e4dbd403ea69f0b4110b96124158ac,swept,
web/src/routes/admin/disputes/+page.svelte,3742,13,ad40cc80403ab41d05c8893a30db268bfad52ce77d58a9e3483c48990ced54bf,swept,
web/src/routes/admin/disputes/[id]/+page.svelte,7737,45,6f9e51bbc57f3cc33bcd79e3eb96c613cae51534414e87d1bb9d4e1c1910d684,swept,
web/src/routes/admin/history/+page.svelte,5331,16,747b6b521442d190399d09a0dcf9184cb07c9efda120a7e7fd3c5db9d0b6963e,swept,
web/src/routes/admin/inbox/+page.svelte,3592,15,62388d00e513fc1571e021ee8d9ac11395bc1bba22c440d1f1317ca7004ce38f,swept,
web/src/routes/admin/jobs/+page.svelte,3244,25,32c717aa2d5f5ec8bfa4af6a334b76695c678d888f325b605fad14e2f51089b2,swept,
web/src/routes/admin/mandate-authorizations/+page.svelte,4623,23,987eea5bfad3a6277c8cc928fbb5ba71a954a6f099b0b983872f388c5eb1cc76,swept,
web/src/routes/admin/message-submissions/+page.svelte,5050,37,62d5bfaa6020e2518ec78a1e3e0f608a0ee9d5a4b9113efdb9be57ddcaee0747,swept,
web/src/routes/admin/money/+page.svelte,3792,20,e131a59f779ed14a475ca7eed3136f2775ff61b10fdfcacf9ed0d09d5f1fb5b9,swept,
web/src/routes/admin/mono/+page.svelte,6873,83,55e1284769340cdf9e6d73a6d8f5cbd635bec99a8dd69d216fa9ea53468696a6,swept,
web/src/routes/admin/organizations/+page.svelte,5100,19,6bb7f03a027576e03453119ea202521a48db061fee1390a5adf1c71180fcbdce,swept,
web/src/routes/admin/platform-settings/+page.svelte,41936,1098,2c20a51fbdd293da6013b9a97087bb14cb382241676a43c60f89f235e301b584,swept,A2-029
web/src/routes/admin/privacy/+page.svelte,5047,22,e462ba7ce1151a98d791fbe2232371a7944a4d3657e167b01c1b2d87ec1d9336,swept,
web/src/routes/admin/provider-events/+page.svelte,3215,21,84f00daa3079b6d1f3170ae346a9711424f6789f055aa904972b0b9f40424bb4,swept,
web/src/routes/admin/provider-work/+page.svelte,3990,30,7c6a82ff7316ae89840991efe7bb5165f2219b21ccc73c2245afd2e2ebbb4047,swept,
web/src/routes/admin/reconciliation/+page.svelte,6472,65,3af0bd864fd235358be08e52fd0f501733e041528a3fb86266bb0d8d67a367f6,swept,
web/src/routes/admin/recovery/+page.svelte,3321,19,d63047461af86a16703370d92a348b921995826181346d1db6fb7052b8a697dd,swept,
web/src/routes/admin/search/+page.svelte,3130,16,2a2d959410c463736961d71208ad2cb91725fc2c8f143257cf056ec694139bd7,swept,
web/src/routes/admin/seller-settlements/+page.svelte,264,3,e6f205fb22314db9de2fe727d8f352e5b4d4924ee060cfa4fc946ec4b5bb93a7,swept,
web/src/routes/admin/settings/+page.svelte,16515,103,cd5217fd8c567559764f294d66f9f85b7ed1e5df8b443d8793940c4e421d8ac3,swept,
web/src/routes/admin/settlement-review/+page.svelte,6875,28,801bc7c7062e53bd77cad005e04043bd9637c4a957d5b1586e40fdd69c9b4047,swept,
web/src/routes/admin/setup/+page.svelte,6881,44,2a2944e2412c4375acbd3e8548640a5dd9a416339831de3a3a16e90859019175,swept,
web/src/routes/admin/team/+page.svelte,12807,131,c1277849f6cfe3bdadc5b8c60336a268c032e2cd73ccb85f5313cd69b8b37d81,swept,
web/src/routes/admin/users/+page.svelte,4232,19,cd5653c288edc4090414ce55f25b89c3e718b61ac3a7060a07540c782b42d575,swept,
web/src/routes/admin/verification-requests/+page.svelte,4600,26,1ab1e9b1e60ee11120451f60fec5f668c0c01a1a84dfc430144a089d81e0f047,swept,
web/src/routes/admin/website/+page.svelte,13517,112,557e64bf61e35d5ebea617821cc30db38ae6e732cf5286c699b8b0d4e12e32a1,swept,
web/src/routes/agents/+page.svelte,751,10,03a576ce8a0f5754a8b244601901e4f28159a731e0e42be6fe177eb7cc92a8cc,swept,
web/src/routes/blog/+layout.svelte,719,15,efda6f976f76ebadb9abea532136bad8190c0a530beaa71c457ab9a14ebcb373,swept,
web/src/routes/blog/+page.server.ts,239,3,4b2856f9b2c2ad4e4afed28f70a12e236f044cf48d46680d619499c56248f485,swept,
web/src/routes/blog/+page.svelte,10042,65,bea1ca86216c6ba427f1f7d62e51e0916252ae731e1a60bcafdf2b897b22fdb2,swept,
web/src/routes/blog/[slug]/+page.server.ts,369,4,bbd967f6e728e861b8c578c78915ceed729c2bd01cea1b230c50a5e12a4e8a3d,swept,
web/src/routes/blog/[slug]/+page.svelte,8803,52,b50723c9c135696b58566d22c3ec2b3c6bc1977742c6cf14f786594c0f26e159,swept,
web/src/routes/blog/rss.xml/+server.ts,1573,12,006c3c817e543c01254e37eac09255e5188c222dc02205256e3253f7dcbb077f,swept,
web/src/routes/blog/topic/[topic]/+page.server.ts,741,21,7206e52fd8dcf4882746e25bdf3be17758d4041e53771180c0bede3ea76f06ef,swept,
web/src/routes/blog/topic/[topic]/+page.svelte,4546,41,18cfb36506344afa2e77c1998ccce105b5993e052e7d1782f42c2fe63bc9e10d,swept,
web/src/routes/buyer-invitations/+layout.svelte,221,5,760750c324a4ac245b575f0130c20f6da564dd2fa6e47d7cd30b0b3061cef1cc,swept,
web/src/routes/buyer-invitations/[token]/+page.svelte,8914,141,8f8f4adb3bc7032fc279196ee77ea3e9808a99cd14ad6671b6a0f1528818f8de,swept,
web/src/routes/c/+layout.svelte,221,5,760750c324a4ac245b575f0130c20f6da564dd2fa6e47d7cd30b0b3061cef1cc,swept,
web/src/routes/c/[token]/+page.svelte,471,3,93357e5b93a4d52616664d7470348ba29793910a874fc4ec0fc23d95b235d1c2,swept,
web/src/routes/c/[token]/+page.ts,191,5,a604e7b09d36082e4f0ed118a2f0c9178a4c63ac55b085b8adcaa16c7820c511,swept,
web/src/routes/consumers/+page.svelte,138,4,03a34bfebffdc56a3042909b7a0898718a77b9937e8eb2a269e18262561b5249,swept,
web/src/routes/contact/+page.server.ts,334,4,1e2d9639fdb837b2578843edebc701b4aaae13a10419e533824c7edc149c77a1,swept,
web/src/routes/contact/+page.svelte,1414,3,dd2ca897cd2de516c220851d2cfb9ea7cf003db3cf10f090a4fed35719726a7e,swept,
web/src/routes/deck/+page.svelte,208,5,d3a426b7d56432afb87d8e51b3acae50a93054730ba196e0dcde8c48de180587,swept,
web/src/routes/deck/investor/+page.svelte,191,5,e7d3742ed1d8eef46aca9f78e5622dc1416238563f18e1d77e7b612be86acbae,swept,
web/src/routes/demo/+page.svelte,20718,94,b6ac46e7278e273a043fa384edf77806a918b140ec7d76f74d8e9c4b34aa3d8f,swept,
web/src/routes/demo/consumer/+page.svelte,3246,26,e64d8b3e13769fc56cc526e92a95eabe5d24e46a1a7635b5783585e84526e9c5,swept,
web/src/routes/distributors/+page.svelte,141,4,f21bd2ab88bc7b910ea4caecd0cb0250f72c79fff686ca6a6c6e3c94d876c732,swept,
web/src/routes/faq/+page.server.ts,277,6,3e27cf01c9048a823df5bc16c4207dc6626e0532892cc1a11633c626cdbe6d9a,swept,
web/src/routes/faq/+page.svelte,977,21,3e76a6d109cb056a7b4681123e5df802dfc51188dae67889b2ef894b6abe4ac9,swept,
web/src/routes/glossary/+page.svelte,4907,49,455beff6ad0efe30feeb92266ea7a2550bb965ad531b4392ecf26921b42d6a76,swept,
web/src/routes/healthz/+server.ts,331,12,9f33f904c836edfd84813b4abed0ee2995d956e81bb92d8985caae18317f3e87,swept,
web/src/routes/how-it-works/+page.svelte,2994,13,a31f7d99df6c6bc516842139ff72f4af2c5d40a58d4732f5b0a4c7684955c5b2,swept,
web/src/routes/join/+page.svelte,1778,6,5e0ba06c0044063a4af3bf38cc00b308871d13869fb1fccf8b08f32f5e48b19f,swept,
web/src/routes/legal/complaints/+page.server.ts,218,2,5f41f71df30908961ac0becc2481a4f8e25ea22177ae7b800d45b7e9e9e4bd61,swept,
web/src/routes/legal/complaints/+page.svelte,3364,15,a751d11ced5e6e442bd0e1bde19badcdde6ccc9582f24d8da8f18f57eb863647,swept,
web/src/routes/legal/privacy/+page.server.ts,215,2,157f399b4f5a5189195b292861fd6cf8a67bcf1d7161a8facdac36b1c5ba0254,swept,
web/src/routes/legal/privacy/+page.svelte,14135,41,a830886d2a9eeb30f5146748eff500100c9a0eb5cef766a4d6f421d9a90da662,swept,
web/src/routes/legal/terms/+page.server.ts,213,2,d219a10e502ac19a9eeb91f6b5b0c1e548941dc1df564ebf274cbc62991683b6,swept,
web/src/routes/legal/terms/+page.svelte,16567,41,583d65ca3aca59901c667ada223d007de2a9ecdf36e5d0aeac28664ea86db791,swept,
web/src/routes/manufacturers/+page.svelte,142,4,d712030c6c55ee497cd5c2169b56f6f04312674b2bf4e58c9082c53312aaeee8,swept,
web/src/routes/pay/+layout.svelte,221,5,760750c324a4ac245b575f0130c20f6da564dd2fa6e47d7cd30b0b3061cef1cc,swept,
web/src/routes/pay/[token]/+page.svelte,3233,23,818335399bb9fb207a6461aed7b9bc950be91a2e92872288a2351b0422de9e7e,swept,
web/src/routes/personal/+layout.svelte,646,15,6e72de94533d1b558b141f5c8b1d1efc43203aeb8ee3fbb5d7eae54a358593d4,swept,
web/src/routes/personal/+page.server.ts,170,3,2f6d168edf425af65d6e355ba17289da1b72144e2e5ecefa9d47fcb8940d9a1c,swept,
web/src/routes/personal/purchases/+page.svelte,195,3,3cbc4bc81ff490c922313b90a566f1d758f28711dd13834ff3b34b9c485982f4,swept,
web/src/routes/personal/purchases/[saleID]/+page.svelte,277,3,0c942cfb000e12649d8637fa6c64cd401fcc1708da659685b8328f8bfadee222,swept,
web/src/routes/pricing/+page.server.ts,829,16,50f119e785ce3ed079951b6f140147b00079acb90aac415e3312c66c83c3cd95,swept,
web/src/routes/pricing/+page.svelte,10142,46,ffd06b7107c11f3ecdd29be90ea598e55ebcf5b64e0f0ed7be9480ad68195623,swept,
web/src/routes/receipt/+layout.svelte,221,5,760750c324a4ac245b575f0130c20f6da564dd2fa6e47d7cd30b0b3061cef1cc,swept,
web/src/routes/receipt/[public_token]/+page.svelte,3334,24,d19d5fd895f9d169119aee2d27f75700c5321eb31ca41e6f6500812bdb42c811,swept,
web/src/routes/recover/+page.svelte,6459,32,8f548b4c7de82ec24aac3a632f339991376835860e328dd206114ede181801c1,swept,
web/src/routes/retailers/+page.svelte,138,4,7753a0f52d46b0dcaefb233f38aa1ea611a25f63d635ead1fcf6cf8779088325,swept,
web/src/routes/robots.txt/+server.ts,703,19,71422e24c344f33b6053c5f48809354b880916c60cc3a32265101ba280c731f3,swept,
web/src/routes/secure/+page.svelte,1306,30,ba7fec536fa9a74fdb4dc8ac83a139ea682843c1069193004db4dedfcd5bdc57,swept,
web/src/routes/security/+page.svelte,7625,31,f351eb37fc31c443da56b7113760387336836079cb5e47a3f92badbd13095382,swept,
web/src/routes/signin/+page.server.ts,165,2,503f9dd64a303badc24b98d9202eaa50e49dbaa21076011f24fd184154d10960,swept,
web/src/routes/signin/+page.svelte,8991,85,b355cb6928c4cb0f9b8195426b6ef7ae730528d671e35dc54b1a40b0b013e801,swept,
web/src/routes/sitemap.xml/+server.ts,1710,29,a961583651624bba38ed0c9e332239da05356ef05f2a8d95795b9cd953d91986,swept,
web/src/routes/start/+page.svelte,2667,19,0af3bf4c271b0d59e21777f7b46afda322eceadfa139889e0a32f00f0ec41362,swept,
web/src/routes/workspace/+layout.svelte,2248,35,7c5a79aed0abab3f691f67b91a77f93517a86ca32e5fc50214552f1edb460ece,swept,
web/src/routes/workspace/+page.server.ts,187,3,6ed2b7ef251cc5d5f557d9c0cd720a4e93de467fc9c5ef924cf2549e7f0f01a9,swept,
web/src/routes/workspace/activity/+page.svelte,10413,62,002c988185367508d25d1cb2c39d2d18927aae43df85ea96d6bdd1fecd243298,swept,
web/src/routes/workspace/disputes/+page.svelte,1081,24,8d48d9e1f48dd84ff0e8f24694f836584de5b8618b6eb8a5671a0a5e4d500e5f,swept,
web/src/routes/workspace/disputes/[id]/+page.svelte,712,2,4485284022f850bd0cd415e1ae65fd3a8759cfe79f306e2b7de354998ec28aa4,swept,
web/src/routes/workspace/help/+page.svelte,7171,58,1e5df9fd0771fd69e5aa00f52064b982fc9bdab50dc0c6204d18706a92fb97a4,swept,
web/src/routes/workspace/money/+page.svelte,1802,21,5b18544ca28ffbaf26ed244a9b43f82a183d89d2f4ee12f6719c68e813767be0,swept,
web/src/routes/workspace/money/collections/+page.svelte,992,23,e99252d2d90d5337e848d085253cb2fb90071d19d6013f299ba47311a14a5e10,swept,
web/src/routes/workspace/money/received/+page.svelte,18833,98,ec847c4704bd913366e6d85740327d05f9b19137d89a1077eaae8c7ea8bf720f,swept,
web/src/routes/workspace/onboarding/+page.svelte,14950,74,ee28814db4f89824252acd54c640e652b1f7774eaef57d70802cc1241a7cd90d,swept,
web/src/routes/workspace/overdue/+page.svelte,964,25,0401a09fc72e51b6cb25f4a5d26b526299791da11d02b2f6123dae4480ff341c,swept,
web/src/routes/workspace/partners/+page.svelte,1477,16,98c0c52c4aa437343f13ed9136a89c7dbc0558c3894a76072e9993cb44d1dd83,swept,
web/src/routes/workspace/partners/access/+page.svelte,6188,36,0c773e70c2d8452610eee150ca1b9da38261d890ab408886b2c698fc01c8883c,swept,
web/src/routes/workspace/partners/customers/+page.svelte,993,24,abc34864864faffc96d27f5dcd462b1d517f13dfed70c7b5e908dc1cf6308b0b,swept,
web/src/routes/workspace/partners/customers/[id]/+page.svelte,8038,53,957ac87adaeafea1fa538158be3208ea85ae46ae50bccaf58326d81b2e92c05a,swept,
web/src/routes/workspace/partners/customers/new/+page.svelte,6174,38,80bc021bdd35cf1b9fa5c597c8b7b9ed70dae07be31e26705e751e8e9e932c42,swept,
web/src/routes/workspace/partners/import/+page.svelte,15267,282,eb668cc3a3e54a4f2a3258bbb024f839dadaafac5733d8ba46bba03280968105,swept,
web/src/routes/workspace/partners/invitations/+page.svelte,908,5,cf50bc67ca017507353524059f97d3df230050e3bee868827c5b7f9211851bd0,swept,
web/src/routes/workspace/partners/operations/+page.svelte,8691,53,f2c81a61d7bbe1e11e69c0097a75208e9a614b46c595c92bd86295aac0d30109,swept,
web/src/routes/workspace/purchases/+layout.svelte,5554,65,b89d7c56e29aea305971ece5a7838b11f272cf300e6cdc925a535db6b54eb54b,swept,
web/src/routes/workspace/purchases/+page.svelte,11570,93,a61d44ac4e5a12ecb85b3ed5cbc239a4c7892cd97645407c9e1e7f5311c804c3,swept,
web/src/routes/workspace/purchases/access/+page.svelte,4203,21,cb397e2fbdfa1fb57345d3bcbb363d5539d4b279e4e08d94ac3d2b332a1f9f2d,swept,
web/src/routes/workspace/purchases/amendments/+page.svelte,5572,60,f6294b2a7c4dfaa49c2b30a1b68a8a0e1692db6da3a1d0b7c039619c927a648d,swept,
web/src/routes/workspace/purchases/bank-authorization/[reference]/+page.svelte,7949,42,e9f6e4f3efe371706787756f443576294bcba4506b63155bc6ce75f1f60e942c,swept,
web/src/routes/workspace/purchases/disputes/+page.svelte,1124,24,0ef596d50eccb5d5fda04ea07649e3896fb01d2f134a06aaff586eb338370942,swept,
web/src/routes/workspace/purchases/disputes/[id]/+page.svelte,528,2,6d70d981d446f7a2a77effd26f8c49bdf582d0927de3ac45a59cc72cb64313d2,swept,
web/src/routes/workspace/purchases/history/+page.svelte,9475,194,1d7a4537b455d9f9b6fd43ae8b9f12d58ed4b8b8b76f83db1f1270cc8b3bea1d,swept,
web/src/routes/workspace/purchases/mandates/+page.svelte,5296,48,e5a4b4959f1433a6f87093af90807f6609cf25dfb36166fe7f38c31448cdc6a5,swept,
web/src/routes/workspace/purchases/obligations/+page.svelte,1410,34,0378d49995bb4333e603d03775c138a2e3a5f1c1cf7273a5ee8b2bcfc6898a4f,swept,
web/src/routes/workspace/purchases/obligations/[id]/+page.svelte,7069,94,2bf3d55351ed8d8fc3971f63557c9fa24699faa3b8c21f3970bd4b92c2bd69f6,swept,
web/src/routes/workspace/purchases/orders/+page.svelte,1288,30,71d6ad78e503f3363067bfe21b9f693465028f113cbcc9ffb0562105245b5bda,swept,
web/src/routes/workspace/purchases/orders/[requestID]/+page.svelte,23833,156,ae6d5dfa2875c5b748e4b3cac59f10a9412a77a7f064297c0fb55f1740268d7a,swept,
web/src/routes/workspace/purchases/payments/+page.svelte,3717,32,42862afe0cb6857b453148bd69abed19c5f93b5f548fde0f276508734bd25e8f,swept,
web/src/routes/workspace/purchases/permissions/+page.svelte,7444,63,66bcfd15b8ff01e4f081de00980ad7e240ae3862659d49ba0c7b26cbc7c113fc,swept,
web/src/routes/workspace/purchases/trade-lines/+page.svelte,9555,71,a476acfb3dd7ac2452617069d44f19cd3ec03d71236c2f55cd6f4ab82306173e,swept,
web/src/routes/workspace/referral/+page.svelte,3533,10,50ec5e6cf8454a068919f3db3c340d7a9791ea2bad41f7cd2347703010f7a3eb,swept,
web/src/routes/workspace/reports/+page.svelte,22595,259,eddcf1f7342803278072803a2b166e0bea86cf60a6ba976bba1fbc6409fdb47d,swept,
web/src/routes/workspace/sales/+page.svelte,6749,43,8d4b975dd928d4ff9db55b9e5e8bc15404417477b06f67b46e4d8a48b427c1fd,swept,
web/src/routes/workspace/sales/[id]/+page.svelte,30454,202,37b972b8df171a8e49d2607367c7c7193821314ea28efbc003ecccad6332a3e6,swept,
web/src/routes/workspace/sales/[id]/deliveries/+page.svelte,13790,455,a1ba251ba8b9b03f26212e4f41e78d67cdeb395265840fc4fc2f3f1fef2eb8f3,swept,
web/src/routes/workspace/sales/approvals/+page.svelte,12393,92,e70beba8168c6e6247a113e7d5f0535830e29ebc9bba0e2db6ede8c4f542154b,swept,
web/src/routes/workspace/sales/consumers/+page.svelte,196,3,465f4dccc1b30469bf2f36cc9d26804f92ff0f648aa524bac7af665211a64c59,swept,
web/src/routes/workspace/sales/consumers/[saleID]/+page.svelte,354,3,17a3bf0cda2095022fe030cf686a2f2437fd07ced1dcfe5907d5e23507f311c7,swept,
web/src/routes/workspace/sales/limits/+page.svelte,9592,62,347c3ac558943f429cd02c76c5162bb045b792fdef585f1dc81444ff03627fbd,swept,
web/src/routes/workspace/sales/limits/[id]/+page.svelte,16413,156,8d5bcfe9fc82a4a587f30de10f640dbec26995fff02f16895fd4879d030ae977,swept,
web/src/routes/workspace/sales/new/+page.svelte,24059,158,534e5e971e9fc869236f860d1b1683c636071f050254a0fa47ac40222b9a52bd,swept,
web/src/routes/workspace/sales/new/+page.ts,375,11,4b7f46bf60ecd6f031f303450b83d6cc98b27500d35ea90e56960b85abf57ceb,swept,
web/src/routes/workspace/sales/quick/+page.svelte,17237,147,29fbf7bb6e4201f4e8894c32d55af5faaeb364f1360fcffe5282f9a68fea6d1a,swept,
web/src/routes/workspace/search/+page.svelte,9603,76,9249dfb5a1ef324647c3d818e3990fb0ae83fb561e47976e459e06bd645c48d5,swept,
web/src/routes/workspace/settings/+page.svelte,1645,20,38c8f96843eddcd5cd8a7b754d7d09172fdf35d6a13f7910f7c21dda55fd00b1,swept,
web/src/routes/workspace/settings/billing/+page.svelte,5332,17,01909084ce94ea3200969d3bd1eb3e6e18f4994e97731b1f1f0e9128e7704118,swept,
web/src/routes/workspace/settings/credit-policy/+page.svelte,3595,13,22e3fdd4572382bc8ba1951c55308991d7892331f32ce82b7157e4f62ffd3915,swept,
web/src/routes/workspace/settings/settlement/+page.svelte,5028,35,9959a59ce4ba6c080b178794fb3f311f4ec661a3a90587dff8251af8d0e24be4,swept,
web/src/routes/workspace/team/+page.svelte,8018,56,e7313f0b64b330a196df1da1119ce8fba69f415c04d85e3d294eb0b06aca58ab,swept,
web/src/routes/workspace/today/+page.svelte,16548,118,11625f1bee0e6f24e55739846b7b38787ee0025efe4f5645e043f3ed67067212,swept,
web/src/service-worker.ts,1872,48,0368e4252bd0f0dbaa818fcca6a872516242df24378d186c2d33b0bb5a5fd8c5,read-in-full,
web/static/apple-touch-icon.png,10750,,b96951bdb7dec0d985081da0385a7f332760a112c6ab2403a12d49266a48f047,not-reviewed,
web/static/favicon.svg,8106,4,14803be6b24722804c6c767f0c5b955212537bc55fc3c8c6c02cd60f31f3ad12,not-reviewed,
web/static/fonts/fraunces-opsz.woff2,67304,,7234ed860a9cc83045413c4faee63c960a8f2d1917adcf728119307d56e0d783,not-reviewed,
web/static/fonts/inter.woff2,48256,,3100e775e8616cd2611beecfa23a4263d7037586789b43f035236a2e6fbd4c62,not-reviewed,
web/static/icon-192.png,10907,,be4cb57887ea02d81eaa0029149bf3145c0884e187eb08444ecc5fbd5840a612,not-reviewed,
web/static/icon-512.png,21039,,aac7c835b0118409c3ad2bb4b63a46e4baf693f44f78c14b5591eb11c210cca6,not-reviewed,
web/static/icon-maskable.svg,8088,4,c7c38f6d4b5b053b2307cd71aa37952d7ab87fc7878b28ea9a0cc8c730914976,not-reviewed,
web/static/icon.svg,8106,4,4606b18334bbea6499bffa798e4ab8e512badee7a60b0ae936611e8804bb90fa,not-reviewed,
web/static/manifest.webmanifest,1440,27,475a33012db0cd66541e6b61a5781e5f72751924b9b227871a40d3f7267d8e88,not-reviewed,
web/static/og-source.html,2635,32,3fa4b8501b59fa7b43de8253ee3960dbff517f5743919ee92c40d1562d5c2b16,not-reviewed,
web/static/og.jpg,51067,,07e882e5272da5a302f64329b361915adcf5709bb6580a79db113ced126921f0,not-reviewed,
web/static/og.png,349656,,ccebf88bad12ffe719a355625b532a35484b557ed1389317a162fcc10d23df3f,not-reviewed,
web/svelte.config.js,978,31,5c979519088557841e32b5b0d2423aa97ec625e7fbdb70592a29db8e45ae83e8,read-in-full,
web/test-support/public-api.mjs,2268,40,427ce6c3c25172a673d0246667f9ca8f135d634eb4e20d560abb72fbd54d61da,not-reviewed,
web/test-support/public-api.test.mjs,1137,20,af8c05a63eb0730b9f26603a7c551381213a4b2bf8e247b7035162ca7391c4dd,not-reviewed,
web/tests/access-control.spec.ts,9460,116,28a5492bd6df106b6537ab05eb5d7c4d3c4711a0f98a487f7b964a0492f354be,not-reviewed,
web/tests/accessibility.spec.ts,10652,134,5e62984ac3eda954ed500897d54c404a879089e28cbb8dcc2812f2bed242c7d8,not-reviewed,
web/tests/account-safety-outage.spec.ts,8516,124,5925d42efb262579ef19fabe1d562675b561dec5abfdb0f827e0bb13657e9640,not-reviewed,
web/tests/admin-controls-retry.spec.ts,3515,45,f74ed1b599a310a88f47792c1b4610518c08f2e5abf9a4ab786cde4a886a48ff,not-reviewed,
web/tests/admin-outage.spec.ts,14583,226,52ff4c0a9797f9baa3306917a003db9d319bc4a1b9ca73e8e1c5d692d113c1b1,not-reviewed,
web/tests/admin-section.spec.ts,6259,159,4fb951a2e576bf02f8fa7e137b59cdfbafd8163f1678d35961b73ba85f8fea47,not-reviewed,
web/tests/admin-workflows.spec.ts,8954,65,b45c2942cad1c061b2a69407f4160e92e3feaa29ccd7e428d39af2fbb730dcbc,not-reviewed,
web/tests/article-drafts.spec.ts,1215,27,c22526880ca458f8a67716dae660630c396321260b20bfb34c03cbb03578f815,not-reviewed,
web/tests/audit-completion.spec.ts,13502,187,503ab235c744a9416ba3ccbaffc1b1017a8e0bd00336175470f69178bae797e9,not-reviewed,
web/tests/audit-fixes.spec.ts,5577,29,4ede47af254911a0e2b3de61fe3779817b92c018ea857d8e9087aaf09758fa47,not-reviewed,
web/tests/audit-full-form.spec.ts,4242,52,a696c7988469f2ef720948915c4944c0867169bf93138c1abb909266d4c0e353,not-reviewed,
web/tests/audit-page-cache.spec.ts,4680,99,6353b9ad53e54495206d23da35b09c5f1c1bc602c0a34fafa65ebbe1624226cb,not-reviewed,
web/tests/audit-product-journeys.spec.ts,18743,223,3b202b435da3437920fa26b0bdc7ed8dfb6ab82206ea58530494e01ef437ded0,not-reviewed,
web/tests/audit-public-integrity.spec.ts,1595,26,2dc1f5f9a3ed843fff493f84ae3c33c497788e820c8f2cdd38797a13dbda8cee,not-reviewed,
web/tests/audit-reliability-unit.spec.ts,14399,214,42266376ff86c0976fd766f3af28f61c7480f81288c348304e2b5e6f153d51b4,not-reviewed,
web/tests/audit-route-discovery.spec.ts,2119,46,21a5eb888499c265cbc96cd5a6205e698c15225ae5215de4b3d6178439accd2b,not-reviewed,
web/tests/branch-access.spec.ts,3258,31,65918c96220deca398dd1d3d023efb2963136884d4db89fa0af71c77c0467283,not-reviewed,
web/tests/business-settings.spec.ts,5336,65,187bb51d5ecedf8940573cb31a653bae09936adf449acb32f09a67d8df4a62aa,not-reviewed,
web/tests/completion-history.spec.ts,2041,20,e70499f2ba36c6315f7a683d8ab5f0cb22d89a1ae1a390d915b491183994e841,not-reviewed,
web/tests/content-seo.spec.ts,7462,103,9092ae565180b2a9ecec6c80d687cd662af4743d26de1f162516d0bfd8cde865,not-reviewed,
web/tests/credit-approvals.spec.ts,5105,55,050a33203df510f9c8585ff0c38f993b44ed07722efc7b66463e51a58abf5386,not-reviewed,
web/tests/customer-limit-recovery.spec.ts,3390,38,5c82474d35378467a54117feaa265cd1d7aa6e49efc0d92c4d4e224ac74d86a7,not-reviewed,
web/tests/demo-readiness.spec.ts,749,17,dff1324f0554a476d0bd6f8147a7d2b45ba867c7d26543444d89a40a44f2bd00,not-reviewed,
web/tests/dispute-detail-outage.spec.ts,4061,58,8dc5bf6a6dbf3435767452a0891bbe4a4d8fe72db9c5df9ed71142e2d73367d5,not-reviewed,
web/tests/distributor-import.spec.ts,6344,68,7c33bc262e75df278751dd19d04dabea5be0d1d848a77ff15f1eab72dbbe63e1,not-reviewed,
web/tests/fee-operations-recovery.spec.ts,3984,67,d38898b2a34dd4076e860a8890fbcacc1ad065f43737f17b24a5e219fd2067ea,not-reviewed,
web/tests/financial-completion.spec.ts,3771,45,395dc076fd2a1eaf7ea402bec68e188d8ef96a3adba23a6382cb58d069a33424,not-reviewed,
web/tests/health.spec.ts,2289,42,97256216629ebc8ebaa1a34fe1f962d85c551725b4415f91d759b5e3f536145b,not-reviewed,
web/tests/healthz.spec.ts,495,10,28e657d3bda56c445eea6f8b844b5a4970b38aeaf65d4b984be8cae437b301af,not-reviewed,
web/tests/money.spec.ts,1379,25,a3c477efc7b209540741cb23fe2dbd6d1ad1802380b32014448898f5bd200db3,not-reviewed,
web/tests/network-navigation.spec.ts,1961,25,db7d1cfc9255a2cbffe358bc325efbf46ea705453608086aee59bc8a81dd7273,not-reviewed,
web/tests/network-operations.spec.ts,4048,30,ac346282d21526c8e3dcab0d74806703cb6592ff182bb4b349ef7a22ffe5e63a,not-reviewed,
web/tests/notification-history-outage.spec.ts,2242,33,dc153a301d4888de903aa917f695504b70e9acae6bdb35bc7ee20b90c538bf24,not-reviewed,
web/tests/privacy-partial-approval.spec.ts,1610,21,6b09b4650cf430b6c21ca084115724cbff7244f0c23b47d174e658e4ae7e7513,not-reviewed,
web/tests/product-flows.spec.ts,47194,430,c8eba5cc97ae2489e2fce402c739e168cc81d33d3714bd21092d2bfd732b0d73,not-reviewed,
web/tests/product-quality.spec.ts,8022,134,e3a344fbc49a051c76e67b29eec1c87140f87e2e5d347af16729d065dc453286,not-reviewed,
web/tests/proxy-input-boundaries.spec.ts,6235,149,cd869dc1d1d80be946b9f91898ffb19dab1c20c809a163cf7dd9775b34e7dc9b,not-reviewed,
web/tests/public-money-links.spec.ts,2164,34,f6b7c68830e4c22f193852cf44a18c64e35105dc277c1971127be5e9cd942ceb,not-reviewed,
web/tests/public-security-content.spec.ts,1533,22,82c948da2d727406b98722c373dd46d273b9320daa4678b40262cfefb6b9b119,not-reviewed,
web/tests/publication-rendering.spec.ts,2640,27,78119c621444b985c4dcf83ff8535c191098caa03a6c7a9080780e86990c8123,not-reviewed,
web/tests/purchasing-authority.spec.ts,4876,27,0c602c8ead52d8ba80c934a54754dc803969065d13898ed09e62c7e3a1b88901,not-reviewed,
web/tests/real-stack-financial.spec.ts,4817,81,65218a5a09d898febb2624caa034fbe8b5628b885bd299c729839d1ced8c9fb4,not-reviewed,
web/tests/registration-recovery.spec.ts,2173,27,7183e0f8d0a5f74f7516b18591e60e8a241daf3fdeaff7693a3861be4aebdb59,not-reviewed,
web/tests/sign-in.spec.ts,5662,138,93e0a1e18fcc6c3225e63747d072d8f234cd2cee2dd23a46a41a1e7776a4c3bc,not-reviewed,
web/tests/unified-network.spec.ts,6727,97,1be3ec036d6f7775b07f087a44f465357a7bd88b360216d86f2a41f68b12577e,not-reviewed,
web/tests/website-editor.spec.ts,3321,36,b393f019bcbcc5180d019895d1285fe58bc3fbaa2b870388c38cf7e59e88bd97,not-reviewed,
web/tests/workspace-audit.spec.ts,7622,108,fa5bee4150c909667dd91705ebbb0b4d31e0632005e97a3c94b86f25be36a715,not-reviewed,
web/tests/workspace-network.spec.ts,3344,47,f3a32cee4117974da57aae4684165dc133360918d77422e4dc8b8b27b58c5926,not-reviewed,
web/tsconfig.json,327,15,8693373e6ce71e380b8d126a468e5795655471c037debe480db1b11c249876d4,read-in-full,
web/vercel.json,132,6,49acfd25aedb93f9b6d1e48053b20a6b59dc367e51e7e62c21861de844d4f0d8,not-reviewed,
web/vite.config.ts,479,17,fcf028651eb551b392b7a47abc33740c67bf127b457fb60907f79771de6e09a0,read-in-full,
