schema	table	field	classification	subject	source	purpose	lawful_basis	readers	writers	protection	retention	deletion_hold_behavior	processor	location_transfer	owner
app	account_recovery_codes	id	confidential_commercial	business_or_transaction	application_or_authorized_provider	account_security	pending_legal_approval	authorized_user;case_bound_compliance	validated_application_command;authorized_worker	database_encryption;rls;access_audit	environment_retention_register_pending_legal_approval	delete_or_pseudonymize_after_approved_request_and_retention_expiry	kredit	configured_region;transfer_assessment_required_for_external_processor	Security Engineering Lead
app	account_recovery_codes	user_id	restricted_identity	account_user	application_or_authorized_provider	account_security	pending_legal_approval	authorized_user;case_bound_compliance	validated_application_command;authorized_worker	database_encryption;rls;access_audit	environment_retention_register_pending_legal_approval	delete_or_pseudonymize_after_approved_request_and_retention_expiry	kredit	configured_region;transfer_assessment_required_for_external_processor	Security Engineering Lead
app	account_recovery_codes	code_hash	restricted_authentication	business_or_transaction	application_or_authorized_provider	account_security	pending_legal_approval	authorized_user;case_bound_compliance	validated_application_command;authorized_worker	one_way_hmac_or_hash	environment_retention_register_pending_legal_approval	delete_or_pseudonymize_after_approved_request_and_retention_expiry	kredit	configured_region;transfer_assessment_required_for_external_processor	Security Engineering Lead
app	account_recovery_codes	code_hint	confidential_commercial	business_or_transaction	application_or_authorized_provider	account_security	pending_legal_approval	authorized_user;case_bound_compliance	validated_application_command;authorized_worker	database_encryption;rls;access_audit	environment_retention_register_pending_legal_approval	delete_or_pseudonymize_after_approved_request_and_retention_expiry	kredit	configured_region;transfer_assessment_required_for_external_processor	Security Engineering Lead
app	account_recovery_codes	state	confidential_commercial	business_or_transaction	application_or_authorized_provider	account_security	pending_legal_approval	authorized_user;case_bound_compliance	validated_application_command;authorized_worker	database_encryption;rls;access_audit	environment_retention_register_pending_legal_approval	delete_or_pseudonymize_after_approved_request_and_retention_expiry	kredit	configured_region;transfer_assessment_required_for_external_processor	Security Engineering Lead
app	account_recovery_codes	created_at	confidential_commercial	business_or_transaction	application_or_authorized_provider	account_security	pending_legal_approval	authorized_user;case_bound_compliance	validated_application_command;authorized_worker	database_encryption;rls;access_audit	environment_retention_register_pending_legal_approval	delete_or_pseudonymize_after_approved_request_and_retention_expiry	kredit	configured_region;transfer_assessment_required_for_external_processor	Security Engineering Lead
app	account_recovery_codes	expires_at	confidential_commercial	business_or_transaction	application_or_authorized_provider	account_security	pending_legal_approval	authorized_user;case_bound_compliance	validated_application_command;authorized_worker	database_encryption;rls;access_audit	environment_retention_register_pending_legal_approval	delete_or_pseudonymize_after_approved_request_and_retention_expiry	kredit	configured_region;transfer_assessment_required_for_external_processor	Security Engineering Lead
app	account_recovery_codes	used_at	confidential_commercial	business_or_transaction	application_or_authorized_provider	account_security	pending_legal_approval	authorized_user;case_bound_compliance	validated_application_command;authorized_worker	database_encryption;rls;access_audit	environment_retention_register_pending_legal_approval	delete_or_pseudonymize_after_approved_request_and_retention_expiry	kredit	configured_region;transfer_assessment_required_for_external_processor	Security Engineering Lead
app	account_recovery_events	id	confidential_commercial	business_or_transaction	application_or_authorized_provider	account_security	pending_legal_approval	authorized_user;case_bound_compliance	validated_application_command;authorized_worker	database_encryption;rls;access_audit	environment_retention_register_pending_legal_approval	delete_or_pseudonymize_after_approved_request_and_retention_expiry	kredit	configured_region;transfer_assessment_required_for_external_processor	Security Engineering Lead
app	account_recovery_events	request_id	confidential_commercial	business_or_transaction	application_or_authorized_provider	account_security	pending_legal_approval	authorized_user;case_bound_compliance	validated_application_command;authorized_worker	database_encryption;rls;access_audit	environment_retention_register_pending_legal_approval	delete_or_pseudonymize_after_approved_request_and_retention_expiry	kredit	configured_region;transfer_assessment_required_for_external_processor	Security Engineering Lead
app	account_recovery_events	event_type	confidential_commercial	business_or_transaction	application_or_authorized_provider	account_security	pending_legal_approval	authorized_user;case_bound_compliance	validated_application_command;authorized_worker	database_encryption;rls;access_audit	environment_retention_register_pending_legal_approval	delete_or_pseudonymize_after_approved_request_and_retention_expiry	kredit	configured_region;transfer_assessment_required_for_external_processor	Security Engineering Lead
app	account_recovery_events	actor_user_id	restricted_identity	account_user	application_or_authorized_provider	account_security	pending_legal_approval	authorized_user;case_bound_compliance	validated_application_command;authorized_worker	database_encryption;rls;access_audit	environment_retention_register_pending_legal_approval	delete_or_pseudonymize_after_approved_request_and_retention_expiry	kredit	configured_region;transfer_assessment_required_for_external_processor	Security Engineering Lead
app	account_recovery_events	actor_reference	confidential_commercial	business_or_transaction	application_or_authorized_provider	account_security	pending_legal_approval	authorized_user;case_bound_compliance	validated_application_command;authorized_worker	database_encryption;rls;access_audit	environment_retention_register_pending_legal_approval	delete_or_pseudonymize_after_approved_request_and_retention_expiry	kredit	configured_region;transfer_assessment_required_for_external_processor	Security Engineering Lead
app	account_recovery_events	metadata	confidential_commercial	business_or_transaction	application_or_authorized_provider	account_security	pending_legal_approval	authorized_user;case_bound_compliance	validated_application_command;authorized_worker	database_encryption;rls;access_audit	environment_retention_register_pending_legal_approval	delete_or_pseudonymize_after_approved_request_and_retention_expiry	kredit	configured_region;transfer_assessment_required_for_external_processor	Security Engineering Lead
app	account_recovery_events	created_at	confidential_commercial	business_or_transaction	application_or_authorized_provider	account_security	pending_legal_approval	authorized_user;case_bound_compliance	validated_application_command;authorized_worker	database_encryption;rls;access_audit	environment_retention_register_pending_legal_approval	delete_or_pseudonymize_after_approved_request_and_retention_expiry	kredit	configured_region;transfer_assessment_required_for_external_processor	Security Engineering Lead
app	account_recovery_evidence	id	confidential_commercial	business_or_transaction	application_or_authorized_provider	account_security	pending_legal_approval	authorized_user;case_bound_compliance	validated_application_command;authorized_worker	database_encryption;rls;access_audit	environment_retention_register_pending_legal_approval	delete_or_pseudonymize_after_approved_request_and_retention_expiry	kredit	configured_region;transfer_assessment_required_for_external_processor	Security Engineering Lead
app	account_recovery_evidence	request_id	confidential_commercial	business_or_transaction	application_or_authorized_provider	account_security	pending_legal_approval	authorized_user;case_bound_compliance	validated_application_command;authorized_worker	database_encryption;rls;access_audit	environment_retention_register_pending_legal_approval	delete_or_pseudonymize_after_approved_request_and_retention_expiry	kredit	configured_region;transfer_assessment_required_for_external_processor	Security Engineering Lead
app	account_recovery_evidence	factor_type	confidential_commercial	business_or_transaction	application_or_authorized_provider	account_security	pending_legal_approval	authorized_user;case_bound_compliance	validated_application_command;authorized_worker	database_encryption;rls;access_audit	environment_retention_register_pending_legal_approval	delete_or_pseudonymize_after_approved_request_and_retention_expiry	kredit	configured_region;transfer_assessment_required_for_external_processor	Security Engineering Lead
app	account_recovery_evidence	evidence_hash	restricted_authentication	business_or_transaction	application_or_authorized_provider	account_security	pending_legal_approval	authorized_user;case_bound_compliance	validated_application_command;authorized_worker	one_way_hmac_or_hash	environment_retention_register_pending_legal_approval	delete_or_pseudonymize_after_approved_request_and_retention_expiry	kredit	configured_region;transfer_assessment_required_for_external_processor	Security Engineering Lead
app	account_recovery_evidence	verified_at	confidential_commercial	business_or_transaction	application_or_authorized_provider	account_security	pending_legal_approval	authorized_user;case_bound_compliance	validated_application_command;authorized_worker	database_encryption;rls;access_audit	environment_retention_register_pending_legal_approval	delete_or_pseudonymize_after_approved_request_and_retention_expiry	kredit	configured_region;transfer_assessment_required_for_external_processor	Security Engineering Lead
app	account_recovery_rate_limits	fingerprint_hash	restricted_authentication	business_or_transaction	application_or_authorized_provider	account_security	pending_legal_approval	authorized_user;case_bound_compliance	validated_application_command;authorized_worker	one_way_hmac_or_hash	environment_retention_register_pending_legal_approval	delete_or_pseudonymize_after_approved_request_and_retention_expiry	kredit	configured_region;transfer_assessment_required_for_external_processor	Security Engineering Lead
app	account_recovery_rate_limits	window_started_at	confidential_commercial	business_or_transaction	application_or_authorized_provider	account_security	pending_legal_approval	authorized_user;case_bound_compliance	validated_application_command;authorized_worker	database_encryption;rls;access_audit	environment_retention_register_pending_legal_approval	delete_or_pseudonymize_after_approved_request_and_retention_expiry	kredit	configured_region;transfer_assessment_required_for_external_processor	Security Engineering Lead
app	account_recovery_rate_limits	attempt_count	confidential_commercial	business_or_transaction	application_or_authorized_provider	account_security	pending_legal_approval	authorized_user;case_bound_compliance	validated_application_command;authorized_worker	database_encryption;rls;access_audit	environment_retention_register_pending_legal_approval	delete_or_pseudonymize_after_approved_request_and_retention_expiry	kredit	configured_region;transfer_assessment_required_for_external_processor	Security Engineering Lead
app	account_recovery_requests	id	confidential_commercial	business_or_transaction	application_or_authorized_provider	account_security	pending_legal_approval	authorized_user;case_bound_compliance	validated_application_command;authorized_worker	database_encryption;rls;access_audit	environment_retention_register_pending_legal_approval	delete_or_pseudonymize_after_approved_request_and_retention_expiry	kredit	configured_region;transfer_assessment_required_for_external_processor	Security Engineering Lead
app	account_recovery_requests	target_user_id	restricted_identity	account_user	application_or_authorized_provider	account_security	pending_legal_approval	authorized_user;case_bound_compliance	validated_application_command;authorized_worker	database_encryption;rls;access_audit	environment_retention_register_pending_legal_approval	delete_or_pseudonymize_after_approved_request_and_retention_expiry	kredit	configured_region;transfer_assessment_required_for_external_processor	Security Engineering Lead
app	account_recovery_requests	state	confidential_commercial	business_or_transaction	application_or_authorized_provider	account_security	pending_legal_approval	authorized_user;case_bound_compliance	validated_application_command;authorized_worker	database_encryption;rls;access_audit	environment_retention_register_pending_legal_approval	delete_or_pseudonymize_after_approved_request_and_retention_expiry	kredit	configured_region;transfer_assessment_required_for_external_processor	Security Engineering Lead
app	account_recovery_requests	requested_channel	confidential_commercial	business_or_transaction	application_or_authorized_provider	account_security	pending_legal_approval	authorized_user;case_bound_compliance	validated_application_command;authorized_worker	database_encryption;rls;access_audit	environment_retention_register_pending_legal_approval	delete_or_pseudonymize_after_approved_request_and_retention_expiry	kredit	configured_region;transfer_assessment_required_for_external_processor	Security Engineering Lead
app	account_recovery_requests	request_fingerprint	confidential_commercial	business_or_transaction	application_or_authorized_provider	account_security	pending_legal_approval	authorized_user;case_bound_compliance	validated_application_command;authorized_worker	database_encryption;rls;access_audit	environment_retention_register_pending_legal_approval	delete_or_pseudonymize_after_approved_request_and_retention_expiry	kredit	configured_region;transfer_assessment_required_for_external_processor	Security Engineering Lead
app	account_recovery_requests	risk_facts	confidential_commercial	business_or_transaction	application_or_authorized_provider	account_security	pending_legal_approval	authorized_user;case_bound_compliance	validated_application_command;authorized_worker	database_encryption;rls;access_audit	environment_retention_register_pending_legal_approval	delete_or_pseudonymize_after_approved_request_and_retention_expiry	kredit	configured_region;transfer_assessment_required_for_external_processor	Security Engineering Lead
app	account_recovery_requests	attempt_count	confidential_commercial	business_or_transaction	application_or_authorized_provider	account_security	pending_legal_approval	authorized_user;case_bound_compliance	validated_application_command;authorized_worker	database_encryption;rls;access_audit	environment_retention_register_pending_legal_approval	delete_or_pseudonymize_after_approved_request_and_retention_expiry	kredit	configured_region;transfer_assessment_required_for_external_processor	Security Engineering Lead
app	account_recovery_requests	independent_factor_count	confidential_commercial	business_or_transaction	application_or_authorized_provider	account_security	pending_legal_approval	authorized_user;case_bound_compliance	validated_application_command;authorized_worker	database_encryption;rls;access_audit	environment_retention_register_pending_legal_approval	delete_or_pseudonymize_after_approved_request_and_retention_expiry	kredit	configured_region;transfer_assessment_required_for_external_processor	Security Engineering Lead
app	account_recovery_requests	reviewer_user_id	restricted_identity	account_user	application_or_authorized_provider	account_security	pending_legal_approval	authorized_user;case_bound_compliance	validated_application_command;authorized_worker	database_encryption;rls;access_audit	environment_retention_register_pending_legal_approval	delete_or_pseudonymize_after_approved_request_and_retention_expiry	kredit	configured_region;transfer_assessment_required_for_external_processor	Security Engineering Lead
app	account_recovery_requests	review_reason	confidential_commercial	business_or_transaction	application_or_authorized_provider	account_security	pending_legal_approval	authorized_user;case_bound_compliance	validated_application_command;authorized_worker	database_encryption;rls;access_audit	environment_retention_register_pending_legal_approval	delete_or_pseudonymize_after_approved_request_and_retention_expiry	kredit	configured_region;transfer_assessment_required_for_external_processor	Security Engineering Lead
app	account_recovery_requests	reviewed_at	confidential_commercial	business_or_transaction	application_or_authorized_provider	account_security	pending_legal_approval	authorized_user;case_bound_compliance	validated_application_command;authorized_worker	database_encryption;rls;access_audit	environment_retention_register_pending_legal_approval	delete_or_pseudonymize_after_approved_request_and_retention_expiry	kredit	configured_region;transfer_assessment_required_for_external_processor	Security Engineering Lead
app	account_recovery_requests	cooling_off_until	confidential_commercial	business_or_transaction	application_or_authorized_provider	account_security	pending_legal_approval	authorized_user;case_bound_compliance	validated_application_command;authorized_worker	database_encryption;rls;access_audit	environment_retention_register_pending_legal_approval	delete_or_pseudonymize_after_approved_request_and_retention_expiry	kredit	configured_region;transfer_assessment_required_for_external_processor	Security Engineering Lead
app	account_recovery_requests	completion_token_hash	restricted_authentication	business_or_transaction	application_or_authorized_provider	account_security	pending_legal_approval	authorized_user;case_bound_compliance	validated_application_command;authorized_worker	one_way_hmac_or_hash	environment_retention_register_pending_legal_approval	delete_or_pseudonymize_after_approved_request_and_retention_expiry	kredit	configured_region;transfer_assessment_required_for_external_processor	Security Engineering Lead
app	account_recovery_requests	completed_at	confidential_commercial	business_or_transaction	application_or_authorized_provider	account_security	pending_legal_approval	authorized_user;case_bound_compliance	validated_application_command;authorized_worker	database_encryption;rls;access_audit	environment_retention_register_pending_legal_approval	delete_or_pseudonymize_after_approved_request_and_retention_expiry	kredit	configured_region;transfer_assessment_required_for_external_processor	Security Engineering Lead
app	account_recovery_requests	cancelled_at	confidential_commercial	business_or_transaction	application_or_authorized_provider	account_security	pending_legal_approval	authorized_user;case_bound_compliance	validated_application_command;authorized_worker	database_encryption;rls;access_audit	environment_retention_register_pending_legal_approval	delete_or_pseudonymize_after_approved_request_and_retention_expiry	kredit	configured_region;transfer_assessment_required_for_external_processor	Security Engineering Lead
app	account_recovery_requests	expires_at	confidential_commercial	business_or_transaction	application_or_authorized_provider	account_security	pending_legal_approval	authorized_user;case_bound_compliance	validated_application_command;authorized_worker	database_encryption;rls;access_audit	environment_retention_register_pending_legal_approval	delete_or_pseudonymize_after_approved_request_and_retention_expiry	kredit	configured_region;transfer_assessment_required_for_external_processor	Security Engineering Lead
app	account_recovery_requests	version	confidential_commercial	business_or_transaction	application_or_authorized_provider	account_security	pending_legal_approval	authorized_user;case_bound_compliance	validated_application_command;authorized_worker	database_encryption;rls;access_audit	environment_retention_register_pending_legal_approval	delete_or_pseudonymize_after_approved_request_and_retention_expiry	kredit	configured_region;transfer_assessment_required_for_external_processor	Security Engineering Lead
app	account_recovery_requests	created_at	confidential_commercial	business_or_transaction	application_or_authorized_provider	account_security	pending_legal_approval	authorized_user;case_bound_compliance	validated_application_command;authorized_worker	database_encryption;rls;access_audit	environment_retention_register_pending_legal_approval	delete_or_pseudonymize_after_approved_request_and_retention_expiry	kredit	configured_region;transfer_assessment_required_for_external_processor	Security Engineering Lead
app	account_recovery_requests	updated_at	confidential_commercial	business_or_transaction	application_or_authorized_provider	account_security	pending_legal_approval	authorized_user;case_bound_compliance	validated_application_command;authorized_worker	database_encryption;rls;access_audit	environment_retention_register_pending_legal_approval	delete_or_pseudonymize_after_approved_request_and_retention_expiry	kredit	configured_region;transfer_assessment_required_for_external_processor	Security Engineering Lead
app	admin_assignment_events	id	confidential_commercial	business_or_transaction	application_or_authorized_provider	operate_trade_credit_service	pending_legal_approval	role_scoped_aal2_administrator;own_buyer_amendment;authorized_worker_read_only	validated_application_command	database_encryption;rls;access_audit	environment_retention_register_pending_legal_approval	retain_under_financial_or_legal_hold;restrict_or_pseudonymize	kredit	configured_region;transfer_assessment_required_for_external_processor	Domain Engineering Lead
app	admin_assignment_events	kind	confidential_commercial	business_or_transaction	application_or_authorized_provider	operate_trade_credit_service	pending_legal_approval	role_scoped_aal2_administrator;own_buyer_amendment;authorized_worker_read_only	validated_application_command	database_encryption;rls;access_audit	environment_retention_register_pending_legal_approval	retain_under_financial_or_legal_hold;restrict_or_pseudonymize	kredit	configured_region;transfer_assessment_required_for_external_processor	Domain Engineering Lead
app	admin_assignment_events	resource_id	confidential_commercial	business_or_transaction	application_or_authorized_provider	operate_trade_credit_service	pending_legal_approval	role_scoped_aal2_administrator;own_buyer_amendment;authorized_worker_read_only	validated_application_command	database_encryption;rls;access_audit	environment_retention_register_pending_legal_approval	retain_under_financial_or_legal_hold;restrict_or_pseudonymize	kredit	configured_region;transfer_assessment_required_for_external_processor	Domain Engineering Lead
app	admin_assignment_events	actor_id	restricted_identity	business_or_transaction	application_or_authorized_provider	operate_trade_credit_service	pending_legal_approval	role_scoped_aal2_administrator;own_buyer_amendment;authorized_worker_read_only	validated_application_command	database_encryption;rls;access_audit	environment_retention_register_pending_legal_approval	retain_under_financial_or_legal_hold;restrict_or_pseudonymize	kredit	configured_region;transfer_assessment_required_for_external_processor	Domain Engineering Lead
app	admin_assignment_events	before_values	restricted_financial	business_or_transaction	application_or_authorized_provider	operate_trade_credit_service	pending_legal_approval	role_scoped_aal2_administrator;own_buyer_amendment;authorized_worker_read_only	validated_application_command	database_encryption;rls;access_audit	environment_retention_register_pending_legal_approval	retain_under_financial_or_legal_hold;restrict_or_pseudonymize	kredit	configured_region;transfer_assessment_required_for_external_processor	Domain Engineering Lead
app	admin_assignment_events	after_values	restricted_financial	business_or_transaction	application_or_authorized_provider	operate_trade_credit_service	pending_legal_approval	role_scoped_aal2_administrator;own_buyer_amendment;authorized_worker_read_only	validated_application_command	database_encryption;rls;access_audit	environment_retention_register_pending_legal_approval	retain_under_financial_or_legal_hold;restrict_or_pseudonymize	kredit	configured_region;transfer_assessment_required_for_external_processor	Domain Engineering Lead
app	admin_assignment_events	reason	confidential_commercial	business_or_transaction	application_or_authorized_provider	operate_trade_credit_service	pending_legal_approval	role_scoped_aal2_administrator;own_buyer_amendment;authorized_worker_read_only	validated_application_command	database_encryption;rls;access_audit	environment_retention_register_pending_legal_approval	retain_under_financial_or_legal_hold;restrict_or_pseudonymize	kredit	configured_region;transfer_assessment_required_for_external_processor	Domain Engineering Lead
app	admin_assignment_events	occurred_at	confidential_commercial	business_or_transaction	application_or_authorized_provider	operate_trade_credit_service	pending_legal_approval	role_scoped_aal2_administrator;own_buyer_amendment;authorized_worker_read_only	validated_application_command	database_encryption;rls;access_audit	environment_retention_register_pending_legal_approval	retain_under_financial_or_legal_hold;restrict_or_pseudonymize	kredit	configured_region;transfer_assessment_required_for_external_processor	Domain Engineering Lead
app	admin_change_events	id	confidential_commercial	business_or_transaction	application_or_authorized_provider	operate_trade_credit_service	pending_legal_approval	role_scoped_aal2_administrator;own_buyer_amendment;authorized_worker_read_only	validated_application_command	database_encryption;rls;access_audit	environment_retention_register_pending_legal_approval	retain_under_financial_or_legal_hold;restrict_or_pseudonymize	kredit	configured_region;transfer_assessment_required_for_external_processor	Domain Engineering Lead
app	admin_change_events	change_id	confidential_commercial	business_or_transaction	application_or_authorized_provider	operate_trade_credit_service	pending_legal_approval	role_scoped_aal2_administrator;own_buyer_amendment;authorized_worker_read_only	validated_application_command	database_encryption;rls;access_audit	environment_retention_register_pending_legal_approval	retain_under_financial_or_legal_hold;restrict_or_pseudonymize	kredit	configured_region;transfer_assessment_required_for_external_processor	Domain Engineering Lead
app	admin_change_events	actor_id	restricted_identity	business_or_transaction	application_or_authorized_provider	operate_trade_credit_service	pending_legal_approval	role_scoped_aal2_administrator;own_buyer_amendment;authorized_worker_read_only	validated_application_command	database_encryption;rls;access_audit	environment_retention_register_pending_legal_approval	retain_under_financial_or_legal_hold;restrict_or_pseudonymize	kredit	configured_region;transfer_assessment_required_for_external_processor	Domain Engineering Lead
app	admin_change_events	action	confidential_commercial	business_or_transaction	application_or_authorized_provider	operate_trade_credit_service	pending_legal_approval	role_scoped_aal2_administrator;own_buyer_amendment;authorized_worker_read_only	validated_application_command	database_encryption;rls;access_audit	environment_retention_register_pending_legal_approval	retain_under_financial_or_legal_hold;restrict_or_pseudonymize	kredit	configured_region;transfer_assessment_required_for_external_processor	Domain Engineering Lead
app	admin_change_events	reason	confidential_commercial	business_or_transaction	application_or_authorized_provider	operate_trade_credit_service	pending_legal_approval	role_scoped_aal2_administrator;own_buyer_amendment;authorized_worker_read_only	validated_application_command	database_encryption;rls;access_audit	environment_retention_register_pending_legal_approval	retain_under_financial_or_legal_hold;restrict_or_pseudonymize	kredit	configured_region;transfer_assessment_required_for_external_processor	Domain Engineering Lead
app	admin_change_events	occurred_at	confidential_commercial	business_or_transaction	application_or_authorized_provider	operate_trade_credit_service	pending_legal_approval	role_scoped_aal2_administrator;own_buyer_amendment;authorized_worker_read_only	validated_application_command	database_encryption;rls;access_audit	environment_retention_register_pending_legal_approval	retain_under_financial_or_legal_hold;restrict_or_pseudonymize	kredit	configured_region;transfer_assessment_required_for_external_processor	Domain Engineering Lead
app	admin_change_requests	id	confidential_commercial	business_or_transaction	application_or_authorized_provider	operate_trade_credit_service	pending_legal_approval	role_scoped_aal2_administrator;own_buyer_amendment;authorized_worker_read_only	validated_application_command	database_encryption;rls;access_audit	environment_retention_register_pending_legal_approval	retain_under_financial_or_legal_hold;restrict_or_pseudonymize	kredit	configured_region;transfer_assessment_required_for_external_processor	Domain Engineering Lead
app	admin_change_requests	kind	confidential_commercial	business_or_transaction	application_or_authorized_provider	operate_trade_credit_service	pending_legal_approval	role_scoped_aal2_administrator;own_buyer_amendment;authorized_worker_read_only	validated_application_command	database_encryption;rls;access_audit	environment_retention_register_pending_legal_approval	retain_under_financial_or_legal_hold;restrict_or_pseudonymize	kredit	configured_region;transfer_assessment_required_for_external_processor	Domain Engineering Lead
app	admin_change_requests	obligation_id	confidential_commercial	business_or_transaction	application_or_authorized_provider	operate_trade_credit_service	pending_legal_approval	role_scoped_aal2_administrator;own_buyer_amendment;authorized_worker_read_only	validated_application_command	database_encryption;rls;access_audit	environment_retention_register_pending_legal_approval	retain_under_financial_or_legal_hold;restrict_or_pseudonymize	kredit	configured_region;transfer_assessment_required_for_external_processor	Domain Engineering Lead
app	admin_change_requests	organization_id	confidential_commercial	business_or_transaction	application_or_authorized_provider	operate_trade_credit_service	pending_legal_approval	role_scoped_aal2_administrator;own_buyer_amendment;authorized_worker_read_only	validated_application_command	database_encryption;rls;access_audit	environment_retention_register_pending_legal_approval	retain_under_financial_or_legal_hold;restrict_or_pseudonymize	kredit	configured_region;transfer_assessment_required_for_external_processor	Domain Engineering Lead
app	admin_change_requests	buyer_id	restricted_identity	business_or_transaction	application_or_authorized_provider	operate_trade_credit_service	pending_legal_approval	role_scoped_aal2_administrator;own_buyer_amendment;authorized_worker_read_only	validated_application_command	database_encryption;rls;access_audit	environment_retention_register_pending_legal_approval	retain_under_financial_or_legal_hold;restrict_or_pseudonymize	kredit	configured_region;transfer_assessment_required_for_external_processor	Domain Engineering Lead
app	admin_change_requests	proposed_by	restricted_identity	business_or_transaction	application_or_authorized_provider	operate_trade_credit_service	pending_legal_approval	role_scoped_aal2_administrator;own_buyer_amendment;authorized_worker_read_only	validated_application_command	database_encryption;rls;access_audit	environment_retention_register_pending_legal_approval	retain_under_financial_or_legal_hold;restrict_or_pseudonymize	kredit	configured_region;transfer_assessment_required_for_external_processor	Domain Engineering Lead
app	admin_change_requests	reason	confidential_commercial	business_or_transaction	application_or_authorized_provider	operate_trade_credit_service	pending_legal_approval	role_scoped_aal2_administrator;own_buyer_amendment;authorized_worker_read_only	validated_application_command	database_encryption;rls;access_audit	environment_retention_register_pending_legal_approval	retain_under_financial_or_legal_hold;restrict_or_pseudonymize	kredit	configured_region;transfer_assessment_required_for_external_processor	Domain Engineering Lead
app	admin_change_requests	before_values	restricted_financial	business_or_transaction	application_or_authorized_provider	operate_trade_credit_service	pending_legal_approval	role_scoped_aal2_administrator;own_buyer_amendment;authorized_worker_read_only	validated_application_command	database_encryption;rls;access_audit	environment_retention_register_pending_legal_approval	retain_under_financial_or_legal_hold;restrict_or_pseudonymize	kredit	configured_region;transfer_assessment_required_for_external_processor	Domain Engineering Lead
app	admin_change_requests	proposed_values	restricted_financial	business_or_transaction	application_or_authorized_provider	operate_trade_credit_service	pending_legal_approval	role_scoped_aal2_administrator;own_buyer_amendment;authorized_worker_read_only	validated_application_command	database_encryption;rls;access_audit	environment_retention_register_pending_legal_approval	retain_under_financial_or_legal_hold;restrict_or_pseudonymize	kredit	configured_region;transfer_assessment_required_for_external_processor	Domain Engineering Lead
app	admin_change_requests	created_at	confidential_commercial	business_or_transaction	application_or_authorized_provider	operate_trade_credit_service	pending_legal_approval	role_scoped_aal2_administrator;own_buyer_amendment;authorized_worker_read_only	validated_application_command	database_encryption;rls;access_audit	environment_retention_register_pending_legal_approval	retain_under_financial_or_legal_hold;restrict_or_pseudonymize	kredit	configured_region;transfer_assessment_required_for_external_processor	Domain Engineering Lead
app	admin_change_requests	expires_at	confidential_commercial	business_or_transaction	application_or_authorized_provider	operate_trade_credit_service	pending_legal_approval	role_scoped_aal2_administrator;own_buyer_amendment;authorized_worker_read_only	validated_application_command	database_encryption;rls;access_audit	environment_retention_register_pending_legal_approval	retain_under_financial_or_legal_hold;restrict_or_pseudonymize	kredit	configured_region;transfer_assessment_required_for_external_processor	Domain Engineering Lead
app	admin_change_requests	state	confidential_commercial	business_or_transaction	application_or_authorized_provider	operate_trade_credit_service	pending_legal_approval	role_scoped_aal2_administrator;own_buyer_amendment;authorized_worker_read_only	validated_application_command	database_encryption;rls;access_audit	environment_retention_register_pending_legal_approval	retain_under_financial_or_legal_hold;restrict_or_pseudonymize	kredit	configured_region;transfer_assessment_required_for_external_processor	Domain Engineering Lead
app	admin_change_requests	approved_by	restricted_identity	business_or_transaction	application_or_authorized_provider	operate_trade_credit_service	pending_legal_approval	role_scoped_aal2_administrator;own_buyer_amendment;authorized_worker_read_only	validated_application_command	database_encryption;rls;access_audit	environment_retention_register_pending_legal_approval	retain_under_financial_or_legal_hold;restrict_or_pseudonymize	kredit	configured_region;transfer_assessment_required_for_external_processor	Domain Engineering Lead
app	admin_change_requests	buyer_decided_by	restricted_identity	business_or_transaction	application_or_authorized_provider	operate_trade_credit_service	pending_legal_approval	role_scoped_aal2_administrator;own_buyer_amendment;authorized_worker_read_only	validated_application_command	database_encryption;rls;access_audit	environment_retention_register_pending_legal_approval	retain_under_financial_or_legal_hold;restrict_or_pseudonymize	kredit	configured_region;transfer_assessment_required_for_external_processor	Domain Engineering Lead
app	admin_change_requests	decided_at	confidential_commercial	business_or_transaction	application_or_authorized_provider	operate_trade_credit_service	pending_legal_approval	role_scoped_aal2_administrator;own_buyer_amendment;authorized_worker_read_only	validated_application_command	database_encryption;rls;access_audit	environment_retention_register_pending_legal_approval	retain_under_financial_or_legal_hold;restrict_or_pseudonymize	kredit	configured_region;transfer_assessment_required_for_external_processor	Domain Engineering Lead
app	admin_review_assignments	kind	confidential_commercial	business_or_transaction	application_or_authorized_provider	operate_trade_credit_service	pending_legal_approval	role_scoped_aal2_administrator;own_buyer_amendment;authorized_worker_read_only	validated_application_command	database_encryption;rls;access_audit	environment_retention_register_pending_legal_approval	retain_under_financial_or_legal_hold;restrict_or_pseudonymize	kredit	configured_region;transfer_assessment_required_for_external_processor	Domain Engineering Lead
app	admin_review_assignments	resource_id	confidential_commercial	business_or_transaction	application_or_authorized_provider	operate_trade_credit_service	pending_legal_approval	role_scoped_aal2_administrator;own_buyer_amendment;authorized_worker_read_only	validated_application_command	database_encryption;rls;access_audit	environment_retention_register_pending_legal_approval	retain_under_financial_or_legal_hold;restrict_or_pseudonymize	kredit	configured_region;transfer_assessment_required_for_external_processor	Domain Engineering Lead
app	admin_review_assignments	owner_id	restricted_identity	business_or_transaction	application_or_authorized_provider	operate_trade_credit_service	pending_legal_approval	role_scoped_aal2_administrator;own_buyer_amendment;authorized_worker_read_only	validated_application_command	database_encryption;rls;access_audit	environment_retention_register_pending_legal_approval	retain_under_financial_or_legal_hold;restrict_or_pseudonymize	kredit	configured_region;transfer_assessment_required_for_external_processor	Domain Engineering Lead
app	admin_review_assignments	due_at	confidential_commercial	business_or_transaction	application_or_authorized_provider	operate_trade_credit_service	pending_legal_approval	role_scoped_aal2_administrator;own_buyer_amendment;authorized_worker_read_only	validated_application_command	database_encryption;rls;access_audit	environment_retention_register_pending_legal_approval	retain_under_financial_or_legal_hold;restrict_or_pseudonymize	kredit	configured_region;transfer_assessment_required_for_external_processor	Domain Engineering Lead
app	admin_review_assignments	updated_at	confidential_commercial	business_or_transaction	application_or_authorized_provider	operate_trade_credit_service	pending_legal_approval	role_scoped_aal2_administrator;own_buyer_amendment;authorized_worker_read_only	validated_application_command	database_encryption;rls;access_audit	environment_retention_register_pending_legal_approval	retain_under_financial_or_legal_hold;restrict_or_pseudonymize	kredit	configured_region;transfer_assessment_required_for_external_processor	Domain Engineering Lead
app	agreement_acceptances	id	confidential_commercial	business_or_transaction	application_or_authorized_provider	operate_trade_credit_service	pending_legal_approval	tenant_scoped_application;authorized_operations	validated_application_command;authorized_worker	database_encryption;rls;access_audit	environment_retention_register_pending_legal_approval	retain_under_financial_or_legal_hold;restrict_or_pseudonymize	kredit	configured_region;transfer_assessment_required_for_external_processor	Domain Engineering Lead
app	agreement_acceptances	credit_request_id	confidential_commercial	business_or_transaction	application_or_authorized_provider	operate_trade_credit_service	pending_legal_approval	tenant_scoped_application;authorized_operations	validated_application_command;authorized_worker	database_encryption;rls;access_audit	environment_retention_register_pending_legal_approval	retain_under_financial_or_legal_hold;restrict_or_pseudonymize	kredit	configured_region;transfer_assessment_required_for_external_processor	Domain Engineering Lead
app	agreement_acceptances	agreement_version_id	confidential_commercial	business_or_transaction	application_or_authorized_provider	operate_trade_credit_service	pending_legal_approval	tenant_scoped_application;authorized_operations	validated_application_command;authorized_worker	database_encryption;rls;access_audit	environment_retention_register_pending_legal_approval	retain_under_financial_or_legal_hold;restrict_or_pseudonymize	kredit	configured_region;transfer_assessment_required_for_external_processor	Domain Engineering Lead
app	agreement_acceptances	accepting_user_id	restricted_identity	account_user	application_or_authorized_provider	operate_trade_credit_service	pending_legal_approval	tenant_scoped_application;authorized_operations	validated_application_command;authorized_worker	database_encryption;rls;access_audit	environment_retention_register_pending_legal_approval	retain_under_financial_or_legal_hold;restrict_or_pseudonymize	kredit	configured_region;transfer_assessment_required_for_external_processor	Domain Engineering Lead
app	agreement_acceptances	person_id	restricted_identity	account_user	application_or_authorized_provider	operate_trade_credit_service	pending_legal_approval	tenant_scoped_application;authorized_operations	validated_application_command;authorized_worker	database_encryption;rls;access_audit	environment_retention_register_pending_legal_approval	retain_under_financial_or_legal_hold;restrict_or_pseudonymize	kredit	configured_region;transfer_assessment_required_for_external_processor	Domain Engineering Lead
app	agreement_acceptances	business_id	confidential_commercial	business_or_transaction	application_or_authorized_provider	operate_trade_credit_service	pending_legal_approval	tenant_scoped_application;authorized_operations	validated_application_command;authorized_worker	database_encryption;rls;access_audit	environment_retention_register_pending_legal_approval	retain_under_financial_or_legal_hold;restrict_or_pseudonymize	kredit	configured_region;transfer_assessment_required_for_external_processor	Domain Engineering Lead
app	agreement_acceptances	acceptance_method	confidential_commercial	business_or_transaction	application_or_authorized_provider	operate_trade_credit_service	pending_legal_approval	tenant_scoped_application;authorized_operations	validated_application_command;authorized_worker	database_encryption;rls;access_audit	environment_retention_register_pending_legal_approval	retain_under_financial_or_legal_hold;restrict_or_pseudonymize	kredit	configured_region;transfer_assessment_required_for_external_processor	Domain Engineering Lead
app	agreement_acceptances	authentication_level	confidential_commercial	business_or_transaction	application_or_authorized_provider	operate_trade_credit_service	pending_legal_approval	tenant_scoped_application;authorized_operations	validated_application_command;authorized_worker	database_encryption;rls;access_audit	environment_retention_register_pending_legal_approval	retain_under_financial_or_legal_hold;restrict_or_pseudonymize	kredit	configured_region;transfer_assessment_required_for_external_processor	Domain Engineering Lead
app	agreement_acceptances	agreement_hash	restricted_authentication	business_or_transaction	application_or_authorized_provider	operate_trade_credit_service	pending_legal_approval	tenant_scoped_application;authorized_operations	validated_application_command;authorized_worker	one_way_hmac_or_hash	environment_retention_register_pending_legal_approval	retain_under_financial_or_legal_hold;restrict_or_pseudonymize	kredit	configured_region;transfer_assessment_required_for_external_processor	Domain Engineering Lead
app	agreement_acceptances	mandate_provider_id	restricted_financial	business_or_transaction	application_or_authorized_provider	operate_trade_credit_service	pending_legal_approval	tenant_scoped_application;authorized_operations	validated_application_command;authorized_worker	database_encryption;rls;access_audit	environment_retention_register_pending_legal_approval	retain_under_financial_or_legal_hold;restrict_or_pseudonymize	kredit	configured_region;transfer_assessment_required_for_external_processor	Domain Engineering Lead
app	agreement_acceptances	accepted_at	confidential_commercial	business_or_transaction	application_or_authorized_provider	operate_trade_credit_service	pending_legal_approval	tenant_scoped_application;authorized_operations	validated_application_command;authorized_worker	database_encryption;rls;access_audit	environment_retention_register_pending_legal_approval	retain_under_financial_or_legal_hold;restrict_or_pseudonymize	kredit	configured_region;transfer_assessment_required_for_external_processor	Domain Engineering Lead
app	agreement_versions	id	confidential_commercial	business_or_transaction	application_or_authorized_provider	operate_trade_credit_service	pending_legal_approval	tenant_scoped_application;authorized_operations	validated_application_command;authorized_worker	database_encryption;rls;access_audit	environment_retention_register_pending_legal_approval	retain_under_financial_or_legal_hold;restrict_or_pseudonymize	kredit	configured_region;transfer_assessment_required_for_external_processor	Domain Engineering Lead
app	agreement_versions	credit_request_id	confidential_commercial	business_or_transaction	application_or_authorized_provider	operate_trade_credit_service	pending_legal_approval	tenant_scoped_application;authorized_operations	validated_application_command;authorized_worker	database_encryption;rls;access_audit	environment_retention_register_pending_legal_approval	retain_under_financial_or_legal_hold;restrict_or_pseudonymize	kredit	configured_region;transfer_assessment_required_for_external_processor	Domain Engineering Lead
app	agreement_versions	version	confidential_commercial	business_or_transaction	application_or_authorized_provider	operate_trade_credit_service	pending_legal_approval	tenant_scoped_application;authorized_operations	validated_application_command;authorized_worker	database_encryption;rls;access_audit	environment_retention_register_pending_legal_approval	retain_under_financial_or_legal_hold;restrict_or_pseudonymize	kredit	configured_region;transfer_assessment_required_for_external_processor	Domain Engineering Lead
app	agreement_versions	canonical_json	confidential_commercial	business_or_transaction	application_or_authorized_provider	operate_trade_credit_service	pending_legal_approval	tenant_scoped_application;authorized_operations	validated_application_command;authorized_worker	database_encryption;rls;access_audit	environment_retention_register_pending_legal_approval	retain_under_financial_or_legal_hold;restrict_or_pseudonymize	kredit	configured_region;transfer_assessment_required_for_external_processor	Domain Engineering Lead
app	agreement_versions	document_hash	restricted_authentication	business_or_transaction	application_or_authorized_provider	operate_trade_credit_service	pending_legal_approval	tenant_scoped_application;authorized_operations	validated_application_command;authorized_worker	one_way_hmac_or_hash	environment_retention_register_pending_legal_approval	retain_under_financial_or_legal_hold;restrict_or_pseudonymize	kredit	configured_region;transfer_assessment_required_for_external_processor	Domain Engineering Lead
app	agreement_versions	terms_version	confidential_commercial	business_or_transaction	application_or_authorized_provider	operate_trade_credit_service	pending_legal_approval	tenant_scoped_application;authorized_operations	validated_application_command;authorized_worker	database_encryption;rls;access_audit	environment_retention_register_pending_legal_approval	retain_under_financial_or_legal_hold;restrict_or_pseudonymize	kredit	configured_region;transfer_assessment_required_for_external_processor	Domain Engineering Lead
app	agreement_versions	privacy_version	confidential_commercial	business_or_transaction	application_or_authorized_provider	operate_trade_credit_service	pending_legal_approval	tenant_scoped_application;authorized_operations	validated_application_command;authorized_worker	database_encryption;rls;access_audit	environment_retention_register_pending_legal_approval	retain_under_financial_or_legal_hold;restrict_or_pseudonymize	kredit	configured_region;transfer_assessment_required_for_external_processor	Domain Engineering Lead
app	agreement_versions	created_by	confidential_commercial	business_or_transaction	application_or_authorized_provider	operate_trade_credit_service	pending_legal_approval	tenant_scoped_application;authorized_operations	validated_application_command;authorized_worker	database_encryption;rls;access_audit	environment_retention_register_pending_legal_approval	retain_under_financial_or_legal_hold;restrict_or_pseudonymize	kredit	configured_region;transfer_assessment_required_for_external_processor	Domain Engineering Lead
app	agreement_versions	created_at	confidential_commercial	business_or_transaction	application_or_authorized_provider	operate_trade_credit_service	pending_legal_approval	tenant_scoped_application;authorized_operations	validated_application_command;authorized_worker	database_encryption;rls;access_audit	environment_retention_register_pending_legal_approval	retain_under_financial_or_legal_hold;restrict_or_pseudonymize	kredit	configured_region;transfer_assessment_required_for_external_processor	Domain Engineering Lead
app	analytics_events	id	pseudonymous_product_analytics	business_or_transaction	application_or_authorized_provider	pilot_measurement_and_product_reliability	pending_legal_approval	aal2_compliance_operations	validated_application_command;authorized_worker	database_encryption;rls;access_audit	environment_retention_register_pending_legal_approval	delete_or_pseudonymize_after_approved_request_and_retention_expiry	kredit	configured_region;transfer_assessment_required_for_external_processor	Data Platform Lead
app	analytics_events	name	pseudonymous_product_analytics	business_or_transaction	application_or_authorized_provider	pilot_measurement_and_product_reliability	pending_legal_approval	aal2_compliance_operations	validated_application_command;authorized_worker	database_encryption;rls;access_audit	environment_retention_register_pending_legal_approval	delete_or_pseudonymize_after_approved_request_and_retention_expiry	kredit	configured_region;transfer_assessment_required_for_external_processor	Data Platform Lead
app	analytics_events	subject_id_hash	pseudonymous_product_analytics	business_or_transaction	application_or_authorized_provider	pilot_measurement_and_product_reliability	pending_legal_approval	aal2_compliance_operations	validated_application_command;authorized_worker	one_way_hmac_or_hash	environment_retention_register_pending_legal_approval	delete_or_pseudonymize_after_approved_request_and_retention_expiry	kredit	configured_region;transfer_assessment_required_for_external_processor	Data Platform Lead
app	analytics_events	purpose	pseudonymous_product_analytics	business_or_transaction	application_or_authorized_provider	pilot_measurement_and_product_reliability	pending_legal_approval	aal2_compliance_operations	validated_application_command;authorized_worker	database_encryption;rls;access_audit	environment_retention_register_pending_legal_approval	delete_or_pseudonymize_after_approved_request_and_retention_expiry	kredit	configured_region;transfer_assessment_required_for_external_processor	Data Platform Lead
app	analytics_events	metadata	pseudonymous_product_analytics	business_or_transaction	application_or_authorized_provider	pilot_measurement_and_product_reliability	pending_legal_approval	aal2_compliance_operations	validated_application_command;authorized_worker	database_encryption;rls;access_audit	environment_retention_register_pending_legal_approval	delete_or_pseudonymize_after_approved_request_and_retention_expiry	kredit	configured_region;transfer_assessment_required_for_external_processor	Data Platform Lead
app	analytics_events	occurred_at	pseudonymous_product_analytics	business_or_transaction	application_or_authorized_provider	pilot_measurement_and_product_reliability	pending_legal_approval	aal2_compliance_operations	validated_application_command;authorized_worker	database_encryption;rls;access_audit	environment_retention_register_pending_legal_approval	delete_or_pseudonymize_after_approved_request_and_retention_expiry	kredit	configured_region;transfer_assessment_required_for_external_processor	Data Platform Lead
app	analytics_events	schema_version	pseudonymous_product_analytics	business_or_transaction	application_or_authorized_provider	pilot_measurement_and_product_reliability	pending_legal_approval	aal2_compliance_operations	validated_application_command;authorized_worker	database_encryption;rls;access_audit	environment_retention_register_pending_legal_approval	delete_or_pseudonymize_after_approved_request_and_retention_expiry	kredit	configured_region;transfer_assessment_required_for_external_processor	Data Platform Lead
app	analytics_events	deduplication_key	pseudonymous_product_analytics	business_or_transaction	application_or_authorized_provider	pilot_measurement_and_product_reliability	pending_legal_approval	aal2_compliance_operations	validated_application_command;authorized_worker	database_encryption;rls;access_audit	environment_retention_register_pending_legal_approval	delete_or_pseudonymize_after_approved_request_and_retention_expiry	kredit	configured_region;transfer_assessment_required_for_external_processor	Data Platform Lead
app	analytics_events	organization_id_hash	pseudonymous_product_analytics	business_or_transaction	application_or_authorized_provider	pilot_measurement_and_product_reliability	pending_legal_approval	aal2_compliance_operations	validated_application_command;authorized_worker	one_way_hmac_or_hash	environment_retention_register_pending_legal_approval	delete_or_pseudonymize_after_approved_request_and_retention_expiry	kredit	configured_region;transfer_assessment_required_for_external_processor	Data Platform Lead
app	analytics_events	source	pseudonymous_product_analytics	business_or_transaction	application_or_authorized_provider	pilot_measurement_and_product_reliability	pending_legal_approval	aal2_compliance_operations	validated_application_command;authorized_worker	database_encryption;rls;access_audit	environment_retention_register_pending_legal_approval	delete_or_pseudonymize_after_approved_request_and_retention_expiry	kredit	configured_region;transfer_assessment_required_for_external_processor	Data Platform Lead
app	analytics_events	recorded_at	pseudonymous_product_analytics	business_or_transaction	application_or_authorized_provider	pilot_measurement_and_product_reliability	pending_legal_approval	aal2_compliance_operations	validated_application_command;authorized_worker	database_encryption;rls;access_audit	environment_retention_register_pending_legal_approval	delete_or_pseudonymize_after_approved_request_and_retention_expiry	kredit	configured_region;transfer_assessment_required_for_external_processor	Data Platform Lead
app	audit_events	id	confidential_commercial	business_or_transaction	application_or_authorized_provider	operate_trade_credit_service	pending_legal_approval	authorized_user;case_bound_compliance	validated_application_command;authorized_worker	database_encryption;rls;access_audit	environment_retention_register_pending_legal_approval	retain_under_financial_or_legal_hold;restrict_or_pseudonymize	kredit	configured_region;transfer_assessment_required_for_external_processor	Domain Engineering Lead
app	audit_events	occurred_at	confidential_commercial	business_or_transaction	application_or_authorized_provider	operate_trade_credit_service	pending_legal_approval	authorized_user;case_bound_compliance	validated_application_command;authorized_worker	database_encryption;rls;access_audit	environment_retention_register_pending_legal_approval	retain_under_financial_or_legal_hold;restrict_or_pseudonymize	kredit	configured_region;transfer_assessment_required_for_external_processor	Domain Engineering Lead
app	audit_events	actor_user_id	restricted_identity	account_user	application_or_authorized_provider	operate_trade_credit_service	pending_legal_approval	authorized_user;case_bound_compliance	validated_application_command;authorized_worker	database_encryption;rls;access_audit	environment_retention_register_pending_legal_approval	retain_under_financial_or_legal_hold;restrict_or_pseudonymize	kredit	configured_region;transfer_assessment_required_for_external_processor	Domain Engineering Lead
app	audit_events	organization_id	confidential_commercial	business_or_transaction	application_or_authorized_provider	operate_trade_credit_service	pending_legal_approval	authorized_user;case_bound_compliance	validated_application_command;authorized_worker	database_encryption;rls;access_audit	environment_retention_register_pending_legal_approval	retain_under_financial_or_legal_hold;restrict_or_pseudonymize	kredit	configured_region;transfer_assessment_required_for_external_processor	Domain Engineering Lead
app	audit_events	action	confidential_commercial	business_or_transaction	application_or_authorized_provider	operate_trade_credit_service	pending_legal_approval	authorized_user;case_bound_compliance	validated_application_command;authorized_worker	database_encryption;rls;access_audit	environment_retention_register_pending_legal_approval	retain_under_financial_or_legal_hold;restrict_or_pseudonymize	kredit	configured_region;transfer_assessment_required_for_external_processor	Domain Engineering Lead
app	audit_events	resource_type	confidential_commercial	business_or_transaction	application_or_authorized_provider	operate_trade_credit_service	pending_legal_approval	authorized_user;case_bound_compliance	validated_application_command;authorized_worker	database_encryption;rls;access_audit	environment_retention_register_pending_legal_approval	retain_under_financial_or_legal_hold;restrict_or_pseudonymize	kredit	configured_region;transfer_assessment_required_for_external_processor	Domain Engineering Lead
app	audit_events	resource_id	confidential_commercial	business_or_transaction	application_or_authorized_provider	operate_trade_credit_service	pending_legal_approval	authorized_user;case_bound_compliance	validated_application_command;authorized_worker	database_encryption;rls;access_audit	environment_retention_register_pending_legal_approval	retain_under_financial_or_legal_hold;restrict_or_pseudonymize	kredit	configured_region;transfer_assessment_required_for_external_processor	Domain Engineering Lead
app	audit_events	outcome	confidential_commercial	business_or_transaction	application_or_authorized_provider	operate_trade_credit_service	pending_legal_approval	authorized_user;case_bound_compliance	validated_application_command;authorized_worker	database_encryption;rls;access_audit	environment_retention_register_pending_legal_approval	retain_under_financial_or_legal_hold;restrict_or_pseudonymize	kredit	configured_region;transfer_assessment_required_for_external_processor	Domain Engineering Lead
app	audit_events	severity	confidential_commercial	business_or_transaction	application_or_authorized_provider	operate_trade_credit_service	pending_legal_approval	authorized_user;case_bound_compliance	validated_application_command;authorized_worker	database_encryption;rls;access_audit	environment_retention_register_pending_legal_approval	retain_under_financial_or_legal_hold;restrict_or_pseudonymize	kredit	configured_region;transfer_assessment_required_for_external_processor	Domain Engineering Lead
app	audit_events	request_id	confidential_commercial	business_or_transaction	application_or_authorized_provider	operate_trade_credit_service	pending_legal_approval	authorized_user;case_bound_compliance	validated_application_command;authorized_worker	database_encryption;rls;access_audit	environment_retention_register_pending_legal_approval	retain_under_financial_or_legal_hold;restrict_or_pseudonymize	kredit	configured_region;transfer_assessment_required_for_external_processor	Domain Engineering Lead
app	audit_events	metadata	confidential_commercial	business_or_transaction	application_or_authorized_provider	operate_trade_credit_service	pending_legal_approval	authorized_user;case_bound_compliance	validated_application_command;authorized_worker	database_encryption;rls;access_audit	environment_retention_register_pending_legal_approval	retain_under_financial_or_legal_hold;restrict_or_pseudonymize	kredit	configured_region;transfer_assessment_required_for_external_processor	Domain Engineering Lead
app	bank_account_references	id	confidential_commercial	business_or_transaction	application_or_authorized_provider	operate_trade_credit_service	pending_legal_approval	tenant_scoped_application;authorized_operations	validated_application_command;authorized_worker	database_encryption;rls;access_audit	environment_retention_register_pending_legal_approval	delete_or_pseudonymize_after_approved_request_and_retention_expiry	kredit	configured_region;transfer_assessment_required_for_external_processor	Domain Engineering Lead
app	bank_account_references	owner_type	confidential_commercial	business_or_transaction	application_or_authorized_provider	operate_trade_credit_service	pending_legal_approval	tenant_scoped_application;authorized_operations	validated_application_command;authorized_worker	database_encryption;rls;access_audit	environment_retention_register_pending_legal_approval	delete_or_pseudonymize_after_approved_request_and_retention_expiry	kredit	configured_region;transfer_assessment_required_for_external_processor	Domain Engineering Lead
app	bank_account_references	owner_id	confidential_commercial	business_or_transaction	application_or_authorized_provider	operate_trade_credit_service	pending_legal_approval	tenant_scoped_application;authorized_operations	validated_application_command;authorized_worker	database_encryption;rls;access_audit	environment_retention_register_pending_legal_approval	delete_or_pseudonymize_after_approved_request_and_retention_expiry	kredit	configured_region;transfer_assessment_required_for_external_processor	Domain Engineering Lead
app	bank_account_references	provider	confidential_commercial	business_or_transaction	application_or_authorized_provider	operate_trade_credit_service	pending_legal_approval	tenant_scoped_application;authorized_operations	validated_application_command;authorized_worker	database_encryption;rls;access_audit	environment_retention_register_pending_legal_approval	delete_or_pseudonymize_after_approved_request_and_retention_expiry	kredit	configured_region;transfer_assessment_required_for_external_processor	Domain Engineering Lead
app	bank_account_references	provider_reference	confidential_commercial	business_or_transaction	application_or_authorized_provider	operate_trade_credit_service	pending_legal_approval	tenant_scoped_application;authorized_operations	validated_application_command;authorized_worker	database_encryption;rls;access_audit	environment_retention_register_pending_legal_approval	delete_or_pseudonymize_after_approved_request_and_retention_expiry	kredit	configured_region;transfer_assessment_required_for_external_processor	Domain Engineering Lead
app	bank_account_references	bank_code	confidential_commercial	business_or_transaction	application_or_authorized_provider	operate_trade_credit_service	pending_legal_approval	tenant_scoped_application;authorized_operations	validated_application_command;authorized_worker	database_encryption;rls;access_audit	environment_retention_register_pending_legal_approval	delete_or_pseudonymize_after_approved_request_and_retention_expiry	kredit	configured_region;transfer_assessment_required_for_external_processor	Domain Engineering Lead
app	bank_account_references	masked_account	restricted_financial	business_or_transaction	application_or_authorized_provider	operate_trade_credit_service	pending_legal_approval	tenant_scoped_application;authorized_operations	validated_application_command;authorized_worker	database_encryption;rls;access_audit	environment_retention_register_pending_legal_approval	delete_or_pseudonymize_after_approved_request_and_retention_expiry	kredit	configured_region;transfer_assessment_required_for_external_processor	Domain Engineering Lead
app	bank_account_references	account_name_result	restricted_financial	business_or_transaction	application_or_authorized_provider	operate_trade_credit_service	pending_legal_approval	tenant_scoped_application;authorized_operations	validated_application_command;authorized_worker	database_encryption;rls;access_audit	environment_retention_register_pending_legal_approval	delete_or_pseudonymize_after_approved_request_and_retention_expiry	kredit	configured_region;transfer_assessment_required_for_external_processor	Domain Engineering Lead
app	bank_account_references	account_type	restricted_financial	business_or_transaction	application_or_authorized_provider	operate_trade_credit_service	pending_legal_approval	tenant_scoped_application;authorized_operations	validated_application_command;authorized_worker	database_encryption;rls;access_audit	environment_retention_register_pending_legal_approval	delete_or_pseudonymize_after_approved_request_and_retention_expiry	kredit	configured_region;transfer_assessment_required_for_external_processor	Domain Engineering Lead
app	bank_account_references	ownership_state	confidential_commercial	business_or_transaction	application_or_authorized_provider	operate_trade_credit_service	pending_legal_approval	tenant_scoped_application;authorized_operations	validated_application_command;authorized_worker	database_encryption;rls;access_audit	environment_retention_register_pending_legal_approval	delete_or_pseudonymize_after_approved_request_and_retention_expiry	kredit	configured_region;transfer_assessment_required_for_external_processor	Domain Engineering Lead
app	bank_account_references	active	confidential_commercial	business_or_transaction	application_or_authorized_provider	operate_trade_credit_service	pending_legal_approval	tenant_scoped_application;authorized_operations	validated_application_command;authorized_worker	database_encryption;rls;access_audit	environment_retention_register_pending_legal_approval	delete_or_pseudonymize_after_approved_request_and_retention_expiry	kredit	configured_region;transfer_assessment_required_for_external_processor	Domain Engineering Lead
app	bank_account_references	created_at	confidential_commercial	business_or_transaction	application_or_authorized_provider	operate_trade_credit_service	pending_legal_approval	tenant_scoped_application;authorized_operations	validated_application_command;authorized_worker	database_encryption;rls;access_audit	environment_retention_register_pending_legal_approval	delete_or_pseudonymize_after_approved_request_and_retention_expiry	kredit	configured_region;transfer_assessment_required_for_external_processor	Domain Engineering Lead
app	business_policy_changes	id	confidential_commercial	business_or_transaction	application_or_authorized_provider	operate_trade_credit_service	pending_legal_approval	aal2_policy_manager_or_approver;authorized_worker_read_only	validated_application_command	database_encryption;rls;access_audit	environment_retention_register_pending_legal_approval	retain_under_financial_or_legal_hold;restrict_or_pseudonymize	kredit	configured_region;transfer_assessment_required_for_external_processor	Domain Engineering Lead
app	business_policy_changes	revision	confidential_commercial	business_or_transaction	application_or_authorized_provider	operate_trade_credit_service	pending_legal_approval	aal2_policy_manager_or_approver;authorized_worker_read_only	validated_application_command	database_encryption;rls;access_audit	environment_retention_register_pending_legal_approval	retain_under_financial_or_legal_hold;restrict_or_pseudonymize	kredit	configured_region;transfer_assessment_required_for_external_processor	Domain Engineering Lead
app	business_policy_changes	base_revision	confidential_commercial	business_or_transaction	application_or_authorized_provider	operate_trade_credit_service	pending_legal_approval	aal2_policy_manager_or_approver;authorized_worker_read_only	validated_application_command	database_encryption;rls;access_audit	environment_retention_register_pending_legal_approval	retain_under_financial_or_legal_hold;restrict_or_pseudonymize	kredit	configured_region;transfer_assessment_required_for_external_processor	Domain Engineering Lead
app	business_policy_changes	values	confidential_commercial	business_or_transaction	application_or_authorized_provider	operate_trade_credit_service	pending_legal_approval	aal2_policy_manager_or_approver;authorized_worker_read_only	validated_application_command	database_encryption;rls;access_audit	environment_retention_register_pending_legal_approval	retain_under_financial_or_legal_hold;restrict_or_pseudonymize	kredit	configured_region;transfer_assessment_required_for_external_processor	Domain Engineering Lead
app	business_policy_changes	proposed_by	restricted_identity	business_or_transaction	application_or_authorized_provider	operate_trade_credit_service	pending_legal_approval	aal2_policy_manager_or_approver;authorized_worker_read_only	validated_application_command	database_encryption;rls;access_audit	environment_retention_register_pending_legal_approval	retain_under_financial_or_legal_hold;restrict_or_pseudonymize	kredit	configured_region;transfer_assessment_required_for_external_processor	Domain Engineering Lead
app	business_policy_changes	reason	confidential_commercial	business_or_transaction	application_or_authorized_provider	operate_trade_credit_service	pending_legal_approval	aal2_policy_manager_or_approver;authorized_worker_read_only	validated_application_command	database_encryption;rls;access_audit	environment_retention_register_pending_legal_approval	retain_under_financial_or_legal_hold;restrict_or_pseudonymize	kredit	configured_region;transfer_assessment_required_for_external_processor	Domain Engineering Lead
app	business_policy_changes	effective_at	confidential_commercial	business_or_transaction	application_or_authorized_provider	operate_trade_credit_service	pending_legal_approval	aal2_policy_manager_or_approver;authorized_worker_read_only	validated_application_command	database_encryption;rls;access_audit	environment_retention_register_pending_legal_approval	retain_under_financial_or_legal_hold;restrict_or_pseudonymize	kredit	configured_region;transfer_assessment_required_for_external_processor	Domain Engineering Lead
app	business_policy_changes	created_at	confidential_commercial	business_or_transaction	application_or_authorized_provider	operate_trade_credit_service	pending_legal_approval	aal2_policy_manager_or_approver;authorized_worker_read_only	validated_application_command	database_encryption;rls;access_audit	environment_retention_register_pending_legal_approval	retain_under_financial_or_legal_hold;restrict_or_pseudonymize	kredit	configured_region;transfer_assessment_required_for_external_processor	Domain Engineering Lead
app	business_policy_changes	state	confidential_commercial	business_or_transaction	application_or_authorized_provider	operate_trade_credit_service	pending_legal_approval	aal2_policy_manager_or_approver;authorized_worker_read_only	validated_application_command	database_encryption;rls;access_audit	environment_retention_register_pending_legal_approval	retain_under_financial_or_legal_hold;restrict_or_pseudonymize	kredit	configured_region;transfer_assessment_required_for_external_processor	Domain Engineering Lead
app	business_policy_changes	decided_by	restricted_identity	business_or_transaction	application_or_authorized_provider	operate_trade_credit_service	pending_legal_approval	aal2_policy_manager_or_approver;authorized_worker_read_only	validated_application_command	database_encryption;rls;access_audit	environment_retention_register_pending_legal_approval	retain_under_financial_or_legal_hold;restrict_or_pseudonymize	kredit	configured_region;transfer_assessment_required_for_external_processor	Domain Engineering Lead
app	business_policy_changes	decided_at	confidential_commercial	business_or_transaction	application_or_authorized_provider	operate_trade_credit_service	pending_legal_approval	aal2_policy_manager_or_approver;authorized_worker_read_only	validated_application_command	database_encryption;rls;access_audit	environment_retention_register_pending_legal_approval	retain_under_financial_or_legal_hold;restrict_or_pseudonymize	kredit	configured_region;transfer_assessment_required_for_external_processor	Domain Engineering Lead
app	business_policy_defaults	singleton	confidential_commercial	business_or_transaction	application_or_authorized_provider	operate_trade_credit_service	pending_legal_approval	aal2_policy_manager_or_approver;authorized_worker_read_only	validated_application_command	database_encryption;rls;access_audit	environment_retention_register_pending_legal_approval	retain_under_financial_or_legal_hold;restrict_or_pseudonymize	kredit	configured_region;transfer_assessment_required_for_external_processor	Domain Engineering Lead
app	business_policy_defaults	values	confidential_commercial	business_or_transaction	application_or_authorized_provider	operate_trade_credit_service	pending_legal_approval	aal2_policy_manager_or_approver;authorized_worker_read_only	validated_application_command	database_encryption;rls;access_audit	environment_retention_register_pending_legal_approval	retain_under_financial_or_legal_hold;restrict_or_pseudonymize	kredit	configured_region;transfer_assessment_required_for_external_processor	Domain Engineering Lead
app	business_policy_defaults	created_at	confidential_commercial	business_or_transaction	application_or_authorized_provider	operate_trade_credit_service	pending_legal_approval	aal2_policy_manager_or_approver;authorized_worker_read_only	validated_application_command	database_encryption;rls;access_audit	environment_retention_register_pending_legal_approval	retain_under_financial_or_legal_hold;restrict_or_pseudonymize	kredit	configured_region;transfer_assessment_required_for_external_processor	Domain Engineering Lead
app	business_policy_events	id	confidential_commercial	business_or_transaction	application_or_authorized_provider	operate_trade_credit_service	pending_legal_approval	aal2_policy_manager_or_approver;authorized_worker_read_only	validated_application_command	database_encryption;rls;access_audit	environment_retention_register_pending_legal_approval	retain_under_financial_or_legal_hold;restrict_or_pseudonymize	kredit	configured_region;transfer_assessment_required_for_external_processor	Domain Engineering Lead
app	business_policy_events	change_id	confidential_commercial	business_or_transaction	application_or_authorized_provider	operate_trade_credit_service	pending_legal_approval	aal2_policy_manager_or_approver;authorized_worker_read_only	validated_application_command	database_encryption;rls;access_audit	environment_retention_register_pending_legal_approval	retain_under_financial_or_legal_hold;restrict_or_pseudonymize	kredit	configured_region;transfer_assessment_required_for_external_processor	Domain Engineering Lead
app	business_policy_events	actor_id	restricted_identity	business_or_transaction	application_or_authorized_provider	operate_trade_credit_service	pending_legal_approval	aal2_policy_manager_or_approver;authorized_worker_read_only	validated_application_command	database_encryption;rls;access_audit	environment_retention_register_pending_legal_approval	retain_under_financial_or_legal_hold;restrict_or_pseudonymize	kredit	configured_region;transfer_assessment_required_for_external_processor	Domain Engineering Lead
app	business_policy_events	action	confidential_commercial	business_or_transaction	application_or_authorized_provider	operate_trade_credit_service	pending_legal_approval	aal2_policy_manager_or_approver;authorized_worker_read_only	validated_application_command	database_encryption;rls;access_audit	environment_retention_register_pending_legal_approval	retain_under_financial_or_legal_hold;restrict_or_pseudonymize	kredit	configured_region;transfer_assessment_required_for_external_processor	Domain Engineering Lead
app	business_policy_events	reason	confidential_commercial	business_or_transaction	application_or_authorized_provider	operate_trade_credit_service	pending_legal_approval	aal2_policy_manager_or_approver;authorized_worker_read_only	validated_application_command	database_encryption;rls;access_audit	environment_retention_register_pending_legal_approval	retain_under_financial_or_legal_hold;restrict_or_pseudonymize	kredit	configured_region;transfer_assessment_required_for_external_processor	Domain Engineering Lead
app	business_policy_events	occurred_at	confidential_commercial	business_or_transaction	application_or_authorized_provider	operate_trade_credit_service	pending_legal_approval	aal2_policy_manager_or_approver;authorized_worker_read_only	validated_application_command	database_encryption;rls;access_audit	environment_retention_register_pending_legal_approval	retain_under_financial_or_legal_hold;restrict_or_pseudonymize	kredit	configured_region;transfer_assessment_required_for_external_processor	Domain Engineering Lead
app	business_representatives	id	confidential_commercial	business_or_transaction	application_or_authorized_provider	operate_trade_credit_service	pending_legal_approval	tenant_scoped_application;authorized_operations	validated_application_command;authorized_worker	database_encryption;rls;access_audit	environment_retention_register_pending_legal_approval	delete_or_pseudonymize_after_approved_request_and_retention_expiry	kredit	configured_region;transfer_assessment_required_for_external_processor	Domain Engineering Lead
app	business_representatives	business_id	confidential_commercial	business_or_transaction	application_or_authorized_provider	operate_trade_credit_service	pending_legal_approval	tenant_scoped_application;authorized_operations	validated_application_command;authorized_worker	database_encryption;rls;access_audit	environment_retention_register_pending_legal_approval	delete_or_pseudonymize_after_approved_request_and_retention_expiry	kredit	configured_region;transfer_assessment_required_for_external_processor	Domain Engineering Lead
app	business_representatives	person_id	restricted_identity	account_user	application_or_authorized_provider	operate_trade_credit_service	pending_legal_approval	tenant_scoped_application;authorized_operations	validated_application_command;authorized_worker	database_encryption;rls;access_audit	environment_retention_register_pending_legal_approval	delete_or_pseudonymize_after_approved_request_and_retention_expiry	kredit	configured_region;transfer_assessment_required_for_external_processor	Domain Engineering Lead
app	business_representatives	role_title	confidential_commercial	business_or_transaction	application_or_authorized_provider	operate_trade_credit_service	pending_legal_approval	tenant_scoped_application;authorized_operations	validated_application_command;authorized_worker	database_encryption;rls;access_audit	environment_retention_register_pending_legal_approval	delete_or_pseudonymize_after_approved_request_and_retention_expiry	kredit	configured_region;transfer_assessment_required_for_external_processor	Domain Engineering Lead
app	business_representatives	authority_type	confidential_commercial	business_or_transaction	application_or_authorized_provider	operate_trade_credit_service	pending_legal_approval	tenant_scoped_application;authorized_operations	validated_application_command;authorized_worker	database_encryption;rls;access_audit	environment_retention_register_pending_legal_approval	delete_or_pseudonymize_after_approved_request_and_retention_expiry	kredit	configured_region;transfer_assessment_required_for_external_processor	Domain Engineering Lead
app	business_representatives	authority_verification_status	confidential_commercial	business_or_transaction	application_or_authorized_provider	operate_trade_credit_service	pending_legal_approval	tenant_scoped_application;authorized_operations	validated_application_command;authorized_worker	database_encryption;rls;access_audit	environment_retention_register_pending_legal_approval	delete_or_pseudonymize_after_approved_request_and_retention_expiry	kredit	configured_region;transfer_assessment_required_for_external_processor	Domain Engineering Lead
app	business_representatives	starts_at	confidential_commercial	business_or_transaction	application_or_authorized_provider	operate_trade_credit_service	pending_legal_approval	tenant_scoped_application;authorized_operations	validated_application_command;authorized_worker	database_encryption;rls;access_audit	environment_retention_register_pending_legal_approval	delete_or_pseudonymize_after_approved_request_and_retention_expiry	kredit	configured_region;transfer_assessment_required_for_external_processor	Domain Engineering Lead
app	business_representatives	ends_at	confidential_commercial	business_or_transaction	application_or_authorized_provider	operate_trade_credit_service	pending_legal_approval	tenant_scoped_application;authorized_operations	validated_application_command;authorized_worker	database_encryption;rls;access_audit	environment_retention_register_pending_legal_approval	delete_or_pseudonymize_after_approved_request_and_retention_expiry	kredit	configured_region;transfer_assessment_required_for_external_processor	Domain Engineering Lead
app	business_representatives	evidence_reference	confidential_commercial	business_or_transaction	application_or_authorized_provider	operate_trade_credit_service	pending_legal_approval	tenant_scoped_application;authorized_operations	validated_application_command;authorized_worker	database_encryption;rls;access_audit	environment_retention_register_pending_legal_approval	delete_or_pseudonymize_after_approved_request_and_retention_expiry	kredit	configured_region;transfer_assessment_required_for_external_processor	Domain Engineering Lead
app	business_representatives	created_at	confidential_commercial	business_or_transaction	application_or_authorized_provider	operate_trade_credit_service	pending_legal_approval	tenant_scoped_application;authorized_operations	validated_application_command;authorized_worker	database_encryption;rls;access_audit	environment_retention_register_pending_legal_approval	delete_or_pseudonymize_after_approved_request_and_retention_expiry	kredit	configured_region;transfer_assessment_required_for_external_processor	Domain Engineering Lead
app	businesses	id	confidential_commercial	business_or_transaction	application_or_authorized_provider	operate_trade_credit_service	pending_legal_approval	tenant_scoped_application;authorized_operations	validated_application_command;authorized_worker	database_encryption;rls;access_audit	environment_retention_register_pending_legal_approval	delete_or_pseudonymize_after_approved_request_and_retention_expiry	kredit	configured_region;transfer_assessment_required_for_external_processor	Domain Engineering Lead
app	businesses	organization_id	confidential_commercial	business_or_transaction	application_or_authorized_provider	operate_trade_credit_service	pending_legal_approval	tenant_scoped_application;authorized_operations	validated_application_command;authorized_worker	database_encryption;rls;access_audit	environment_retention_register_pending_legal_approval	delete_or_pseudonymize_after_approved_request_and_retention_expiry	kredit	configured_region;transfer_assessment_required_for_external_processor	Domain Engineering Lead
app	businesses	owner_user_id	restricted_identity	account_user	application_or_authorized_provider	operate_trade_credit_service	pending_legal_approval	tenant_scoped_application;authorized_operations	validated_application_command;authorized_worker	database_encryption;rls;access_audit	environment_retention_register_pending_legal_approval	delete_or_pseudonymize_after_approved_request_and_retention_expiry	kredit	configured_region;transfer_assessment_required_for_external_processor	Domain Engineering Lead
app	businesses	legal_name	restricted_identity	business_or_transaction	application_or_authorized_provider	operate_trade_credit_service	pending_legal_approval	tenant_scoped_application;authorized_operations	validated_application_command;authorized_worker	database_encryption;rls;access_audit	environment_retention_register_pending_legal_approval	delete_or_pseudonymize_after_approved_request_and_retention_expiry	kredit	configured_region;transfer_assessment_required_for_external_processor	Domain Engineering Lead
app	businesses	trading_name	restricted_identity	business_or_transaction	application_or_authorized_provider	operate_trade_credit_service	pending_legal_approval	tenant_scoped_application;authorized_operations	validated_application_command;authorized_worker	database_encryption;rls;access_audit	environment_retention_register_pending_legal_approval	delete_or_pseudonymize_after_approved_request_and_retention_expiry	kredit	configured_region;transfer_assessment_required_for_external_processor	Domain Engineering Lead
app	businesses	business_type	confidential_commercial	business_or_transaction	application_or_authorized_provider	operate_trade_credit_service	pending_legal_approval	tenant_scoped_application;authorized_operations	validated_application_command;authorized_worker	database_encryption;rls;access_audit	environment_retention_register_pending_legal_approval	delete_or_pseudonymize_after_approved_request_and_retention_expiry	kredit	configured_region;transfer_assessment_required_for_external_processor	Domain Engineering Lead
app	businesses	registration_info	confidential_commercial	business_or_transaction	application_or_authorized_provider	operate_trade_credit_service	pending_legal_approval	tenant_scoped_application;authorized_operations	validated_application_command;authorized_worker	database_encryption;rls;access_audit	environment_retention_register_pending_legal_approval	delete_or_pseudonymize_after_approved_request_and_retention_expiry	kredit	configured_region;transfer_assessment_required_for_external_processor	Domain Engineering Lead
app	businesses	business_address	restricted_identity	business_or_transaction	application_or_authorized_provider	operate_trade_credit_service	pending_legal_approval	tenant_scoped_application;authorized_operations	validated_application_command;authorized_worker	database_encryption;rls;access_audit	environment_retention_register_pending_legal_approval	delete_or_pseudonymize_after_approved_request_and_retention_expiry	kredit	configured_region;transfer_assessment_required_for_external_processor	Domain Engineering Lead
app	businesses	industry	confidential_commercial	business_or_transaction	application_or_authorized_provider	operate_trade_credit_service	pending_legal_approval	tenant_scoped_application;authorized_operations	validated_application_command;authorized_worker	database_encryption;rls;access_audit	environment_retention_register_pending_legal_approval	delete_or_pseudonymize_after_approved_request_and_retention_expiry	kredit	configured_region;transfer_assessment_required_for_external_processor	Domain Engineering Lead
app	businesses	status	confidential_commercial	business_or_transaction	application_or_authorized_provider	operate_trade_credit_service	pending_legal_approval	tenant_scoped_application;authorized_operations	validated_application_command;authorized_worker	database_encryption;rls;access_audit	environment_retention_register_pending_legal_approval	delete_or_pseudonymize_after_approved_request_and_retention_expiry	kredit	configured_region;transfer_assessment_required_for_external_processor	Domain Engineering Lead
app	businesses	created_at	confidential_commercial	business_or_transaction	application_or_authorized_provider	operate_trade_credit_service	pending_legal_approval	tenant_scoped_application;authorized_operations	validated_application_command;authorized_worker	database_encryption;rls;access_audit	environment_retention_register_pending_legal_approval	delete_or_pseudonymize_after_approved_request_and_retention_expiry	kredit	configured_region;transfer_assessment_required_for_external_processor	Domain Engineering Lead
app	buyer_invitations	id	confidential_commercial	business_or_transaction	application_or_authorized_provider	operate_trade_credit_service	pending_legal_approval	tenant_scoped_application;authorized_operations	validated_application_command;authorized_worker	database_encryption;rls;access_audit	environment_retention_register_pending_legal_approval	delete_or_pseudonymize_after_approved_request_and_retention_expiry	kredit	configured_region;transfer_assessment_required_for_external_processor	Domain Engineering Lead
app	buyer_invitations	organization_id	confidential_commercial	business_or_transaction	application_or_authorized_provider	operate_trade_credit_service	pending_legal_approval	tenant_scoped_application;authorized_operations	validated_application_command;authorized_worker	database_encryption;rls;access_audit	environment_retention_register_pending_legal_approval	delete_or_pseudonymize_after_approved_request_and_retention_expiry	kredit	configured_region;transfer_assessment_required_for_external_processor	Domain Engineering Lead
app	buyer_invitations	target_type	confidential_commercial	business_or_transaction	application_or_authorized_provider	operate_trade_credit_service	pending_legal_approval	tenant_scoped_application;authorized_operations	validated_application_command;authorized_worker	database_encryption;rls;access_audit	environment_retention_register_pending_legal_approval	delete_or_pseudonymize_after_approved_request_and_retention_expiry	kredit	configured_region;transfer_assessment_required_for_external_processor	Domain Engineering Lead
app	buyer_invitations	target_hash	restricted_authentication	business_or_transaction	application_or_authorized_provider	operate_trade_credit_service	pending_legal_approval	tenant_scoped_application;authorized_operations	validated_application_command;authorized_worker	one_way_hmac_or_hash	environment_retention_register_pending_legal_approval	delete_or_pseudonymize_after_approved_request_and_retention_expiry	kredit	configured_region;transfer_assessment_required_for_external_processor	Domain Engineering Lead
app	buyer_invitations	token_hash	restricted_authentication	business_or_transaction	application_or_authorized_provider	operate_trade_credit_service	pending_legal_approval	tenant_scoped_application;authorized_operations	validated_application_command;authorized_worker	one_way_hmac_or_hash	environment_retention_register_pending_legal_approval	delete_or_pseudonymize_after_approved_request_and_retention_expiry	kredit	configured_region;transfer_assessment_required_for_external_processor	Domain Engineering Lead
app	buyer_invitations	proposed_legal_name	restricted_identity	business_or_transaction	application_or_authorized_provider	operate_trade_credit_service	pending_legal_approval	tenant_scoped_application;authorized_operations	validated_application_command;authorized_worker	database_encryption;rls;access_audit	environment_retention_register_pending_legal_approval	delete_or_pseudonymize_after_approved_request_and_retention_expiry	kredit	configured_region;transfer_assessment_required_for_external_processor	Domain Engineering Lead
app	buyer_invitations	proposed_trading_name	restricted_identity	business_or_transaction	application_or_authorized_provider	operate_trade_credit_service	pending_legal_approval	tenant_scoped_application;authorized_operations	validated_application_command;authorized_worker	database_encryption;rls;access_audit	environment_retention_register_pending_legal_approval	delete_or_pseudonymize_after_approved_request_and_retention_expiry	kredit	configured_region;transfer_assessment_required_for_external_processor	Domain Engineering Lead
app	buyer_invitations	proposed_business_type	confidential_commercial	business_or_transaction	application_or_authorized_provider	operate_trade_credit_service	pending_legal_approval	tenant_scoped_application;authorized_operations	validated_application_command;authorized_worker	database_encryption;rls;access_audit	environment_retention_register_pending_legal_approval	delete_or_pseudonymize_after_approved_request_and_retention_expiry	kredit	configured_region;transfer_assessment_required_for_external_processor	Domain Engineering Lead
app	buyer_invitations	proposed_address	restricted_identity	business_or_transaction	application_or_authorized_provider	operate_trade_credit_service	pending_legal_approval	tenant_scoped_application;authorized_operations	validated_application_command;authorized_worker	database_encryption;rls;access_audit	environment_retention_register_pending_legal_approval	delete_or_pseudonymize_after_approved_request_and_retention_expiry	kredit	configured_region;transfer_assessment_required_for_external_processor	Domain Engineering Lead
app	buyer_invitations	proposed_industry	confidential_commercial	business_or_transaction	application_or_authorized_provider	operate_trade_credit_service	pending_legal_approval	tenant_scoped_application;authorized_operations	validated_application_command;authorized_worker	database_encryption;rls;access_audit	environment_retention_register_pending_legal_approval	delete_or_pseudonymize_after_approved_request_and_retention_expiry	kredit	configured_region;transfer_assessment_required_for_external_processor	Domain Engineering Lead
app	buyer_invitations	status	confidential_commercial	business_or_transaction	application_or_authorized_provider	operate_trade_credit_service	pending_legal_approval	tenant_scoped_application;authorized_operations	validated_application_command;authorized_worker	database_encryption;rls;access_audit	environment_retention_register_pending_legal_approval	delete_or_pseudonymize_after_approved_request_and_retention_expiry	kredit	configured_region;transfer_assessment_required_for_external_processor	Domain Engineering Lead
app	buyer_invitations	lookup_attempts	confidential_commercial	business_or_transaction	application_or_authorized_provider	operate_trade_credit_service	pending_legal_approval	tenant_scoped_application;authorized_operations	validated_application_command;authorized_worker	database_encryption;rls;access_audit	environment_retention_register_pending_legal_approval	delete_or_pseudonymize_after_approved_request_and_retention_expiry	kredit	configured_region;transfer_assessment_required_for_external_processor	Domain Engineering Lead
app	buyer_invitations	created_by	confidential_commercial	business_or_transaction	application_or_authorized_provider	operate_trade_credit_service	pending_legal_approval	tenant_scoped_application;authorized_operations	validated_application_command;authorized_worker	database_encryption;rls;access_audit	environment_retention_register_pending_legal_approval	delete_or_pseudonymize_after_approved_request_and_retention_expiry	kredit	configured_region;transfer_assessment_required_for_external_processor	Domain Engineering Lead
app	buyer_invitations	created_at	confidential_commercial	business_or_transaction	application_or_authorized_provider	operate_trade_credit_service	pending_legal_approval	tenant_scoped_application;authorized_operations	validated_application_command;authorized_worker	database_encryption;rls;access_audit	environment_retention_register_pending_legal_approval	delete_or_pseudonymize_after_approved_request_and_retention_expiry	kredit	configured_region;transfer_assessment_required_for_external_processor	Domain Engineering Lead
app	buyer_invitations	expires_at	confidential_commercial	business_or_transaction	application_or_authorized_provider	operate_trade_credit_service	pending_legal_approval	tenant_scoped_application;authorized_operations	validated_application_command;authorized_worker	database_encryption;rls;access_audit	environment_retention_register_pending_legal_approval	delete_or_pseudonymize_after_approved_request_and_retention_expiry	kredit	configured_region;transfer_assessment_required_for_external_processor	Domain Engineering Lead
app	buyer_invitations	accepted_at	confidential_commercial	business_or_transaction	application_or_authorized_provider	operate_trade_credit_service	pending_legal_approval	tenant_scoped_application;authorized_operations	validated_application_command;authorized_worker	database_encryption;rls;access_audit	environment_retention_register_pending_legal_approval	delete_or_pseudonymize_after_approved_request_and_retention_expiry	kredit	configured_region;transfer_assessment_required_for_external_processor	Domain Engineering Lead
app	buyer_invitations	accepted_by_user_id	restricted_identity	account_user	application_or_authorized_provider	operate_trade_credit_service	pending_legal_approval	tenant_scoped_application;authorized_operations	validated_application_command;authorized_worker	database_encryption;rls;access_audit	environment_retention_register_pending_legal_approval	delete_or_pseudonymize_after_approved_request_and_retention_expiry	kredit	configured_region;transfer_assessment_required_for_external_processor	Domain Engineering Lead
app	buyer_invitations	target_ciphertext	restricted_authentication	business_or_transaction	application_or_authorized_provider	operate_trade_credit_service	pending_legal_approval	tenant_scoped_application;authorized_operations	validated_application_command;authorized_worker	encrypted_or_opaque_reference	environment_retention_register_pending_legal_approval	delete_or_pseudonymize_after_approved_request_and_retention_expiry	kredit	configured_region;transfer_assessment_required_for_external_processor	Domain Engineering Lead
app	collection_aggregate_snapshots	obligation_id	confidential_commercial	business_or_transaction	application_or_authorized_provider	operate_trade_credit_service	pending_legal_approval	tenant_scoped_application;authorized_operations	validated_application_command;authorized_worker	database_encryption;rls;access_audit	environment_retention_register_pending_legal_approval	delete_or_pseudonymize_after_approved_request_and_retention_expiry	kredit	configured_region;transfer_assessment_required_for_external_processor	Domain Engineering Lead
app	collection_aggregate_snapshots	aggregate	confidential_commercial	business_or_transaction	application_or_authorized_provider	operate_trade_credit_service	pending_legal_approval	tenant_scoped_application;authorized_operations	validated_application_command;authorized_worker	database_encryption;rls;access_audit	environment_retention_register_pending_legal_approval	delete_or_pseudonymize_after_approved_request_and_retention_expiry	kredit	configured_region;transfer_assessment_required_for_external_processor	Domain Engineering Lead
app	collection_aggregate_snapshots	version	confidential_commercial	business_or_transaction	application_or_authorized_provider	operate_trade_credit_service	pending_legal_approval	tenant_scoped_application;authorized_operations	validated_application_command;authorized_worker	database_encryption;rls;access_audit	environment_retention_register_pending_legal_approval	delete_or_pseudonymize_after_approved_request_and_retention_expiry	kredit	configured_region;transfer_assessment_required_for_external_processor	Domain Engineering Lead
app	collection_aggregate_snapshots	updated_at	confidential_commercial	business_or_transaction	application_or_authorized_provider	operate_trade_credit_service	pending_legal_approval	tenant_scoped_application;authorized_operations	validated_application_command;authorized_worker	database_encryption;rls;access_audit	environment_retention_register_pending_legal_approval	delete_or_pseudonymize_after_approved_request_and_retention_expiry	kredit	configured_region;transfer_assessment_required_for_external_processor	Domain Engineering Lead
app	collection_attempt_index	attempt_id	confidential_commercial	business_or_transaction	application_or_authorized_provider	operate_trade_credit_service	pending_legal_approval	tenant_scoped_application;authorized_operations	validated_application_command;authorized_worker	database_encryption;rls;access_audit	environment_retention_register_pending_legal_approval	delete_or_pseudonymize_after_approved_request_and_retention_expiry	kredit	configured_region;transfer_assessment_required_for_external_processor	Domain Engineering Lead
app	collection_attempt_index	external_reference	confidential_commercial	business_or_transaction	application_or_authorized_provider	operate_trade_credit_service	pending_legal_approval	tenant_scoped_application;authorized_operations	validated_application_command;authorized_worker	database_encryption;rls;access_audit	environment_retention_register_pending_legal_approval	delete_or_pseudonymize_after_approved_request_and_retention_expiry	kredit	configured_region;transfer_assessment_required_for_external_processor	Domain Engineering Lead
app	collection_attempt_index	obligation_id	confidential_commercial	business_or_transaction	application_or_authorized_provider	operate_trade_credit_service	pending_legal_approval	tenant_scoped_application;authorized_operations	validated_application_command;authorized_worker	database_encryption;rls;access_audit	environment_retention_register_pending_legal_approval	delete_or_pseudonymize_after_approved_request_and_retention_expiry	kredit	configured_region;transfer_assessment_required_for_external_processor	Domain Engineering Lead
app	collection_attempts	id	confidential_commercial	business_or_transaction	application_or_authorized_provider	operate_trade_credit_service	pending_legal_approval	tenant_scoped_application;authorized_operations	validated_application_command;authorized_worker	database_encryption;rls;access_audit	environment_retention_register_pending_legal_approval	delete_or_pseudonymize_after_approved_request_and_retention_expiry	kredit	configured_region;transfer_assessment_required_for_external_processor	Domain Engineering Lead
app	collection_attempts	reservation_id	confidential_commercial	business_or_transaction	application_or_authorized_provider	operate_trade_credit_service	pending_legal_approval	tenant_scoped_application;authorized_operations	validated_application_command;authorized_worker	database_encryption;rls;access_audit	environment_retention_register_pending_legal_approval	delete_or_pseudonymize_after_approved_request_and_retention_expiry	kredit	configured_region;transfer_assessment_required_for_external_processor	Domain Engineering Lead
app	collection_attempts	obligation_id	confidential_commercial	business_or_transaction	application_or_authorized_provider	operate_trade_credit_service	pending_legal_approval	tenant_scoped_application;authorized_operations	validated_application_command;authorized_worker	database_encryption;rls;access_audit	environment_retention_register_pending_legal_approval	delete_or_pseudonymize_after_approved_request_and_retention_expiry	kredit	configured_region;transfer_assessment_required_for_external_processor	Domain Engineering Lead
app	collection_attempts	provider	confidential_commercial	business_or_transaction	application_or_authorized_provider	operate_trade_credit_service	pending_legal_approval	tenant_scoped_application;authorized_operations	validated_application_command;authorized_worker	database_encryption;rls;access_audit	environment_retention_register_pending_legal_approval	delete_or_pseudonymize_after_approved_request_and_retention_expiry	kredit	configured_region;transfer_assessment_required_for_external_processor	Domain Engineering Lead
app	collection_attempts	provider_collection_id	confidential_commercial	business_or_transaction	application_or_authorized_provider	operate_trade_credit_service	pending_legal_approval	tenant_scoped_application;authorized_operations	validated_application_command;authorized_worker	database_encryption;rls;access_audit	environment_retention_register_pending_legal_approval	delete_or_pseudonymize_after_approved_request_and_retention_expiry	kredit	configured_region;transfer_assessment_required_for_external_processor	Domain Engineering Lead
app	collection_attempts	external_reference	confidential_commercial	business_or_transaction	application_or_authorized_provider	operate_trade_credit_service	pending_legal_approval	tenant_scoped_application;authorized_operations	validated_application_command;authorized_worker	database_encryption;rls;access_audit	environment_retention_register_pending_legal_approval	delete_or_pseudonymize_after_approved_request_and_retention_expiry	kredit	configured_region;transfer_assessment_required_for_external_processor	Domain Engineering Lead
app	collection_attempts	requested_amount_kobo	restricted_financial	business_or_transaction	application_or_authorized_provider	operate_trade_credit_service	pending_legal_approval	tenant_scoped_application;authorized_operations	validated_application_command;authorized_worker	database_encryption;rls;access_audit	environment_retention_register_pending_legal_approval	delete_or_pseudonymize_after_approved_request_and_retention_expiry	kredit	configured_region;transfer_assessment_required_for_external_processor	Domain Engineering Lead
app	collection_attempts	succeeded_amount_kobo	restricted_financial	business_or_transaction	application_or_authorized_provider	operate_trade_credit_service	pending_legal_approval	tenant_scoped_application;authorized_operations	validated_application_command;authorized_worker	database_encryption;rls;access_audit	environment_retention_register_pending_legal_approval	delete_or_pseudonymize_after_approved_request_and_retention_expiry	kredit	configured_region;transfer_assessment_required_for_external_processor	Domain Engineering Lead
app	collection_attempts	state	confidential_commercial	business_or_transaction	application_or_authorized_provider	operate_trade_credit_service	pending_legal_approval	tenant_scoped_application;authorized_operations	validated_application_command;authorized_worker	database_encryption;rls;access_audit	environment_retention_register_pending_legal_approval	delete_or_pseudonymize_after_approved_request_and_retention_expiry	kredit	configured_region;transfer_assessment_required_for_external_processor	Domain Engineering Lead
app	collection_attempts	attempt_number	confidential_commercial	business_or_transaction	application_or_authorized_provider	operate_trade_credit_service	pending_legal_approval	tenant_scoped_application;authorized_operations	validated_application_command;authorized_worker	database_encryption;rls;access_audit	environment_retention_register_pending_legal_approval	delete_or_pseudonymize_after_approved_request_and_retention_expiry	kredit	configured_region;transfer_assessment_required_for_external_processor	Domain Engineering Lead
app	collection_attempts	retry_classification	confidential_commercial	business_or_transaction	application_or_authorized_provider	operate_trade_credit_service	pending_legal_approval	tenant_scoped_application;authorized_operations	validated_application_command;authorized_worker	database_encryption;rls;access_audit	environment_retention_register_pending_legal_approval	delete_or_pseudonymize_after_approved_request_and_retention_expiry	kredit	configured_region;transfer_assessment_required_for_external_processor	Domain Engineering Lead
app	collection_attempts	failure_code	confidential_commercial	business_or_transaction	application_or_authorized_provider	operate_trade_credit_service	pending_legal_approval	tenant_scoped_application;authorized_operations	validated_application_command;authorized_worker	database_encryption;rls;access_audit	environment_retention_register_pending_legal_approval	delete_or_pseudonymize_after_approved_request_and_retention_expiry	kredit	configured_region;transfer_assessment_required_for_external_processor	Domain Engineering Lead
app	collection_attempts	requested_at	confidential_commercial	business_or_transaction	application_or_authorized_provider	operate_trade_credit_service	pending_legal_approval	tenant_scoped_application;authorized_operations	validated_application_command;authorized_worker	database_encryption;rls;access_audit	environment_retention_register_pending_legal_approval	delete_or_pseudonymize_after_approved_request_and_retention_expiry	kredit	configured_region;transfer_assessment_required_for_external_processor	Domain Engineering Lead
app	collection_attempts	final_at	confidential_commercial	business_or_transaction	application_or_authorized_provider	operate_trade_credit_service	pending_legal_approval	tenant_scoped_application;authorized_operations	validated_application_command;authorized_worker	database_encryption;rls;access_audit	environment_retention_register_pending_legal_approval	delete_or_pseudonymize_after_approved_request_and_retention_expiry	kredit	configured_region;transfer_assessment_required_for_external_processor	Domain Engineering Lead
app	collection_attempts	settlement_state	restricted_financial	business_or_transaction	application_or_authorized_provider	operate_trade_credit_service	pending_legal_approval	tenant_scoped_application;authorized_operations	validated_application_command;authorized_worker	database_encryption;rls;access_audit	environment_retention_register_pending_legal_approval	delete_or_pseudonymize_after_approved_request_and_retention_expiry	kredit	configured_region;transfer_assessment_required_for_external_processor	Domain Engineering Lead
app	collection_attempts	settlement_reference	restricted_financial	business_or_transaction	application_or_authorized_provider	operate_trade_credit_service	pending_legal_approval	tenant_scoped_application;authorized_operations	validated_application_command;authorized_worker	database_encryption;rls;access_audit	environment_retention_register_pending_legal_approval	delete_or_pseudonymize_after_approved_request_and_retention_expiry	kredit	configured_region;transfer_assessment_required_for_external_processor	Domain Engineering Lead
app	collection_attempts	next_retry_at	confidential_commercial	business_or_transaction	application_or_authorized_provider	operate_trade_credit_service	pending_legal_approval	tenant_scoped_application;authorized_operations	validated_application_command;authorized_worker	database_encryption;rls;access_audit	environment_retention_register_pending_legal_approval	delete_or_pseudonymize_after_approved_request_and_retention_expiry	kredit	configured_region;transfer_assessment_required_for_external_processor	Domain Engineering Lead
app	collection_events	id	confidential_commercial	business_or_transaction	application_or_authorized_provider	operate_trade_credit_service	pending_legal_approval	tenant_scoped_application;authorized_operations	validated_application_command;authorized_worker	database_encryption;rls;access_audit	environment_retention_register_pending_legal_approval	delete_or_pseudonymize_after_approved_request_and_retention_expiry	kredit	configured_region;transfer_assessment_required_for_external_processor	Domain Engineering Lead
app	collection_events	attempt_id	confidential_commercial	business_or_transaction	application_or_authorized_provider	operate_trade_credit_service	pending_legal_approval	tenant_scoped_application;authorized_operations	validated_application_command;authorized_worker	database_encryption;rls;access_audit	environment_retention_register_pending_legal_approval	delete_or_pseudonymize_after_approved_request_and_retention_expiry	kredit	configured_region;transfer_assessment_required_for_external_processor	Domain Engineering Lead
app	collection_events	obligation_id	confidential_commercial	business_or_transaction	application_or_authorized_provider	operate_trade_credit_service	pending_legal_approval	tenant_scoped_application;authorized_operations	validated_application_command;authorized_worker	database_encryption;rls;access_audit	environment_retention_register_pending_legal_approval	delete_or_pseudonymize_after_approved_request_and_retention_expiry	kredit	configured_region;transfer_assessment_required_for_external_processor	Domain Engineering Lead
app	collection_events	event_type	confidential_commercial	business_or_transaction	application_or_authorized_provider	operate_trade_credit_service	pending_legal_approval	tenant_scoped_application;authorized_operations	validated_application_command;authorized_worker	database_encryption;rls;access_audit	environment_retention_register_pending_legal_approval	delete_or_pseudonymize_after_approved_request_and_retention_expiry	kredit	configured_region;transfer_assessment_required_for_external_processor	Domain Engineering Lead
app	collection_events	amount_kobo	restricted_financial	business_or_transaction	application_or_authorized_provider	operate_trade_credit_service	pending_legal_approval	tenant_scoped_application;authorized_operations	validated_application_command;authorized_worker	database_encryption;rls;access_audit	environment_retention_register_pending_legal_approval	delete_or_pseudonymize_after_approved_request_and_retention_expiry	kredit	configured_region;transfer_assessment_required_for_external_processor	Domain Engineering Lead
app	collection_events	actor	confidential_commercial	business_or_transaction	application_or_authorized_provider	operate_trade_credit_service	pending_legal_approval	tenant_scoped_application;authorized_operations	validated_application_command;authorized_worker	database_encryption;rls;access_audit	environment_retention_register_pending_legal_approval	delete_or_pseudonymize_after_approved_request_and_retention_expiry	kredit	configured_region;transfer_assessment_required_for_external_processor	Domain Engineering Lead
app	collection_events	correlation_id	confidential_commercial	business_or_transaction	application_or_authorized_provider	operate_trade_credit_service	pending_legal_approval	tenant_scoped_application;authorized_operations	validated_application_command;authorized_worker	database_encryption;rls;access_audit	environment_retention_register_pending_legal_approval	delete_or_pseudonymize_after_approved_request_and_retention_expiry	kredit	configured_region;transfer_assessment_required_for_external_processor	Domain Engineering Lead
app	collection_events	occurred_at	confidential_commercial	business_or_transaction	application_or_authorized_provider	operate_trade_credit_service	pending_legal_approval	tenant_scoped_application;authorized_operations	validated_application_command;authorized_worker	database_encryption;rls;access_audit	environment_retention_register_pending_legal_approval	delete_or_pseudonymize_after_approved_request_and_retention_expiry	kredit	configured_region;transfer_assessment_required_for_external_processor	Domain Engineering Lead
app	collection_events	idempotency_key	confidential_commercial	business_or_transaction	application_or_authorized_provider	operate_trade_credit_service	pending_legal_approval	tenant_scoped_application;authorized_operations	validated_application_command;authorized_worker	database_encryption;rls;access_audit	environment_retention_register_pending_legal_approval	delete_or_pseudonymize_after_approved_request_and_retention_expiry	kredit	configured_region;transfer_assessment_required_for_external_processor	Domain Engineering Lead
app	collection_notice_acknowledgements	schedule_item_id	confidential_commercial	business_or_transaction	application_or_authorized_provider	operate_trade_credit_service	pending_legal_approval	own_buyer;authorized_worker_read_only	authenticated_buyer_insert_only	database_encryption;rls;access_audit	environment_retention_register_pending_legal_approval	retain_under_financial_or_legal_hold;restrict_or_pseudonymize	kredit	configured_region;transfer_assessment_required_for_external_processor	Domain Engineering Lead
app	collection_notice_acknowledgements	buyer_user_id	restricted_identity	account_user	application_or_authorized_provider	operate_trade_credit_service	pending_legal_approval	own_buyer;authorized_worker_read_only	authenticated_buyer_insert_only	database_encryption;rls;access_audit	environment_retention_register_pending_legal_approval	retain_under_financial_or_legal_hold;restrict_or_pseudonymize	kredit	configured_region;transfer_assessment_required_for_external_processor	Domain Engineering Lead
app	collection_notice_acknowledgements	notification_id	confidential_commercial	business_or_transaction	application_or_authorized_provider	operate_trade_credit_service	pending_legal_approval	own_buyer;authorized_worker_read_only	authenticated_buyer_insert_only	database_encryption;rls;access_audit	environment_retention_register_pending_legal_approval	retain_under_financial_or_legal_hold;restrict_or_pseudonymize	kredit	configured_region;transfer_assessment_required_for_external_processor	Domain Engineering Lead
app	collection_notice_acknowledgements	receipt_channel	confidential_commercial	business_or_transaction	application_or_authorized_provider	operate_trade_credit_service	pending_legal_approval	own_buyer;authorized_worker_read_only	authenticated_buyer_insert_only	database_encryption;rls;access_audit	environment_retention_register_pending_legal_approval	retain_under_financial_or_legal_hold;restrict_or_pseudonymize	kredit	configured_region;transfer_assessment_required_for_external_processor	Domain Engineering Lead
app	collection_notice_acknowledgements	receipt_event_id	confidential_commercial	business_or_transaction	application_or_authorized_provider	operate_trade_credit_service	pending_legal_approval	own_buyer;authorized_worker_read_only	authenticated_buyer_insert_only	database_encryption;rls;access_audit	environment_retention_register_pending_legal_approval	retain_under_financial_or_legal_hold;restrict_or_pseudonymize	kredit	configured_region;transfer_assessment_required_for_external_processor	Domain Engineering Lead
app	collection_notice_acknowledgements	acknowledged_at	confidential_commercial	business_or_transaction	application_or_authorized_provider	operate_trade_credit_service	pending_legal_approval	own_buyer;authorized_worker_read_only	authenticated_buyer_insert_only	database_encryption;rls;access_audit	environment_retention_register_pending_legal_approval	retain_under_financial_or_legal_hold;restrict_or_pseudonymize	kredit	configured_region;transfer_assessment_required_for_external_processor	Domain Engineering Lead
app	collection_provider_events	id	confidential_commercial	business_or_transaction	application_or_authorized_provider	operate_trade_credit_service	pending_legal_approval	tenant_scoped_application;authorized_operations	validated_application_command;authorized_worker	database_encryption;rls;access_audit	environment_retention_register_pending_legal_approval	delete_or_pseudonymize_after_approved_request_and_retention_expiry	approved_provider_if_configured	configured_region;transfer_assessment_required_for_external_processor	Domain Engineering Lead
app	collection_provider_events	provider	confidential_commercial	business_or_transaction	application_or_authorized_provider	operate_trade_credit_service	pending_legal_approval	tenant_scoped_application;authorized_operations	validated_application_command;authorized_worker	database_encryption;rls;access_audit	environment_retention_register_pending_legal_approval	delete_or_pseudonymize_after_approved_request_and_retention_expiry	approved_provider_if_configured	configured_region;transfer_assessment_required_for_external_processor	Domain Engineering Lead
app	collection_provider_events	event_id	confidential_commercial	business_or_transaction	application_or_authorized_provider	operate_trade_credit_service	pending_legal_approval	tenant_scoped_application;authorized_operations	validated_application_command;authorized_worker	database_encryption;rls;access_audit	environment_retention_register_pending_legal_approval	delete_or_pseudonymize_after_approved_request_and_retention_expiry	approved_provider_if_configured	configured_region;transfer_assessment_required_for_external_processor	Domain Engineering Lead
app	collection_provider_events	external_reference	confidential_commercial	business_or_transaction	application_or_authorized_provider	operate_trade_credit_service	pending_legal_approval	tenant_scoped_application;authorized_operations	validated_application_command;authorized_worker	database_encryption;rls;access_audit	environment_retention_register_pending_legal_approval	delete_or_pseudonymize_after_approved_request_and_retention_expiry	approved_provider_if_configured	configured_region;transfer_assessment_required_for_external_processor	Domain Engineering Lead
app	collection_provider_events	payload_hash	restricted_authentication	business_or_transaction	application_or_authorized_provider	operate_trade_credit_service	pending_legal_approval	tenant_scoped_application;authorized_operations	validated_application_command;authorized_worker	one_way_hmac_or_hash	environment_retention_register_pending_legal_approval	delete_or_pseudonymize_after_approved_request_and_retention_expiry	approved_provider_if_configured	configured_region;transfer_assessment_required_for_external_processor	Domain Engineering Lead
app	collection_provider_events	state	confidential_commercial	business_or_transaction	application_or_authorized_provider	operate_trade_credit_service	pending_legal_approval	tenant_scoped_application;authorized_operations	validated_application_command;authorized_worker	database_encryption;rls;access_audit	environment_retention_register_pending_legal_approval	delete_or_pseudonymize_after_approved_request_and_retention_expiry	approved_provider_if_configured	configured_region;transfer_assessment_required_for_external_processor	Domain Engineering Lead
app	collection_provider_events	processed_at	confidential_commercial	business_or_transaction	application_or_authorized_provider	operate_trade_credit_service	pending_legal_approval	tenant_scoped_application;authorized_operations	validated_application_command;authorized_worker	database_encryption;rls;access_audit	environment_retention_register_pending_legal_approval	delete_or_pseudonymize_after_approved_request_and_retention_expiry	approved_provider_if_configured	configured_region;transfer_assessment_required_for_external_processor	Domain Engineering Lead
app	collection_reservations	id	confidential_commercial	business_or_transaction	application_or_authorized_provider	operate_trade_credit_service	pending_legal_approval	tenant_scoped_application;authorized_operations	validated_application_command;authorized_worker	database_encryption;rls;access_audit	environment_retention_register_pending_legal_approval	delete_or_pseudonymize_after_approved_request_and_retention_expiry	kredit	configured_region;transfer_assessment_required_for_external_processor	Domain Engineering Lead
app	collection_reservations	obligation_id	confidential_commercial	business_or_transaction	application_or_authorized_provider	operate_trade_credit_service	pending_legal_approval	tenant_scoped_application;authorized_operations	validated_application_command;authorized_worker	database_encryption;rls;access_audit	environment_retention_register_pending_legal_approval	delete_or_pseudonymize_after_approved_request_and_retention_expiry	kredit	configured_region;transfer_assessment_required_for_external_processor	Domain Engineering Lead
app	collection_reservations	schedule_item_id	confidential_commercial	business_or_transaction	application_or_authorized_provider	operate_trade_credit_service	pending_legal_approval	tenant_scoped_application;authorized_operations	validated_application_command;authorized_worker	database_encryption;rls;access_audit	environment_retention_register_pending_legal_approval	delete_or_pseudonymize_after_approved_request_and_retention_expiry	kredit	configured_region;transfer_assessment_required_for_external_processor	Domain Engineering Lead
app	collection_reservations	outstanding_snapshot_version	confidential_commercial	business_or_transaction	application_or_authorized_provider	operate_trade_credit_service	pending_legal_approval	tenant_scoped_application;authorized_operations	validated_application_command;authorized_worker	database_encryption;rls;access_audit	environment_retention_register_pending_legal_approval	delete_or_pseudonymize_after_approved_request_and_retention_expiry	kredit	configured_region;transfer_assessment_required_for_external_processor	Domain Engineering Lead
app	collection_reservations	reserved_amount_kobo	restricted_financial	business_or_transaction	application_or_authorized_provider	operate_trade_credit_service	pending_legal_approval	tenant_scoped_application;authorized_operations	validated_application_command;authorized_worker	database_encryption;rls;access_audit	environment_retention_register_pending_legal_approval	delete_or_pseudonymize_after_approved_request_and_retention_expiry	kredit	configured_region;transfer_assessment_required_for_external_processor	Domain Engineering Lead
app	collection_reservations	state	confidential_commercial	business_or_transaction	application_or_authorized_provider	operate_trade_credit_service	pending_legal_approval	tenant_scoped_application;authorized_operations	validated_application_command;authorized_worker	database_encryption;rls;access_audit	environment_retention_register_pending_legal_approval	delete_or_pseudonymize_after_approved_request_and_retention_expiry	kredit	configured_region;transfer_assessment_required_for_external_processor	Domain Engineering Lead
app	collection_reservations	expires_at	confidential_commercial	business_or_transaction	application_or_authorized_provider	operate_trade_credit_service	pending_legal_approval	tenant_scoped_application;authorized_operations	validated_application_command;authorized_worker	database_encryption;rls;access_audit	environment_retention_register_pending_legal_approval	delete_or_pseudonymize_after_approved_request_and_retention_expiry	kredit	configured_region;transfer_assessment_required_for_external_processor	Domain Engineering Lead
app	collection_reservations	idempotency_key	confidential_commercial	business_or_transaction	application_or_authorized_provider	operate_trade_credit_service	pending_legal_approval	tenant_scoped_application;authorized_operations	validated_application_command;authorized_worker	database_encryption;rls;access_audit	environment_retention_register_pending_legal_approval	delete_or_pseudonymize_after_approved_request_and_retention_expiry	kredit	configured_region;transfer_assessment_required_for_external_processor	Domain Engineering Lead
app	collection_reservations	created_at	confidential_commercial	business_or_transaction	application_or_authorized_provider	operate_trade_credit_service	pending_legal_approval	tenant_scoped_application;authorized_operations	validated_application_command;authorized_worker	database_encryption;rls;access_audit	environment_retention_register_pending_legal_approval	delete_or_pseudonymize_after_approved_request_and_retention_expiry	kredit	configured_region;transfer_assessment_required_for_external_processor	Domain Engineering Lead
app	collection_reservations	mandate_id	restricted_financial	business_or_transaction	application_or_authorized_provider	operate_trade_credit_service	pending_legal_approval	tenant_scoped_application;authorized_operations	validated_application_command;authorized_worker	database_encryption;rls;access_audit	environment_retention_register_pending_legal_approval	delete_or_pseudonymize_after_approved_request_and_retention_expiry	kredit	configured_region;transfer_assessment_required_for_external_processor	Domain Engineering Lead
app	correction_decisions	id	confidential_commercial	business_or_transaction	application_or_authorized_provider	operate_trade_credit_service	pending_legal_approval	tenant_scoped_application;authorized_operations	validated_application_command;authorized_worker	database_encryption;rls;access_audit	environment_retention_register_pending_legal_approval	delete_or_pseudonymize_after_approved_request_and_retention_expiry	kredit	configured_region;transfer_assessment_required_for_external_processor	Domain Engineering Lead
app	correction_decisions	request_id	confidential_commercial	business_or_transaction	application_or_authorized_provider	operate_trade_credit_service	pending_legal_approval	tenant_scoped_application;authorized_operations	validated_application_command;authorized_worker	database_encryption;rls;access_audit	environment_retention_register_pending_legal_approval	delete_or_pseudonymize_after_approved_request_and_retention_expiry	kredit	configured_region;transfer_assessment_required_for_external_processor	Domain Engineering Lead
app	correction_decisions	reviewer_id	confidential_commercial	business_or_transaction	application_or_authorized_provider	operate_trade_credit_service	pending_legal_approval	tenant_scoped_application;authorized_operations	validated_application_command;authorized_worker	database_encryption;rls;access_audit	environment_retention_register_pending_legal_approval	delete_or_pseudonymize_after_approved_request_and_retention_expiry	kredit	configured_region;transfer_assessment_required_for_external_processor	Domain Engineering Lead
app	correction_decisions	outcome	confidential_commercial	business_or_transaction	application_or_authorized_provider	operate_trade_credit_service	pending_legal_approval	tenant_scoped_application;authorized_operations	validated_application_command;authorized_worker	database_encryption;rls;access_audit	environment_retention_register_pending_legal_approval	delete_or_pseudonymize_after_approved_request_and_retention_expiry	kredit	configured_region;transfer_assessment_required_for_external_processor	Domain Engineering Lead
app	correction_decisions	reason	confidential_commercial	business_or_transaction	application_or_authorized_provider	operate_trade_credit_service	pending_legal_approval	tenant_scoped_application;authorized_operations	validated_application_command;authorized_worker	database_encryption;rls;access_audit	environment_retention_register_pending_legal_approval	delete_or_pseudonymize_after_approved_request_and_retention_expiry	kredit	configured_region;transfer_assessment_required_for_external_processor	Domain Engineering Lead
app	correction_decisions	correction_event_id	confidential_commercial	business_or_transaction	application_or_authorized_provider	operate_trade_credit_service	pending_legal_approval	tenant_scoped_application;authorized_operations	validated_application_command;authorized_worker	database_encryption;rls;access_audit	environment_retention_register_pending_legal_approval	delete_or_pseudonymize_after_approved_request_and_retention_expiry	kredit	configured_region;transfer_assessment_required_for_external_processor	Domain Engineering Lead
app	correction_decisions	decided_at	confidential_commercial	business_or_transaction	application_or_authorized_provider	operate_trade_credit_service	pending_legal_approval	tenant_scoped_application;authorized_operations	validated_application_command;authorized_worker	database_encryption;rls;access_audit	environment_retention_register_pending_legal_approval	delete_or_pseudonymize_after_approved_request_and_retention_expiry	kredit	configured_region;transfer_assessment_required_for_external_processor	Domain Engineering Lead
app	correction_requests	id	confidential_commercial	business_or_transaction	application_or_authorized_provider	operate_trade_credit_service	pending_legal_approval	tenant_scoped_application;authorized_operations	validated_application_command;authorized_worker	database_encryption;rls;access_audit	environment_retention_register_pending_legal_approval	delete_or_pseudonymize_after_approved_request_and_retention_expiry	kredit	configured_region;transfer_assessment_required_for_external_processor	Domain Engineering Lead
app	correction_requests	organization_id	confidential_commercial	business_or_transaction	application_or_authorized_provider	operate_trade_credit_service	pending_legal_approval	tenant_scoped_application;authorized_operations	validated_application_command;authorized_worker	database_encryption;rls;access_audit	environment_retention_register_pending_legal_approval	delete_or_pseudonymize_after_approved_request_and_retention_expiry	kredit	configured_region;transfer_assessment_required_for_external_processor	Domain Engineering Lead
app	correction_requests	subject_type	confidential_commercial	business_or_transaction	application_or_authorized_provider	operate_trade_credit_service	pending_legal_approval	tenant_scoped_application;authorized_operations	validated_application_command;authorized_worker	database_encryption;rls;access_audit	environment_retention_register_pending_legal_approval	delete_or_pseudonymize_after_approved_request_and_retention_expiry	kredit	configured_region;transfer_assessment_required_for_external_processor	Domain Engineering Lead
app	correction_requests	subject_id	confidential_commercial	business_or_transaction	application_or_authorized_provider	operate_trade_credit_service	pending_legal_approval	tenant_scoped_application;authorized_operations	validated_application_command;authorized_worker	database_encryption;rls;access_audit	environment_retention_register_pending_legal_approval	delete_or_pseudonymize_after_approved_request_and_retention_expiry	kredit	configured_region;transfer_assessment_required_for_external_processor	Domain Engineering Lead
app	correction_requests	source_event_id	confidential_commercial	business_or_transaction	application_or_authorized_provider	operate_trade_credit_service	pending_legal_approval	tenant_scoped_application;authorized_operations	validated_application_command;authorized_worker	database_encryption;rls;access_audit	environment_retention_register_pending_legal_approval	delete_or_pseudonymize_after_approved_request_and_retention_expiry	kredit	configured_region;transfer_assessment_required_for_external_processor	Domain Engineering Lead
app	correction_requests	requested_by	confidential_commercial	business_or_transaction	application_or_authorized_provider	operate_trade_credit_service	pending_legal_approval	tenant_scoped_application;authorized_operations	validated_application_command;authorized_worker	database_encryption;rls;access_audit	environment_retention_register_pending_legal_approval	delete_or_pseudonymize_after_approved_request_and_retention_expiry	kredit	configured_region;transfer_assessment_required_for_external_processor	Domain Engineering Lead
app	correction_requests	reason	confidential_commercial	business_or_transaction	application_or_authorized_provider	operate_trade_credit_service	pending_legal_approval	tenant_scoped_application;authorized_operations	validated_application_command;authorized_worker	database_encryption;rls;access_audit	environment_retention_register_pending_legal_approval	delete_or_pseudonymize_after_approved_request_and_retention_expiry	kredit	configured_region;transfer_assessment_required_for_external_processor	Domain Engineering Lead
app	correction_requests	evidence	confidential_commercial	business_or_transaction	application_or_authorized_provider	operate_trade_credit_service	pending_legal_approval	tenant_scoped_application;authorized_operations	validated_application_command;authorized_worker	database_encryption;rls;access_audit	environment_retention_register_pending_legal_approval	delete_or_pseudonymize_after_approved_request_and_retention_expiry	kredit	configured_region;transfer_assessment_required_for_external_processor	Domain Engineering Lead
app	correction_requests	state	confidential_commercial	business_or_transaction	application_or_authorized_provider	operate_trade_credit_service	pending_legal_approval	tenant_scoped_application;authorized_operations	validated_application_command;authorized_worker	database_encryption;rls;access_audit	environment_retention_register_pending_legal_approval	delete_or_pseudonymize_after_approved_request_and_retention_expiry	kredit	configured_region;transfer_assessment_required_for_external_processor	Domain Engineering Lead
app	correction_requests	created_at	confidential_commercial	business_or_transaction	application_or_authorized_provider	operate_trade_credit_service	pending_legal_approval	tenant_scoped_application;authorized_operations	validated_application_command;authorized_worker	database_encryption;rls;access_audit	environment_retention_register_pending_legal_approval	delete_or_pseudonymize_after_approved_request_and_retention_expiry	kredit	configured_region;transfer_assessment_required_for_external_processor	Domain Engineering Lead
app	correction_requests	updated_at	confidential_commercial	business_or_transaction	application_or_authorized_provider	operate_trade_credit_service	pending_legal_approval	tenant_scoped_application;authorized_operations	validated_application_command;authorized_worker	database_encryption;rls;access_audit	environment_retention_register_pending_legal_approval	delete_or_pseudonymize_after_approved_request_and_retention_expiry	kredit	configured_region;transfer_assessment_required_for_external_processor	Domain Engineering Lead
app	credit_aggregate_snapshots	credit_request_id	confidential_commercial	business_or_transaction	application_or_authorized_provider	operate_trade_credit_service	pending_legal_approval	tenant_scoped_application;authorized_operations	validated_application_command;authorized_worker	database_encryption;rls;access_audit	environment_retention_register_pending_legal_approval	delete_or_pseudonymize_after_approved_request_and_retention_expiry	kredit	configured_region;transfer_assessment_required_for_external_processor	Domain Engineering Lead
app	credit_aggregate_snapshots	supplier_organization_id	confidential_commercial	business_or_transaction	application_or_authorized_provider	operate_trade_credit_service	pending_legal_approval	tenant_scoped_application;authorized_operations	validated_application_command;authorized_worker	database_encryption;rls;access_audit	environment_retention_register_pending_legal_approval	delete_or_pseudonymize_after_approved_request_and_retention_expiry	kredit	configured_region;transfer_assessment_required_for_external_processor	Domain Engineering Lead
app	credit_aggregate_snapshots	buyer_user_id	restricted_identity	account_user	application_or_authorized_provider	operate_trade_credit_service	pending_legal_approval	tenant_scoped_application;authorized_operations	validated_application_command;authorized_worker	database_encryption;rls;access_audit	environment_retention_register_pending_legal_approval	delete_or_pseudonymize_after_approved_request_and_retention_expiry	kredit	configured_region;transfer_assessment_required_for_external_processor	Domain Engineering Lead
app	credit_aggregate_snapshots	aggregate	confidential_commercial	business_or_transaction	application_or_authorized_provider	operate_trade_credit_service	pending_legal_approval	tenant_scoped_application;authorized_operations	validated_application_command;authorized_worker	database_encryption;rls;access_audit	environment_retention_register_pending_legal_approval	delete_or_pseudonymize_after_approved_request_and_retention_expiry	kredit	configured_region;transfer_assessment_required_for_external_processor	Domain Engineering Lead
app	credit_aggregate_snapshots	version	confidential_commercial	business_or_transaction	application_or_authorized_provider	operate_trade_credit_service	pending_legal_approval	tenant_scoped_application;authorized_operations	validated_application_command;authorized_worker	database_encryption;rls;access_audit	environment_retention_register_pending_legal_approval	delete_or_pseudonymize_after_approved_request_and_retention_expiry	kredit	configured_region;transfer_assessment_required_for_external_processor	Domain Engineering Lead
app	credit_aggregate_snapshots	updated_at	confidential_commercial	business_or_transaction	application_or_authorized_provider	operate_trade_credit_service	pending_legal_approval	tenant_scoped_application;authorized_operations	validated_application_command;authorized_worker	database_encryption;rls;access_audit	environment_retention_register_pending_legal_approval	delete_or_pseudonymize_after_approved_request_and_retention_expiry	kredit	configured_region;transfer_assessment_required_for_external_processor	Domain Engineering Lead
app	credit_requests	id	confidential_commercial	business_or_transaction	application_or_authorized_provider	operate_trade_credit_service	pending_legal_approval	tenant_scoped_application;authorized_operations	validated_application_command;authorized_worker	database_encryption;rls;access_audit	environment_retention_register_pending_legal_approval	delete_or_pseudonymize_after_approved_request_and_retention_expiry	kredit	configured_region;transfer_assessment_required_for_external_processor	Domain Engineering Lead
app	credit_requests	supplier_organization_id	confidential_commercial	business_or_transaction	application_or_authorized_provider	operate_trade_credit_service	pending_legal_approval	tenant_scoped_application;authorized_operations	validated_application_command;authorized_worker	database_encryption;rls;access_audit	environment_retention_register_pending_legal_approval	delete_or_pseudonymize_after_approved_request_and_retention_expiry	kredit	configured_region;transfer_assessment_required_for_external_processor	Domain Engineering Lead
app	credit_requests	buyer_user_id	restricted_identity	account_user	application_or_authorized_provider	operate_trade_credit_service	pending_legal_approval	tenant_scoped_application;authorized_operations	validated_application_command;authorized_worker	database_encryption;rls;access_audit	environment_retention_register_pending_legal_approval	delete_or_pseudonymize_after_approved_request_and_retention_expiry	kredit	configured_region;transfer_assessment_required_for_external_processor	Domain Engineering Lead
app	credit_requests	buyer_business_id	confidential_commercial	business_or_transaction	application_or_authorized_provider	operate_trade_credit_service	pending_legal_approval	tenant_scoped_application;authorized_operations	validated_application_command;authorized_worker	database_encryption;rls;access_audit	environment_retention_register_pending_legal_approval	delete_or_pseudonymize_after_approved_request_and_retention_expiry	kredit	configured_region;transfer_assessment_required_for_external_processor	Domain Engineering Lead
app	credit_requests	principal_kobo	restricted_financial	business_or_transaction	application_or_authorized_provider	operate_trade_credit_service	pending_legal_approval	tenant_scoped_application;authorized_operations	validated_application_command;authorized_worker	database_encryption;rls;access_audit	environment_retention_register_pending_legal_approval	delete_or_pseudonymize_after_approved_request_and_retention_expiry	kredit	configured_region;transfer_assessment_required_for_external_processor	Domain Engineering Lead
app	credit_requests	currency	restricted_financial	business_or_transaction	application_or_authorized_provider	operate_trade_credit_service	pending_legal_approval	tenant_scoped_application;authorized_operations	validated_application_command;authorized_worker	database_encryption;rls;access_audit	environment_retention_register_pending_legal_approval	delete_or_pseudonymize_after_approved_request_and_retention_expiry	kredit	configured_region;transfer_assessment_required_for_external_processor	Domain Engineering Lead
app	credit_requests	goods_description	confidential_commercial	business_or_transaction	application_or_authorized_provider	operate_trade_credit_service	pending_legal_approval	tenant_scoped_application;authorized_operations	validated_application_command;authorized_worker	database_encryption;rls;access_audit	environment_retention_register_pending_legal_approval	delete_or_pseudonymize_after_approved_request_and_retention_expiry	kredit	configured_region;transfer_assessment_required_for_external_processor	Domain Engineering Lead
app	credit_requests	invoice_reference	confidential_commercial	business_or_transaction	application_or_authorized_provider	operate_trade_credit_service	pending_legal_approval	tenant_scoped_application;authorized_operations	validated_application_command;authorized_worker	database_encryption;rls;access_audit	environment_retention_register_pending_legal_approval	delete_or_pseudonymize_after_approved_request_and_retention_expiry	kredit	configured_region;transfer_assessment_required_for_external_processor	Domain Engineering Lead
app	credit_requests	invoice_document_hash	restricted_authentication	business_or_transaction	application_or_authorized_provider	operate_trade_credit_service	pending_legal_approval	tenant_scoped_application;authorized_operations	validated_application_command;authorized_worker	one_way_hmac_or_hash	environment_retention_register_pending_legal_approval	delete_or_pseudonymize_after_approved_request_and_retention_expiry	kredit	configured_region;transfer_assessment_required_for_external_processor	Domain Engineering Lead
app	credit_requests	due_date	confidential_commercial	business_or_transaction	application_or_authorized_provider	operate_trade_credit_service	pending_legal_approval	tenant_scoped_application;authorized_operations	validated_application_command;authorized_worker	database_encryption;rls;access_audit	environment_retention_register_pending_legal_approval	delete_or_pseudonymize_after_approved_request_and_retention_expiry	kredit	configured_region;transfer_assessment_required_for_external_processor	Domain Engineering Lead
app	credit_requests	grace_hours	confidential_commercial	business_or_transaction	application_or_authorized_provider	operate_trade_credit_service	pending_legal_approval	tenant_scoped_application;authorized_operations	validated_application_command;authorized_worker	database_encryption;rls;access_audit	environment_retention_register_pending_legal_approval	delete_or_pseudonymize_after_approved_request_and_retention_expiry	kredit	configured_region;transfer_assessment_required_for_external_processor	Domain Engineering Lead
app	credit_requests	collection_at	confidential_commercial	business_or_transaction	application_or_authorized_provider	operate_trade_credit_service	pending_legal_approval	tenant_scoped_application;authorized_operations	validated_application_command;authorized_worker	database_encryption;rls;access_audit	environment_retention_register_pending_legal_approval	delete_or_pseudonymize_after_approved_request_and_retention_expiry	kredit	configured_region;transfer_assessment_required_for_external_processor	Domain Engineering Lead
app	credit_requests	state	confidential_commercial	business_or_transaction	application_or_authorized_provider	operate_trade_credit_service	pending_legal_approval	tenant_scoped_application;authorized_operations	validated_application_command;authorized_worker	database_encryption;rls;access_audit	environment_retention_register_pending_legal_approval	delete_or_pseudonymize_after_approved_request_and_retention_expiry	kredit	configured_region;transfer_assessment_required_for_external_processor	Domain Engineering Lead
app	credit_requests	agreement_version_id	confidential_commercial	business_or_transaction	application_or_authorized_provider	operate_trade_credit_service	pending_legal_approval	tenant_scoped_application;authorized_operations	validated_application_command;authorized_worker	database_encryption;rls;access_audit	environment_retention_register_pending_legal_approval	delete_or_pseudonymize_after_approved_request_and_retention_expiry	kredit	configured_region;transfer_assessment_required_for_external_processor	Domain Engineering Lead
app	credit_requests	mandate_id	restricted_financial	business_or_transaction	application_or_authorized_provider	operate_trade_credit_service	pending_legal_approval	tenant_scoped_application;authorized_operations	validated_application_command;authorized_worker	database_encryption;rls;access_audit	environment_retention_register_pending_legal_approval	delete_or_pseudonymize_after_approved_request_and_retention_expiry	kredit	configured_region;transfer_assessment_required_for_external_processor	Domain Engineering Lead
app	credit_requests	acceptance_id	confidential_commercial	business_or_transaction	application_or_authorized_provider	operate_trade_credit_service	pending_legal_approval	tenant_scoped_application;authorized_operations	validated_application_command;authorized_worker	database_encryption;rls;access_audit	environment_retention_register_pending_legal_approval	delete_or_pseudonymize_after_approved_request_and_retention_expiry	kredit	configured_region;transfer_assessment_required_for_external_processor	Domain Engineering Lead
app	credit_requests	release_id	confidential_commercial	business_or_transaction	application_or_authorized_provider	operate_trade_credit_service	pending_legal_approval	tenant_scoped_application;authorized_operations	validated_application_command;authorized_worker	database_encryption;rls;access_audit	environment_retention_register_pending_legal_approval	delete_or_pseudonymize_after_approved_request_and_retention_expiry	kredit	configured_region;transfer_assessment_required_for_external_processor	Domain Engineering Lead
app	credit_requests	receipt_id	confidential_commercial	business_or_transaction	application_or_authorized_provider	operate_trade_credit_service	pending_legal_approval	tenant_scoped_application;authorized_operations	validated_application_command;authorized_worker	database_encryption;rls;access_audit	environment_retention_register_pending_legal_approval	delete_or_pseudonymize_after_approved_request_and_retention_expiry	kredit	configured_region;transfer_assessment_required_for_external_processor	Domain Engineering Lead
app	credit_requests	obligation_id	confidential_commercial	business_or_transaction	application_or_authorized_provider	operate_trade_credit_service	pending_legal_approval	tenant_scoped_application;authorized_operations	validated_application_command;authorized_worker	database_encryption;rls;access_audit	environment_retention_register_pending_legal_approval	delete_or_pseudonymize_after_approved_request_and_retention_expiry	kredit	configured_region;transfer_assessment_required_for_external_processor	Domain Engineering Lead
app	credit_requests	created_by	confidential_commercial	business_or_transaction	application_or_authorized_provider	operate_trade_credit_service	pending_legal_approval	tenant_scoped_application;authorized_operations	validated_application_command;authorized_worker	database_encryption;rls;access_audit	environment_retention_register_pending_legal_approval	delete_or_pseudonymize_after_approved_request_and_retention_expiry	kredit	configured_region;transfer_assessment_required_for_external_processor	Domain Engineering Lead
app	credit_requests	created_at	confidential_commercial	business_or_transaction	application_or_authorized_provider	operate_trade_credit_service	pending_legal_approval	tenant_scoped_application;authorized_operations	validated_application_command;authorized_worker	database_encryption;rls;access_audit	environment_retention_register_pending_legal_approval	delete_or_pseudonymize_after_approved_request_and_retention_expiry	kredit	configured_region;transfer_assessment_required_for_external_processor	Domain Engineering Lead
app	credit_requests	updated_at	confidential_commercial	business_or_transaction	application_or_authorized_provider	operate_trade_credit_service	pending_legal_approval	tenant_scoped_application;authorized_operations	validated_application_command;authorized_worker	database_encryption;rls;access_audit	environment_retention_register_pending_legal_approval	delete_or_pseudonymize_after_approved_request_and_retention_expiry	kredit	configured_region;transfer_assessment_required_for_external_processor	Domain Engineering Lead
app	credit_requests	version	confidential_commercial	business_or_transaction	application_or_authorized_provider	operate_trade_credit_service	pending_legal_approval	tenant_scoped_application;authorized_operations	validated_application_command;authorized_worker	database_encryption;rls;access_audit	environment_retention_register_pending_legal_approval	delete_or_pseudonymize_after_approved_request_and_retention_expiry	kredit	configured_region;transfer_assessment_required_for_external_processor	Domain Engineering Lead
app	credit_requests	fee_terms	restricted_financial	business_or_transaction	application_or_authorized_provider	operate_trade_credit_service	pending_legal_approval	tenant_scoped_application;authorized_operations	validated_application_command;authorized_worker	database_encryption;rls;access_audit	environment_retention_register_pending_legal_approval	delete_or_pseudonymize_after_approved_request_and_retention_expiry	kredit	configured_region;transfer_assessment_required_for_external_processor	Domain Engineering Lead
app	dispute_decisions	id	confidential_commercial	business_or_transaction	application_or_authorized_provider	operate_trade_credit_service	pending_legal_approval	tenant_scoped_application;authorized_operations	validated_application_command;authorized_worker	database_encryption;rls;access_audit	environment_retention_register_pending_legal_approval	delete_or_pseudonymize_after_approved_request_and_retention_expiry	kredit	configured_region;transfer_assessment_required_for_external_processor	Domain Engineering Lead
app	dispute_decisions	dispute_id	confidential_commercial	business_or_transaction	application_or_authorized_provider	operate_trade_credit_service	pending_legal_approval	tenant_scoped_application;authorized_operations	validated_application_command;authorized_worker	database_encryption;rls;access_audit	environment_retention_register_pending_legal_approval	delete_or_pseudonymize_after_approved_request_and_retention_expiry	kredit	configured_region;transfer_assessment_required_for_external_processor	Domain Engineering Lead
app	dispute_decisions	reviewer_id	confidential_commercial	business_or_transaction	application_or_authorized_provider	operate_trade_credit_service	pending_legal_approval	tenant_scoped_application;authorized_operations	validated_application_command;authorized_worker	database_encryption;rls;access_audit	environment_retention_register_pending_legal_approval	delete_or_pseudonymize_after_approved_request_and_retention_expiry	kredit	configured_region;transfer_assessment_required_for_external_processor	Domain Engineering Lead
app	dispute_decisions	outcome	confidential_commercial	business_or_transaction	application_or_authorized_provider	operate_trade_credit_service	pending_legal_approval	tenant_scoped_application;authorized_operations	validated_application_command;authorized_worker	database_encryption;rls;access_audit	environment_retention_register_pending_legal_approval	delete_or_pseudonymize_after_approved_request_and_retention_expiry	kredit	configured_region;transfer_assessment_required_for_external_processor	Domain Engineering Lead
app	dispute_decisions	valid_principal_kobo	restricted_financial	business_or_transaction	application_or_authorized_provider	operate_trade_credit_service	pending_legal_approval	tenant_scoped_application;authorized_operations	validated_application_command;authorized_worker	database_encryption;rls;access_audit	environment_retention_register_pending_legal_approval	delete_or_pseudonymize_after_approved_request_and_retention_expiry	kredit	configured_region;transfer_assessment_required_for_external_processor	Domain Engineering Lead
app	dispute_decisions	adjustment_kobo	restricted_financial	business_or_transaction	application_or_authorized_provider	operate_trade_credit_service	pending_legal_approval	tenant_scoped_application;authorized_operations	validated_application_command;authorized_worker	database_encryption;rls;access_audit	environment_retention_register_pending_legal_approval	delete_or_pseudonymize_after_approved_request_and_retention_expiry	kredit	configured_region;transfer_assessment_required_for_external_processor	Domain Engineering Lead
app	dispute_decisions	remaining_disputed_kobo	restricted_financial	business_or_transaction	application_or_authorized_provider	operate_trade_credit_service	pending_legal_approval	tenant_scoped_application;authorized_operations	validated_application_command;authorized_worker	database_encryption;rls;access_audit	environment_retention_register_pending_legal_approval	delete_or_pseudonymize_after_approved_request_and_retention_expiry	kredit	configured_region;transfer_assessment_required_for_external_processor	Domain Engineering Lead
app	dispute_decisions	reason	confidential_commercial	business_or_transaction	application_or_authorized_provider	operate_trade_credit_service	pending_legal_approval	tenant_scoped_application;authorized_operations	validated_application_command;authorized_worker	database_encryption;rls;access_audit	environment_retention_register_pending_legal_approval	delete_or_pseudonymize_after_approved_request_and_retention_expiry	kredit	configured_region;transfer_assessment_required_for_external_processor	Domain Engineering Lead
app	dispute_decisions	decided_at	confidential_commercial	business_or_transaction	application_or_authorized_provider	operate_trade_credit_service	pending_legal_approval	tenant_scoped_application;authorized_operations	validated_application_command;authorized_worker	database_encryption;rls;access_audit	environment_retention_register_pending_legal_approval	delete_or_pseudonymize_after_approved_request_and_retention_expiry	kredit	configured_region;transfer_assessment_required_for_external_processor	Domain Engineering Lead
app	dispute_evidence	id	confidential_commercial	business_or_transaction	application_or_authorized_provider	operate_trade_credit_service	pending_legal_approval	tenant_scoped_application;authorized_operations	validated_application_command;authorized_worker	database_encryption;rls;access_audit	environment_retention_register_pending_legal_approval	delete_or_pseudonymize_after_approved_request_and_retention_expiry	kredit	configured_region;transfer_assessment_required_for_external_processor	Domain Engineering Lead
app	dispute_evidence	dispute_id	confidential_commercial	business_or_transaction	application_or_authorized_provider	operate_trade_credit_service	pending_legal_approval	tenant_scoped_application;authorized_operations	validated_application_command;authorized_worker	database_encryption;rls;access_audit	environment_retention_register_pending_legal_approval	delete_or_pseudonymize_after_approved_request_and_retention_expiry	kredit	configured_region;transfer_assessment_required_for_external_processor	Domain Engineering Lead
app	dispute_evidence	submitted_by	confidential_commercial	business_or_transaction	application_or_authorized_provider	operate_trade_credit_service	pending_legal_approval	tenant_scoped_application;authorized_operations	validated_application_command;authorized_worker	database_encryption;rls;access_audit	environment_retention_register_pending_legal_approval	delete_or_pseudonymize_after_approved_request_and_retention_expiry	kredit	configured_region;transfer_assessment_required_for_external_processor	Domain Engineering Lead
app	dispute_evidence	document_id	confidential_commercial	business_or_transaction	application_or_authorized_provider	operate_trade_credit_service	pending_legal_approval	tenant_scoped_application;authorized_operations	validated_application_command;authorized_worker	database_encryption;rls;access_audit	environment_retention_register_pending_legal_approval	delete_or_pseudonymize_after_approved_request_and_retention_expiry	kredit	configured_region;transfer_assessment_required_for_external_processor	Domain Engineering Lead
app	dispute_evidence	statement	confidential_commercial	business_or_transaction	application_or_authorized_provider	operate_trade_credit_service	pending_legal_approval	tenant_scoped_application;authorized_operations	validated_application_command;authorized_worker	database_encryption;rls;access_audit	environment_retention_register_pending_legal_approval	delete_or_pseudonymize_after_approved_request_and_retention_expiry	kredit	configured_region;transfer_assessment_required_for_external_processor	Domain Engineering Lead
app	dispute_evidence	submitted_at	confidential_commercial	business_or_transaction	application_or_authorized_provider	operate_trade_credit_service	pending_legal_approval	tenant_scoped_application;authorized_operations	validated_application_command;authorized_worker	database_encryption;rls;access_audit	environment_retention_register_pending_legal_approval	delete_or_pseudonymize_after_approved_request_and_retention_expiry	kredit	configured_region;transfer_assessment_required_for_external_processor	Domain Engineering Lead
app	disputes	id	confidential_commercial	business_or_transaction	application_or_authorized_provider	operate_trade_credit_service	pending_legal_approval	tenant_scoped_application;authorized_operations	validated_application_command;authorized_worker	database_encryption;rls;access_audit	environment_retention_register_pending_legal_approval	delete_or_pseudonymize_after_approved_request_and_retention_expiry	kredit	configured_region;transfer_assessment_required_for_external_processor	Domain Engineering Lead
app	disputes	obligation_id	confidential_commercial	business_or_transaction	application_or_authorized_provider	operate_trade_credit_service	pending_legal_approval	tenant_scoped_application;authorized_operations	validated_application_command;authorized_worker	database_encryption;rls;access_audit	environment_retention_register_pending_legal_approval	delete_or_pseudonymize_after_approved_request_and_retention_expiry	kredit	configured_region;transfer_assessment_required_for_external_processor	Domain Engineering Lead
app	disputes	supplier_organization_id	confidential_commercial	business_or_transaction	application_or_authorized_provider	operate_trade_credit_service	pending_legal_approval	tenant_scoped_application;authorized_operations	validated_application_command;authorized_worker	database_encryption;rls;access_audit	environment_retention_register_pending_legal_approval	delete_or_pseudonymize_after_approved_request_and_retention_expiry	kredit	configured_region;transfer_assessment_required_for_external_processor	Domain Engineering Lead
app	disputes	buyer_user_id	restricted_identity	account_user	application_or_authorized_provider	operate_trade_credit_service	pending_legal_approval	tenant_scoped_application;authorized_operations	validated_application_command;authorized_worker	database_encryption;rls;access_audit	environment_retention_register_pending_legal_approval	delete_or_pseudonymize_after_approved_request_and_retention_expiry	kredit	configured_region;transfer_assessment_required_for_external_processor	Domain Engineering Lead
app	disputes	opened_by	confidential_commercial	business_or_transaction	application_or_authorized_provider	operate_trade_credit_service	pending_legal_approval	tenant_scoped_application;authorized_operations	validated_application_command;authorized_worker	database_encryption;rls;access_audit	environment_retention_register_pending_legal_approval	delete_or_pseudonymize_after_approved_request_and_retention_expiry	kredit	configured_region;transfer_assessment_required_for_external_processor	Domain Engineering Lead
app	disputes	total_disputed_kobo	restricted_financial	business_or_transaction	application_or_authorized_provider	operate_trade_credit_service	pending_legal_approval	tenant_scoped_application;authorized_operations	validated_application_command;authorized_worker	database_encryption;rls;access_audit	environment_retention_register_pending_legal_approval	delete_or_pseudonymize_after_approved_request_and_retention_expiry	kredit	configured_region;transfer_assessment_required_for_external_processor	Domain Engineering Lead
app	disputes	remaining_disputed_kobo	restricted_financial	business_or_transaction	application_or_authorized_provider	operate_trade_credit_service	pending_legal_approval	tenant_scoped_application;authorized_operations	validated_application_command;authorized_worker	database_encryption;rls;access_audit	environment_retention_register_pending_legal_approval	delete_or_pseudonymize_after_approved_request_and_retention_expiry	kredit	configured_region;transfer_assessment_required_for_external_processor	Domain Engineering Lead
app	disputes	reason	confidential_commercial	business_or_transaction	application_or_authorized_provider	operate_trade_credit_service	pending_legal_approval	tenant_scoped_application;authorized_operations	validated_application_command;authorized_worker	database_encryption;rls;access_audit	environment_retention_register_pending_legal_approval	delete_or_pseudonymize_after_approved_request_and_retention_expiry	kredit	configured_region;transfer_assessment_required_for_external_processor	Domain Engineering Lead
app	disputes	explanation	confidential_commercial	business_or_transaction	application_or_authorized_provider	operate_trade_credit_service	pending_legal_approval	tenant_scoped_application;authorized_operations	validated_application_command;authorized_worker	database_encryption;rls;access_audit	environment_retention_register_pending_legal_approval	delete_or_pseudonymize_after_approved_request_and_retention_expiry	kredit	configured_region;transfer_assessment_required_for_external_processor	Domain Engineering Lead
app	disputes	state	confidential_commercial	business_or_transaction	application_or_authorized_provider	operate_trade_credit_service	pending_legal_approval	tenant_scoped_application;authorized_operations	validated_application_command;authorized_worker	database_encryption;rls;access_audit	environment_retention_register_pending_legal_approval	delete_or_pseudonymize_after_approved_request_and_retention_expiry	kredit	configured_region;transfer_assessment_required_for_external_processor	Domain Engineering Lead
app	disputes	collection_effect	confidential_commercial	business_or_transaction	application_or_authorized_provider	operate_trade_credit_service	pending_legal_approval	tenant_scoped_application;authorized_operations	validated_application_command;authorized_worker	database_encryption;rls;access_audit	environment_retention_register_pending_legal_approval	delete_or_pseudonymize_after_approved_request_and_retention_expiry	kredit	configured_region;transfer_assessment_required_for_external_processor	Domain Engineering Lead
app	disputes	assigned_reviewer	confidential_commercial	business_or_transaction	application_or_authorized_provider	operate_trade_credit_service	pending_legal_approval	tenant_scoped_application;authorized_operations	validated_application_command;authorized_worker	database_encryption;rls;access_audit	environment_retention_register_pending_legal_approval	delete_or_pseudonymize_after_approved_request_and_retention_expiry	kredit	configured_region;transfer_assessment_required_for_external_processor	Domain Engineering Lead
app	disputes	opened_at	confidential_commercial	business_or_transaction	application_or_authorized_provider	operate_trade_credit_service	pending_legal_approval	tenant_scoped_application;authorized_operations	validated_application_command;authorized_worker	database_encryption;rls;access_audit	environment_retention_register_pending_legal_approval	delete_or_pseudonymize_after_approved_request_and_retention_expiry	kredit	configured_region;transfer_assessment_required_for_external_processor	Domain Engineering Lead
app	disputes	resolved_at	confidential_commercial	business_or_transaction	application_or_authorized_provider	operate_trade_credit_service	pending_legal_approval	tenant_scoped_application;authorized_operations	validated_application_command;authorized_worker	database_encryption;rls;access_audit	environment_retention_register_pending_legal_approval	delete_or_pseudonymize_after_approved_request_and_retention_expiry	kredit	configured_region;transfer_assessment_required_for_external_processor	Domain Engineering Lead
app	documents	id	confidential_commercial	business_or_transaction	application_or_authorized_provider	operate_trade_credit_service	pending_legal_approval	tenant_scoped_application;authorized_operations	validated_application_command;authorized_worker	database_encryption;rls;access_audit	environment_retention_register_pending_legal_approval	delete_or_pseudonymize_after_approved_request_and_retention_expiry	kredit	configured_region;transfer_assessment_required_for_external_processor	Domain Engineering Lead
app	documents	organization_id	confidential_commercial	business_or_transaction	application_or_authorized_provider	operate_trade_credit_service	pending_legal_approval	tenant_scoped_application;authorized_operations	validated_application_command;authorized_worker	database_encryption;rls;access_audit	environment_retention_register_pending_legal_approval	delete_or_pseudonymize_after_approved_request_and_retention_expiry	kredit	configured_region;transfer_assessment_required_for_external_processor	Domain Engineering Lead
app	documents	uploaded_by	confidential_commercial	business_or_transaction	application_or_authorized_provider	operate_trade_credit_service	pending_legal_approval	tenant_scoped_application;authorized_operations	validated_application_command;authorized_worker	database_encryption;rls;access_audit	environment_retention_register_pending_legal_approval	delete_or_pseudonymize_after_approved_request_and_retention_expiry	kredit	configured_region;transfer_assessment_required_for_external_processor	Domain Engineering Lead
app	documents	purpose	confidential_commercial	business_or_transaction	application_or_authorized_provider	operate_trade_credit_service	pending_legal_approval	tenant_scoped_application;authorized_operations	validated_application_command;authorized_worker	database_encryption;rls;access_audit	environment_retention_register_pending_legal_approval	delete_or_pseudonymize_after_approved_request_and_retention_expiry	kredit	configured_region;transfer_assessment_required_for_external_processor	Domain Engineering Lead
app	documents	object_key	confidential_commercial	business_or_transaction	application_or_authorized_provider	operate_trade_credit_service	pending_legal_approval	tenant_scoped_application;authorized_operations	validated_application_command;authorized_worker	database_encryption;rls;access_audit	environment_retention_register_pending_legal_approval	delete_or_pseudonymize_after_approved_request_and_retention_expiry	kredit	configured_region;transfer_assessment_required_for_external_processor	Domain Engineering Lead
app	documents	file_name	restricted_identity	business_or_transaction	application_or_authorized_provider	operate_trade_credit_service	pending_legal_approval	tenant_scoped_application;authorized_operations	validated_application_command;authorized_worker	database_encryption;rls;access_audit	environment_retention_register_pending_legal_approval	delete_or_pseudonymize_after_approved_request_and_retention_expiry	kredit	configured_region;transfer_assessment_required_for_external_processor	Domain Engineering Lead
app	documents	content_type	confidential_commercial	business_or_transaction	application_or_authorized_provider	operate_trade_credit_service	pending_legal_approval	tenant_scoped_application;authorized_operations	validated_application_command;authorized_worker	database_encryption;rls;access_audit	environment_retention_register_pending_legal_approval	delete_or_pseudonymize_after_approved_request_and_retention_expiry	kredit	configured_region;transfer_assessment_required_for_external_processor	Domain Engineering Lead
app	documents	size_bytes	confidential_commercial	business_or_transaction	application_or_authorized_provider	operate_trade_credit_service	pending_legal_approval	tenant_scoped_application;authorized_operations	validated_application_command;authorized_worker	database_encryption;rls;access_audit	environment_retention_register_pending_legal_approval	delete_or_pseudonymize_after_approved_request_and_retention_expiry	kredit	configured_region;transfer_assessment_required_for_external_processor	Domain Engineering Lead
app	documents	sha256	confidential_commercial	business_or_transaction	application_or_authorized_provider	operate_trade_credit_service	pending_legal_approval	tenant_scoped_application;authorized_operations	validated_application_command;authorized_worker	database_encryption;rls;access_audit	environment_retention_register_pending_legal_approval	delete_or_pseudonymize_after_approved_request_and_retention_expiry	kredit	configured_region;transfer_assessment_required_for_external_processor	Domain Engineering Lead
app	documents	scan_state	confidential_commercial	business_or_transaction	application_or_authorized_provider	operate_trade_credit_service	pending_legal_approval	tenant_scoped_application;authorized_operations	validated_application_command;authorized_worker	database_encryption;rls;access_audit	environment_retention_register_pending_legal_approval	delete_or_pseudonymize_after_approved_request_and_retention_expiry	kredit	configured_region;transfer_assessment_required_for_external_processor	Domain Engineering Lead
app	documents	retention_class	confidential_commercial	business_or_transaction	application_or_authorized_provider	operate_trade_credit_service	pending_legal_approval	tenant_scoped_application;authorized_operations	validated_application_command;authorized_worker	database_encryption;rls;access_audit	environment_retention_register_pending_legal_approval	delete_or_pseudonymize_after_approved_request_and_retention_expiry	kredit	configured_region;transfer_assessment_required_for_external_processor	Domain Engineering Lead
app	documents	created_at	confidential_commercial	business_or_transaction	application_or_authorized_provider	operate_trade_credit_service	pending_legal_approval	tenant_scoped_application;authorized_operations	validated_application_command;authorized_worker	database_encryption;rls;access_audit	environment_retention_register_pending_legal_approval	delete_or_pseudonymize_after_approved_request_and_retention_expiry	kredit	configured_region;transfer_assessment_required_for_external_processor	Domain Engineering Lead
app	documents	scanned_at	confidential_commercial	business_or_transaction	application_or_authorized_provider	operate_trade_credit_service	pending_legal_approval	tenant_scoped_application;authorized_operations	validated_application_command;authorized_worker	database_encryption;rls;access_audit	environment_retention_register_pending_legal_approval	delete_or_pseudonymize_after_approved_request_and_retention_expiry	kredit	configured_region;transfer_assessment_required_for_external_processor	Domain Engineering Lead
app	documents	upload_completed_at	confidential_commercial	business_or_transaction	application_or_authorized_provider	operate_trade_credit_service	pending_legal_approval	tenant_scoped_application;authorized_operations	validated_application_command;authorized_worker	database_encryption;rls;access_audit	environment_retention_register_pending_legal_approval	delete_or_pseudonymize_after_approved_request_and_retention_expiry	kredit	configured_region;transfer_assessment_required_for_external_processor	Domain Engineering Lead
app	documents	upload_expires_at	confidential_commercial	business_or_transaction	application_or_authorized_provider	operate_trade_credit_service	pending_legal_approval	tenant_scoped_application;authorized_operations	validated_application_command;authorized_worker	database_encryption;rls;access_audit	environment_retention_register_pending_legal_approval	delete_or_pseudonymize_after_approved_request_and_retention_expiry	kredit	configured_region;transfer_assessment_required_for_external_processor	Domain Engineering Lead
app	documents	scan_attempts	confidential_commercial	business_or_transaction	application_or_authorized_provider	operate_trade_credit_service	pending_legal_approval	tenant_scoped_application;authorized_operations	validated_application_command;authorized_worker	database_encryption;rls;access_audit	environment_retention_register_pending_legal_approval	delete_or_pseudonymize_after_approved_request_and_retention_expiry	kredit	configured_region;transfer_assessment_required_for_external_processor	Domain Engineering Lead
app	documents	scan_lease_until	confidential_commercial	business_or_transaction	application_or_authorized_provider	operate_trade_credit_service	pending_legal_approval	tenant_scoped_application;authorized_operations	validated_application_command;authorized_worker	database_encryption;rls;access_audit	environment_retention_register_pending_legal_approval	delete_or_pseudonymize_after_approved_request_and_retention_expiry	kredit	configured_region;transfer_assessment_required_for_external_processor	Domain Engineering Lead
app	drawdown_receipt_disputes	id	confidential_commercial	business_or_transaction	application_or_authorized_provider	operate_trade_credit_service	pending_legal_approval	tenant_scoped_application;authorized_operations	validated_application_command;authorized_worker	database_encryption;rls;access_audit	environment_retention_register_pending_legal_approval	delete_or_pseudonymize_after_approved_request_and_retention_expiry	kredit	configured_region;transfer_assessment_required_for_external_processor	Domain Engineering Lead
app	drawdown_receipt_disputes	drawdown_id	confidential_commercial	business_or_transaction	application_or_authorized_provider	operate_trade_credit_service	pending_legal_approval	tenant_scoped_application;authorized_operations	validated_application_command;authorized_worker	database_encryption;rls;access_audit	environment_retention_register_pending_legal_approval	delete_or_pseudonymize_after_approved_request_and_retention_expiry	kredit	configured_region;transfer_assessment_required_for_external_processor	Domain Engineering Lead
app	drawdown_receipt_disputes	supplier_organization_id	confidential_commercial	business_or_transaction	application_or_authorized_provider	operate_trade_credit_service	pending_legal_approval	tenant_scoped_application;authorized_operations	validated_application_command;authorized_worker	database_encryption;rls;access_audit	environment_retention_register_pending_legal_approval	delete_or_pseudonymize_after_approved_request_and_retention_expiry	kredit	configured_region;transfer_assessment_required_for_external_processor	Domain Engineering Lead
app	drawdown_receipt_disputes	buyer_user_id	restricted_identity	account_user	application_or_authorized_provider	operate_trade_credit_service	pending_legal_approval	tenant_scoped_application;authorized_operations	validated_application_command;authorized_worker	database_encryption;rls;access_audit	environment_retention_register_pending_legal_approval	delete_or_pseudonymize_after_approved_request_and_retention_expiry	kredit	configured_region;transfer_assessment_required_for_external_processor	Domain Engineering Lead
app	drawdown_receipt_disputes	state	confidential_commercial	business_or_transaction	application_or_authorized_provider	operate_trade_credit_service	pending_legal_approval	tenant_scoped_application;authorized_operations	validated_application_command;authorized_worker	database_encryption;rls;access_audit	environment_retention_register_pending_legal_approval	delete_or_pseudonymize_after_approved_request_and_retention_expiry	kredit	configured_region;transfer_assessment_required_for_external_processor	Domain Engineering Lead
app	drawdown_receipt_disputes	reason	confidential_commercial	business_or_transaction	application_or_authorized_provider	operate_trade_credit_service	pending_legal_approval	tenant_scoped_application;authorized_operations	validated_application_command;authorized_worker	database_encryption;rls;access_audit	environment_retention_register_pending_legal_approval	delete_or_pseudonymize_after_approved_request_and_retention_expiry	kredit	configured_region;transfer_assessment_required_for_external_processor	Domain Engineering Lead
app	drawdown_receipt_disputes	created_at	confidential_commercial	business_or_transaction	application_or_authorized_provider	operate_trade_credit_service	pending_legal_approval	tenant_scoped_application;authorized_operations	validated_application_command;authorized_worker	database_encryption;rls;access_audit	environment_retention_register_pending_legal_approval	delete_or_pseudonymize_after_approved_request_and_retention_expiry	kredit	configured_region;transfer_assessment_required_for_external_processor	Domain Engineering Lead
app	drawdown_receipt_disputes	updated_at	confidential_commercial	business_or_transaction	application_or_authorized_provider	operate_trade_credit_service	pending_legal_approval	tenant_scoped_application;authorized_operations	validated_application_command;authorized_worker	database_encryption;rls;access_audit	environment_retention_register_pending_legal_approval	delete_or_pseudonymize_after_approved_request_and_retention_expiry	kredit	configured_region;transfer_assessment_required_for_external_processor	Domain Engineering Lead
app	drawdown_reservations	id	confidential_commercial	business_or_transaction	application_or_authorized_provider	operate_trade_credit_service	pending_legal_approval	tenant_scoped_application;authorized_operations	validated_application_command;authorized_worker	database_encryption;rls;access_audit	environment_retention_register_pending_legal_approval	delete_or_pseudonymize_after_approved_request_and_retention_expiry	kredit	configured_region;transfer_assessment_required_for_external_processor	Domain Engineering Lead
app	drawdown_reservations	trade_line_id	confidential_commercial	business_or_transaction	application_or_authorized_provider	operate_trade_credit_service	pending_legal_approval	tenant_scoped_application;authorized_operations	validated_application_command;authorized_worker	database_encryption;rls;access_audit	environment_retention_register_pending_legal_approval	delete_or_pseudonymize_after_approved_request_and_retention_expiry	kredit	configured_region;transfer_assessment_required_for_external_processor	Domain Engineering Lead
app	drawdown_reservations	drawdown_id	confidential_commercial	business_or_transaction	application_or_authorized_provider	operate_trade_credit_service	pending_legal_approval	tenant_scoped_application;authorized_operations	validated_application_command;authorized_worker	database_encryption;rls;access_audit	environment_retention_register_pending_legal_approval	delete_or_pseudonymize_after_approved_request_and_retention_expiry	kredit	configured_region;transfer_assessment_required_for_external_processor	Domain Engineering Lead
app	drawdown_reservations	amount_kobo	restricted_financial	business_or_transaction	application_or_authorized_provider	operate_trade_credit_service	pending_legal_approval	tenant_scoped_application;authorized_operations	validated_application_command;authorized_worker	database_encryption;rls;access_audit	environment_retention_register_pending_legal_approval	delete_or_pseudonymize_after_approved_request_and_retention_expiry	kredit	configured_region;transfer_assessment_required_for_external_processor	Domain Engineering Lead
app	drawdown_reservations	state	confidential_commercial	business_or_transaction	application_or_authorized_provider	operate_trade_credit_service	pending_legal_approval	tenant_scoped_application;authorized_operations	validated_application_command;authorized_worker	database_encryption;rls;access_audit	environment_retention_register_pending_legal_approval	delete_or_pseudonymize_after_approved_request_and_retention_expiry	kredit	configured_region;transfer_assessment_required_for_external_processor	Domain Engineering Lead
app	drawdown_reservations	expires_at	confidential_commercial	business_or_transaction	application_or_authorized_provider	operate_trade_credit_service	pending_legal_approval	tenant_scoped_application;authorized_operations	validated_application_command;authorized_worker	database_encryption;rls;access_audit	environment_retention_register_pending_legal_approval	delete_or_pseudonymize_after_approved_request_and_retention_expiry	kredit	configured_region;transfer_assessment_required_for_external_processor	Domain Engineering Lead
app	drawdown_reservations	idempotency_key	confidential_commercial	business_or_transaction	application_or_authorized_provider	operate_trade_credit_service	pending_legal_approval	tenant_scoped_application;authorized_operations	validated_application_command;authorized_worker	database_encryption;rls;access_audit	environment_retention_register_pending_legal_approval	delete_or_pseudonymize_after_approved_request_and_retention_expiry	kredit	configured_region;transfer_assessment_required_for_external_processor	Domain Engineering Lead
app	drawdown_reservations	created_at	confidential_commercial	business_or_transaction	application_or_authorized_provider	operate_trade_credit_service	pending_legal_approval	tenant_scoped_application;authorized_operations	validated_application_command;authorized_worker	database_encryption;rls;access_audit	environment_retention_register_pending_legal_approval	delete_or_pseudonymize_after_approved_request_and_retention_expiry	kredit	configured_region;transfer_assessment_required_for_external_processor	Domain Engineering Lead
app	drawdowns	id	confidential_commercial	business_or_transaction	application_or_authorized_provider	operate_trade_credit_service	pending_legal_approval	tenant_scoped_application;authorized_operations	validated_application_command;authorized_worker	database_encryption;rls;access_audit	environment_retention_register_pending_legal_approval	delete_or_pseudonymize_after_approved_request_and_retention_expiry	kredit	configured_region;transfer_assessment_required_for_external_processor	Domain Engineering Lead
app	drawdowns	trade_line_id	confidential_commercial	business_or_transaction	application_or_authorized_provider	operate_trade_credit_service	pending_legal_approval	tenant_scoped_application;authorized_operations	validated_application_command;authorized_worker	database_encryption;rls;access_audit	environment_retention_register_pending_legal_approval	delete_or_pseudonymize_after_approved_request_and_retention_expiry	kredit	configured_region;transfer_assessment_required_for_external_processor	Domain Engineering Lead
app	drawdowns	principal_kobo	restricted_financial	business_or_transaction	application_or_authorized_provider	operate_trade_credit_service	pending_legal_approval	tenant_scoped_application;authorized_operations	validated_application_command;authorized_worker	database_encryption;rls;access_audit	environment_retention_register_pending_legal_approval	delete_or_pseudonymize_after_approved_request_and_retention_expiry	kredit	configured_region;transfer_assessment_required_for_external_processor	Domain Engineering Lead
app	drawdowns	goods_description	confidential_commercial	business_or_transaction	application_or_authorized_provider	operate_trade_credit_service	pending_legal_approval	tenant_scoped_application;authorized_operations	validated_application_command;authorized_worker	database_encryption;rls;access_audit	environment_retention_register_pending_legal_approval	delete_or_pseudonymize_after_approved_request_and_retention_expiry	kredit	configured_region;transfer_assessment_required_for_external_processor	Domain Engineering Lead
app	drawdowns	invoice_reference	confidential_commercial	business_or_transaction	application_or_authorized_provider	operate_trade_credit_service	pending_legal_approval	tenant_scoped_application;authorized_operations	validated_application_command;authorized_worker	database_encryption;rls;access_audit	environment_retention_register_pending_legal_approval	delete_or_pseudonymize_after_approved_request_and_retention_expiry	kredit	configured_region;transfer_assessment_required_for_external_processor	Domain Engineering Lead
app	drawdowns	state	confidential_commercial	business_or_transaction	application_or_authorized_provider	operate_trade_credit_service	pending_legal_approval	tenant_scoped_application;authorized_operations	validated_application_command;authorized_worker	database_encryption;rls;access_audit	environment_retention_register_pending_legal_approval	delete_or_pseudonymize_after_approved_request_and_retention_expiry	kredit	configured_region;transfer_assessment_required_for_external_processor	Domain Engineering Lead
app	drawdowns	reservation_id	confidential_commercial	business_or_transaction	application_or_authorized_provider	operate_trade_credit_service	pending_legal_approval	tenant_scoped_application;authorized_operations	validated_application_command;authorized_worker	database_encryption;rls;access_audit	environment_retention_register_pending_legal_approval	delete_or_pseudonymize_after_approved_request_and_retention_expiry	kredit	configured_region;transfer_assessment_required_for_external_processor	Domain Engineering Lead
app	drawdowns	obligation_id	confidential_commercial	business_or_transaction	application_or_authorized_provider	operate_trade_credit_service	pending_legal_approval	tenant_scoped_application;authorized_operations	validated_application_command;authorized_worker	database_encryption;rls;access_audit	environment_retention_register_pending_legal_approval	delete_or_pseudonymize_after_approved_request_and_retention_expiry	kredit	configured_region;transfer_assessment_required_for_external_processor	Domain Engineering Lead
app	drawdowns	buyer_confirmed_at	confidential_commercial	business_or_transaction	application_or_authorized_provider	operate_trade_credit_service	pending_legal_approval	tenant_scoped_application;authorized_operations	validated_application_command;authorized_worker	database_encryption;rls;access_audit	environment_retention_register_pending_legal_approval	delete_or_pseudonymize_after_approved_request_and_retention_expiry	kredit	configured_region;transfer_assessment_required_for_external_processor	Domain Engineering Lead
app	drawdowns	activated_at	confidential_commercial	business_or_transaction	application_or_authorized_provider	operate_trade_credit_service	pending_legal_approval	tenant_scoped_application;authorized_operations	validated_application_command;authorized_worker	database_encryption;rls;access_audit	environment_retention_register_pending_legal_approval	delete_or_pseudonymize_after_approved_request_and_retention_expiry	kredit	configured_region;transfer_assessment_required_for_external_processor	Domain Engineering Lead
app	drawdowns	created_at	confidential_commercial	business_or_transaction	application_or_authorized_provider	operate_trade_credit_service	pending_legal_approval	tenant_scoped_application;authorized_operations	validated_application_command;authorized_worker	database_encryption;rls;access_audit	environment_retention_register_pending_legal_approval	delete_or_pseudonymize_after_approved_request_and_retention_expiry	kredit	configured_region;transfer_assessment_required_for_external_processor	Domain Engineering Lead
app	drawdowns	invoice_document_hash	restricted_authentication	business_or_transaction	application_or_authorized_provider	operate_trade_credit_service	pending_legal_approval	tenant_scoped_application;authorized_operations	validated_application_command;authorized_worker	one_way_hmac_or_hash	environment_retention_register_pending_legal_approval	delete_or_pseudonymize_after_approved_request_and_retention_expiry	kredit	configured_region;transfer_assessment_required_for_external_processor	Domain Engineering Lead
app	drawdowns	due_date	confidential_commercial	business_or_transaction	application_or_authorized_provider	operate_trade_credit_service	pending_legal_approval	tenant_scoped_application;authorized_operations	validated_application_command;authorized_worker	database_encryption;rls;access_audit	environment_retention_register_pending_legal_approval	delete_or_pseudonymize_after_approved_request_and_retention_expiry	kredit	configured_region;transfer_assessment_required_for_external_processor	Domain Engineering Lead
app	drawdowns	collection_at	confidential_commercial	business_or_transaction	application_or_authorized_provider	operate_trade_credit_service	pending_legal_approval	tenant_scoped_application;authorized_operations	validated_application_command;authorized_worker	database_encryption;rls;access_audit	environment_retention_register_pending_legal_approval	delete_or_pseudonymize_after_approved_request_and_retention_expiry	kredit	configured_region;transfer_assessment_required_for_external_processor	Domain Engineering Lead
app	drawdowns	grace_hours	confidential_commercial	business_or_transaction	application_or_authorized_provider	operate_trade_credit_service	pending_legal_approval	tenant_scoped_application;authorized_operations	validated_application_command;authorized_worker	database_encryption;rls;access_audit	environment_retention_register_pending_legal_approval	delete_or_pseudonymize_after_approved_request_and_retention_expiry	kredit	configured_region;transfer_assessment_required_for_external_processor	Domain Engineering Lead
app	drawdowns	terms_version	confidential_commercial	business_or_transaction	application_or_authorized_provider	operate_trade_credit_service	pending_legal_approval	tenant_scoped_application;authorized_operations	validated_application_command;authorized_worker	database_encryption;rls;access_audit	environment_retention_register_pending_legal_approval	delete_or_pseudonymize_after_approved_request_and_retention_expiry	kredit	configured_region;transfer_assessment_required_for_external_processor	Domain Engineering Lead
app	drawdowns	agreement_hash	restricted_authentication	business_or_transaction	application_or_authorized_provider	operate_trade_credit_service	pending_legal_approval	tenant_scoped_application;authorized_operations	validated_application_command;authorized_worker	one_way_hmac_or_hash	environment_retention_register_pending_legal_approval	delete_or_pseudonymize_after_approved_request_and_retention_expiry	kredit	configured_region;transfer_assessment_required_for_external_processor	Domain Engineering Lead
app	drawdowns	release_actor_id	confidential_commercial	business_or_transaction	application_or_authorized_provider	operate_trade_credit_service	pending_legal_approval	tenant_scoped_application;authorized_operations	validated_application_command;authorized_worker	database_encryption;rls;access_audit	environment_retention_register_pending_legal_approval	delete_or_pseudonymize_after_approved_request_and_retention_expiry	kredit	configured_region;transfer_assessment_required_for_external_processor	Domain Engineering Lead
app	drawdowns	delivery_method	confidential_commercial	business_or_transaction	application_or_authorized_provider	operate_trade_credit_service	pending_legal_approval	tenant_scoped_application;authorized_operations	validated_application_command;authorized_worker	database_encryption;rls;access_audit	environment_retention_register_pending_legal_approval	delete_or_pseudonymize_after_approved_request_and_retention_expiry	kredit	configured_region;transfer_assessment_required_for_external_processor	Domain Engineering Lead
app	drawdowns	release_notes	confidential_commercial	business_or_transaction	application_or_authorized_provider	operate_trade_credit_service	pending_legal_approval	tenant_scoped_application;authorized_operations	validated_application_command;authorized_worker	database_encryption;rls;access_audit	environment_retention_register_pending_legal_approval	delete_or_pseudonymize_after_approved_request_and_retention_expiry	kredit	configured_region;transfer_assessment_required_for_external_processor	Domain Engineering Lead
app	drawdowns	release_evidence_reference	confidential_commercial	business_or_transaction	application_or_authorized_provider	operate_trade_credit_service	pending_legal_approval	tenant_scoped_application;authorized_operations	validated_application_command;authorized_worker	database_encryption;rls;access_audit	environment_retention_register_pending_legal_approval	delete_or_pseudonymize_after_approved_request_and_retention_expiry	kredit	configured_region;transfer_assessment_required_for_external_processor	Domain Engineering Lead
app	drawdowns	released_at	confidential_commercial	business_or_transaction	application_or_authorized_provider	operate_trade_credit_service	pending_legal_approval	tenant_scoped_application;authorized_operations	validated_application_command;authorized_worker	database_encryption;rls;access_audit	environment_retention_register_pending_legal_approval	delete_or_pseudonymize_after_approved_request_and_retention_expiry	kredit	configured_region;transfer_assessment_required_for_external_processor	Domain Engineering Lead
app	drawdowns	receipt_state	confidential_commercial	business_or_transaction	application_or_authorized_provider	operate_trade_credit_service	pending_legal_approval	tenant_scoped_application;authorized_operations	validated_application_command;authorized_worker	database_encryption;rls;access_audit	environment_retention_register_pending_legal_approval	delete_or_pseudonymize_after_approved_request_and_retention_expiry	kredit	configured_region;transfer_assessment_required_for_external_processor	Domain Engineering Lead
app	drawdowns	receipt_actor_id	confidential_commercial	business_or_transaction	application_or_authorized_provider	operate_trade_credit_service	pending_legal_approval	tenant_scoped_application;authorized_operations	validated_application_command;authorized_worker	database_encryption;rls;access_audit	environment_retention_register_pending_legal_approval	delete_or_pseudonymize_after_approved_request_and_retention_expiry	kredit	configured_region;transfer_assessment_required_for_external_processor	Domain Engineering Lead
app	drawdowns	receipt_issue_reason	confidential_commercial	business_or_transaction	application_or_authorized_provider	operate_trade_credit_service	pending_legal_approval	tenant_scoped_application;authorized_operations	validated_application_command;authorized_worker	database_encryption;rls;access_audit	environment_retention_register_pending_legal_approval	delete_or_pseudonymize_after_approved_request_and_retention_expiry	kredit	configured_region;transfer_assessment_required_for_external_processor	Domain Engineering Lead
app	drawdowns	receipt_dispute_id	confidential_commercial	business_or_transaction	application_or_authorized_provider	operate_trade_credit_service	pending_legal_approval	tenant_scoped_application;authorized_operations	validated_application_command;authorized_worker	database_encryption;rls;access_audit	environment_retention_register_pending_legal_approval	delete_or_pseudonymize_after_approved_request_and_retention_expiry	kredit	configured_region;transfer_assessment_required_for_external_processor	Domain Engineering Lead
app	drawdowns	receipt_at	confidential_commercial	business_or_transaction	application_or_authorized_provider	operate_trade_credit_service	pending_legal_approval	tenant_scoped_application;authorized_operations	validated_application_command;authorized_worker	database_encryption;rls;access_audit	environment_retention_register_pending_legal_approval	delete_or_pseudonymize_after_approved_request_and_retention_expiry	kredit	configured_region;transfer_assessment_required_for_external_processor	Domain Engineering Lead
app	drawdowns	fee_terms	restricted_financial	business_or_transaction	application_or_authorized_provider	operate_trade_credit_service	pending_legal_approval	tenant_scoped_application;authorized_operations	validated_application_command;authorized_worker	database_encryption;rls;access_audit	environment_retention_register_pending_legal_approval	delete_or_pseudonymize_after_approved_request_and_retention_expiry	kredit	configured_region;transfer_assessment_required_for_external_processor	Domain Engineering Lead
app	fees	id	confidential_commercial	business_or_transaction	application_or_authorized_provider	operate_trade_credit_service	pending_legal_approval	tenant_scoped_application;authorized_operations	validated_application_command;authorized_worker	database_encryption;rls;access_audit	environment_retention_register_pending_legal_approval	delete_or_pseudonymize_after_approved_request_and_retention_expiry	kredit	configured_region;transfer_assessment_required_for_external_processor	Domain Engineering Lead
app	fees	supplier_organization_id	confidential_commercial	business_or_transaction	application_or_authorized_provider	operate_trade_credit_service	pending_legal_approval	tenant_scoped_application;authorized_operations	validated_application_command;authorized_worker	database_encryption;rls;access_audit	environment_retention_register_pending_legal_approval	delete_or_pseudonymize_after_approved_request_and_retention_expiry	kredit	configured_region;transfer_assessment_required_for_external_processor	Domain Engineering Lead
app	fees	obligation_id	confidential_commercial	business_or_transaction	application_or_authorized_provider	operate_trade_credit_service	pending_legal_approval	tenant_scoped_application;authorized_operations	validated_application_command;authorized_worker	database_encryption;rls;access_audit	environment_retention_register_pending_legal_approval	delete_or_pseudonymize_after_approved_request_and_retention_expiry	kredit	configured_region;transfer_assessment_required_for_external_processor	Domain Engineering Lead
app	fees	payment_id	restricted_financial	business_or_transaction	application_or_authorized_provider	operate_trade_credit_service	pending_legal_approval	tenant_scoped_application;authorized_operations	validated_application_command;authorized_worker	database_encryption;rls;access_audit	environment_retention_register_pending_legal_approval	delete_or_pseudonymize_after_approved_request_and_retention_expiry	kredit	configured_region;transfer_assessment_required_for_external_processor	Domain Engineering Lead
app	fees	fee_type	restricted_financial	business_or_transaction	application_or_authorized_provider	operate_trade_credit_service	pending_legal_approval	tenant_scoped_application;authorized_operations	validated_application_command;authorized_worker	database_encryption;rls;access_audit	environment_retention_register_pending_legal_approval	delete_or_pseudonymize_after_approved_request_and_retention_expiry	kredit	configured_region;transfer_assessment_required_for_external_processor	Domain Engineering Lead
app	fees	basis_amount_kobo	restricted_financial	business_or_transaction	application_or_authorized_provider	operate_trade_credit_service	pending_legal_approval	tenant_scoped_application;authorized_operations	validated_application_command;authorized_worker	database_encryption;rls;access_audit	environment_retention_register_pending_legal_approval	delete_or_pseudonymize_after_approved_request_and_retention_expiry	kredit	configured_region;transfer_assessment_required_for_external_processor	Domain Engineering Lead
app	fees	rate_basis_points	confidential_commercial	business_or_transaction	application_or_authorized_provider	operate_trade_credit_service	pending_legal_approval	tenant_scoped_application;authorized_operations	validated_application_command;authorized_worker	database_encryption;rls;access_audit	environment_retention_register_pending_legal_approval	delete_or_pseudonymize_after_approved_request_and_retention_expiry	kredit	configured_region;transfer_assessment_required_for_external_processor	Domain Engineering Lead
app	fees	amount_kobo	restricted_financial	business_or_transaction	application_or_authorized_provider	operate_trade_credit_service	pending_legal_approval	tenant_scoped_application;authorized_operations	validated_application_command;authorized_worker	database_encryption;rls;access_audit	environment_retention_register_pending_legal_approval	delete_or_pseudonymize_after_approved_request_and_retention_expiry	kredit	configured_region;transfer_assessment_required_for_external_processor	Domain Engineering Lead
app	fees	currency	restricted_financial	business_or_transaction	application_or_authorized_provider	operate_trade_credit_service	pending_legal_approval	tenant_scoped_application;authorized_operations	validated_application_command;authorized_worker	database_encryption;rls;access_audit	environment_retention_register_pending_legal_approval	delete_or_pseudonymize_after_approved_request_and_retention_expiry	kredit	configured_region;transfer_assessment_required_for_external_processor	Domain Engineering Lead
app	fees	state	confidential_commercial	business_or_transaction	application_or_authorized_provider	operate_trade_credit_service	pending_legal_approval	tenant_scoped_application;authorized_operations	validated_application_command;authorized_worker	database_encryption;rls;access_audit	environment_retention_register_pending_legal_approval	delete_or_pseudonymize_after_approved_request_and_retention_expiry	kredit	configured_region;transfer_assessment_required_for_external_processor	Domain Engineering Lead
app	fees	accrued_at	confidential_commercial	business_or_transaction	application_or_authorized_provider	operate_trade_credit_service	pending_legal_approval	tenant_scoped_application;authorized_operations	validated_application_command;authorized_worker	database_encryption;rls;access_audit	environment_retention_register_pending_legal_approval	delete_or_pseudonymize_after_approved_request_and_retention_expiry	kredit	configured_region;transfer_assessment_required_for_external_processor	Domain Engineering Lead
app	fees	paid_at	confidential_commercial	business_or_transaction	application_or_authorized_provider	operate_trade_credit_service	pending_legal_approval	tenant_scoped_application;authorized_operations	validated_application_command;authorized_worker	database_encryption;rls;access_audit	environment_retention_register_pending_legal_approval	delete_or_pseudonymize_after_approved_request_and_retention_expiry	kredit	configured_region;transfer_assessment_required_for_external_processor	Domain Engineering Lead
app	financial_review_cases	id	confidential_commercial	business_or_transaction	application_or_authorized_provider	operate_trade_credit_service	pending_legal_approval	aal2_provider_operations;authorized_worker	validated_application_command;authorized_worker	database_encryption;rls;access_audit	environment_retention_register_pending_legal_approval	retain_under_financial_or_legal_hold;restrict_or_pseudonymize	kredit	configured_region;transfer_assessment_required_for_external_processor	Domain Engineering Lead
app	financial_review_cases	kind	confidential_commercial	business_or_transaction	application_or_authorized_provider	operate_trade_credit_service	pending_legal_approval	aal2_provider_operations;authorized_worker	validated_application_command;authorized_worker	database_encryption;rls;access_audit	environment_retention_register_pending_legal_approval	retain_under_financial_or_legal_hold;restrict_or_pseudonymize	kredit	configured_region;transfer_assessment_required_for_external_processor	Domain Engineering Lead
app	financial_review_cases	target_id	confidential_commercial	business_or_transaction	application_or_authorized_provider	operate_trade_credit_service	pending_legal_approval	aal2_provider_operations;authorized_worker	validated_application_command;authorized_worker	database_encryption;rls;access_audit	environment_retention_register_pending_legal_approval	retain_under_financial_or_legal_hold;restrict_or_pseudonymize	kredit	configured_region;transfer_assessment_required_for_external_processor	Domain Engineering Lead
app	financial_review_cases	expected	restricted_financial	business_or_transaction	application_or_authorized_provider	operate_trade_credit_service	pending_legal_approval	aal2_provider_operations;authorized_worker	validated_application_command;authorized_worker	database_encryption;rls;access_audit	environment_retention_register_pending_legal_approval	retain_under_financial_or_legal_hold;restrict_or_pseudonymize	kredit	configured_region;transfer_assessment_required_for_external_processor	Domain Engineering Lead
app	financial_review_cases	actual	restricted_financial	business_or_transaction	application_or_authorized_provider	operate_trade_credit_service	pending_legal_approval	aal2_provider_operations;authorized_worker	validated_application_command;authorized_worker	database_encryption;rls;access_audit	environment_retention_register_pending_legal_approval	retain_under_financial_or_legal_hold;restrict_or_pseudonymize	kredit	configured_region;transfer_assessment_required_for_external_processor	Domain Engineering Lead
app	financial_review_cases	owner_id	confidential_commercial	business_or_transaction	application_or_authorized_provider	operate_trade_credit_service	pending_legal_approval	aal2_provider_operations;authorized_worker	validated_application_command;authorized_worker	database_encryption;rls;access_audit	environment_retention_register_pending_legal_approval	retain_under_financial_or_legal_hold;restrict_or_pseudonymize	kredit	configured_region;transfer_assessment_required_for_external_processor	Domain Engineering Lead
app	financial_review_cases	state	confidential_commercial	business_or_transaction	application_or_authorized_provider	operate_trade_credit_service	pending_legal_approval	aal2_provider_operations;authorized_worker	validated_application_command;authorized_worker	database_encryption;rls;access_audit	environment_retention_register_pending_legal_approval	retain_under_financial_or_legal_hold;restrict_or_pseudonymize	kredit	configured_region;transfer_assessment_required_for_external_processor	Domain Engineering Lead
app	financial_review_cases	first_seen_at	confidential_commercial	business_or_transaction	application_or_authorized_provider	operate_trade_credit_service	pending_legal_approval	aal2_provider_operations;authorized_worker	validated_application_command;authorized_worker	database_encryption;rls;access_audit	environment_retention_register_pending_legal_approval	retain_under_financial_or_legal_hold;restrict_or_pseudonymize	kredit	configured_region;transfer_assessment_required_for_external_processor	Domain Engineering Lead
app	financial_review_cases	last_seen_at	confidential_commercial	business_or_transaction	application_or_authorized_provider	operate_trade_credit_service	pending_legal_approval	aal2_provider_operations;authorized_worker	validated_application_command;authorized_worker	database_encryption;rls;access_audit	environment_retention_register_pending_legal_approval	retain_under_financial_or_legal_hold;restrict_or_pseudonymize	kredit	configured_region;transfer_assessment_required_for_external_processor	Domain Engineering Lead
app	financial_review_cases	resolved_at	confidential_commercial	business_or_transaction	application_or_authorized_provider	operate_trade_credit_service	pending_legal_approval	aal2_provider_operations;authorized_worker	validated_application_command;authorized_worker	database_encryption;rls;access_audit	environment_retention_register_pending_legal_approval	retain_under_financial_or_legal_hold;restrict_or_pseudonymize	kredit	configured_region;transfer_assessment_required_for_external_processor	Domain Engineering Lead
app	financial_review_events	id	confidential_commercial	business_or_transaction	application_or_authorized_provider	operate_trade_credit_service	pending_legal_approval	aal2_provider_operations;authorized_worker	validated_application_command;authorized_worker	database_encryption;rls;access_audit	environment_retention_register_pending_legal_approval	retain_under_financial_or_legal_hold;restrict_or_pseudonymize	kredit	configured_region;transfer_assessment_required_for_external_processor	Domain Engineering Lead
app	financial_review_events	case_id	confidential_commercial	business_or_transaction	application_or_authorized_provider	operate_trade_credit_service	pending_legal_approval	aal2_provider_operations;authorized_worker	validated_application_command;authorized_worker	database_encryption;rls;access_audit	environment_retention_register_pending_legal_approval	retain_under_financial_or_legal_hold;restrict_or_pseudonymize	kredit	configured_region;transfer_assessment_required_for_external_processor	Domain Engineering Lead
app	financial_review_events	actor_id	confidential_commercial	business_or_transaction	application_or_authorized_provider	operate_trade_credit_service	pending_legal_approval	aal2_provider_operations;authorized_worker	validated_application_command;authorized_worker	database_encryption;rls;access_audit	environment_retention_register_pending_legal_approval	retain_under_financial_or_legal_hold;restrict_or_pseudonymize	kredit	configured_region;transfer_assessment_required_for_external_processor	Domain Engineering Lead
app	financial_review_events	action	confidential_commercial	business_or_transaction	application_or_authorized_provider	operate_trade_credit_service	pending_legal_approval	aal2_provider_operations;authorized_worker	validated_application_command;authorized_worker	database_encryption;rls;access_audit	environment_retention_register_pending_legal_approval	retain_under_financial_or_legal_hold;restrict_or_pseudonymize	kredit	configured_region;transfer_assessment_required_for_external_processor	Domain Engineering Lead
app	financial_review_events	reason	confidential_commercial	business_or_transaction	application_or_authorized_provider	operate_trade_credit_service	pending_legal_approval	aal2_provider_operations;authorized_worker	validated_application_command;authorized_worker	database_encryption;rls;access_audit	environment_retention_register_pending_legal_approval	retain_under_financial_or_legal_hold;restrict_or_pseudonymize	kredit	configured_region;transfer_assessment_required_for_external_processor	Domain Engineering Lead
app	financial_review_events	occurred_at	confidential_commercial	business_or_transaction	application_or_authorized_provider	operate_trade_credit_service	pending_legal_approval	aal2_provider_operations;authorized_worker	validated_application_command;authorized_worker	database_encryption;rls;access_audit	environment_retention_register_pending_legal_approval	retain_under_financial_or_legal_hold;restrict_or_pseudonymize	kredit	configured_region;transfer_assessment_required_for_external_processor	Domain Engineering Lead
app	goods_releases	id	confidential_commercial	business_or_transaction	application_or_authorized_provider	operate_trade_credit_service	pending_legal_approval	tenant_scoped_application;authorized_operations	validated_application_command;authorized_worker	database_encryption;rls;access_audit	environment_retention_register_pending_legal_approval	delete_or_pseudonymize_after_approved_request_and_retention_expiry	kredit	configured_region;transfer_assessment_required_for_external_processor	Domain Engineering Lead
app	goods_releases	credit_request_id	confidential_commercial	business_or_transaction	application_or_authorized_provider	operate_trade_credit_service	pending_legal_approval	tenant_scoped_application;authorized_operations	validated_application_command;authorized_worker	database_encryption;rls;access_audit	environment_retention_register_pending_legal_approval	delete_or_pseudonymize_after_approved_request_and_retention_expiry	kredit	configured_region;transfer_assessment_required_for_external_processor	Domain Engineering Lead
app	goods_releases	supplier_actor_id	confidential_commercial	business_or_transaction	application_or_authorized_provider	operate_trade_credit_service	pending_legal_approval	tenant_scoped_application;authorized_operations	validated_application_command;authorized_worker	database_encryption;rls;access_audit	environment_retention_register_pending_legal_approval	delete_or_pseudonymize_after_approved_request_and_retention_expiry	kredit	configured_region;transfer_assessment_required_for_external_processor	Domain Engineering Lead
app	goods_releases	delivery_method	confidential_commercial	business_or_transaction	application_or_authorized_provider	operate_trade_credit_service	pending_legal_approval	tenant_scoped_application;authorized_operations	validated_application_command;authorized_worker	database_encryption;rls;access_audit	environment_retention_register_pending_legal_approval	delete_or_pseudonymize_after_approved_request_and_retention_expiry	kredit	configured_region;transfer_assessment_required_for_external_processor	Domain Engineering Lead
app	goods_releases	notes	confidential_commercial	business_or_transaction	application_or_authorized_provider	operate_trade_credit_service	pending_legal_approval	tenant_scoped_application;authorized_operations	validated_application_command;authorized_worker	database_encryption;rls;access_audit	environment_retention_register_pending_legal_approval	delete_or_pseudonymize_after_approved_request_and_retention_expiry	kredit	configured_region;transfer_assessment_required_for_external_processor	Domain Engineering Lead
app	goods_releases	released_at	confidential_commercial	business_or_transaction	application_or_authorized_provider	operate_trade_credit_service	pending_legal_approval	tenant_scoped_application;authorized_operations	validated_application_command;authorized_worker	database_encryption;rls;access_audit	environment_retention_register_pending_legal_approval	delete_or_pseudonymize_after_approved_request_and_retention_expiry	kredit	configured_region;transfer_assessment_required_for_external_processor	Domain Engineering Lead
app	idempotency_records	id	confidential_commercial	business_or_transaction	application_or_authorized_provider	operate_trade_credit_service	pending_legal_approval	tenant_scoped_application;authorized_operations	validated_application_command;authorized_worker	database_encryption;rls;access_audit	environment_retention_register_pending_legal_approval	delete_or_pseudonymize_after_approved_request_and_retention_expiry	kredit	configured_region;transfer_assessment_required_for_external_processor	Domain Engineering Lead
app	idempotency_records	scope	confidential_commercial	business_or_transaction	application_or_authorized_provider	operate_trade_credit_service	pending_legal_approval	tenant_scoped_application;authorized_operations	validated_application_command;authorized_worker	database_encryption;rls;access_audit	environment_retention_register_pending_legal_approval	delete_or_pseudonymize_after_approved_request_and_retention_expiry	kredit	configured_region;transfer_assessment_required_for_external_processor	Domain Engineering Lead
app	idempotency_records	idempotency_key	confidential_commercial	business_or_transaction	application_or_authorized_provider	operate_trade_credit_service	pending_legal_approval	tenant_scoped_application;authorized_operations	validated_application_command;authorized_worker	database_encryption;rls;access_audit	environment_retention_register_pending_legal_approval	delete_or_pseudonymize_after_approved_request_and_retention_expiry	kredit	configured_region;transfer_assessment_required_for_external_processor	Domain Engineering Lead
app	idempotency_records	request_hash	restricted_authentication	business_or_transaction	application_or_authorized_provider	operate_trade_credit_service	pending_legal_approval	tenant_scoped_application;authorized_operations	validated_application_command;authorized_worker	one_way_hmac_or_hash	environment_retention_register_pending_legal_approval	delete_or_pseudonymize_after_approved_request_and_retention_expiry	kredit	configured_region;transfer_assessment_required_for_external_processor	Domain Engineering Lead
app	idempotency_records	response_status	confidential_commercial	business_or_transaction	application_or_authorized_provider	operate_trade_credit_service	pending_legal_approval	tenant_scoped_application;authorized_operations	validated_application_command;authorized_worker	database_encryption;rls;access_audit	environment_retention_register_pending_legal_approval	delete_or_pseudonymize_after_approved_request_and_retention_expiry	kredit	configured_region;transfer_assessment_required_for_external_processor	Domain Engineering Lead
app	idempotency_records	response_body	confidential_commercial	business_or_transaction	application_or_authorized_provider	operate_trade_credit_service	pending_legal_approval	tenant_scoped_application;authorized_operations	validated_application_command;authorized_worker	database_encryption;rls;access_audit	environment_retention_register_pending_legal_approval	delete_or_pseudonymize_after_approved_request_and_retention_expiry	kredit	configured_region;transfer_assessment_required_for_external_processor	Domain Engineering Lead
app	idempotency_records	created_at	confidential_commercial	business_or_transaction	application_or_authorized_provider	operate_trade_credit_service	pending_legal_approval	tenant_scoped_application;authorized_operations	validated_application_command;authorized_worker	database_encryption;rls;access_audit	environment_retention_register_pending_legal_approval	delete_or_pseudonymize_after_approved_request_and_retention_expiry	kredit	configured_region;transfer_assessment_required_for_external_processor	Domain Engineering Lead
app	idempotency_records	completed_at	confidential_commercial	business_or_transaction	application_or_authorized_provider	operate_trade_credit_service	pending_legal_approval	tenant_scoped_application;authorized_operations	validated_application_command;authorized_worker	database_encryption;rls;access_audit	environment_retention_register_pending_legal_approval	delete_or_pseudonymize_after_approved_request_and_retention_expiry	kredit	configured_region;transfer_assessment_required_for_external_processor	Domain Engineering Lead
app	idempotency_records	expires_at	confidential_commercial	business_or_transaction	application_or_authorized_provider	operate_trade_credit_service	pending_legal_approval	tenant_scoped_application;authorized_operations	validated_application_command;authorized_worker	database_encryption;rls;access_audit	environment_retention_register_pending_legal_approval	delete_or_pseudonymize_after_approved_request_and_retention_expiry	kredit	configured_region;transfer_assessment_required_for_external_processor	Domain Engineering Lead
app	identity_consents	id	confidential_commercial	business_or_transaction	application_or_authorized_provider	privacy_rights	pending_legal_approval	tenant_scoped_application;authorized_operations	validated_application_command;authorized_worker	database_encryption;rls;access_audit	environment_retention_register_pending_legal_approval	delete_or_pseudonymize_after_approved_request_and_retention_expiry	kredit	configured_region;transfer_assessment_required_for_external_processor	Domain Engineering Lead
app	identity_consents	user_id	restricted_identity	account_user	application_or_authorized_provider	privacy_rights	pending_legal_approval	tenant_scoped_application;authorized_operations	validated_application_command;authorized_worker	database_encryption;rls;access_audit	environment_retention_register_pending_legal_approval	delete_or_pseudonymize_after_approved_request_and_retention_expiry	kredit	configured_region;transfer_assessment_required_for_external_processor	Domain Engineering Lead
app	identity_consents	consent_type	confidential_commercial	business_or_transaction	application_or_authorized_provider	privacy_rights	pending_legal_approval	tenant_scoped_application;authorized_operations	validated_application_command;authorized_worker	database_encryption;rls;access_audit	environment_retention_register_pending_legal_approval	delete_or_pseudonymize_after_approved_request_and_retention_expiry	kredit	configured_region;transfer_assessment_required_for_external_processor	Domain Engineering Lead
app	identity_consents	version	confidential_commercial	business_or_transaction	application_or_authorized_provider	privacy_rights	pending_legal_approval	tenant_scoped_application;authorized_operations	validated_application_command;authorized_worker	database_encryption;rls;access_audit	environment_retention_register_pending_legal_approval	delete_or_pseudonymize_after_approved_request_and_retention_expiry	kredit	configured_region;transfer_assessment_required_for_external_processor	Domain Engineering Lead
app	identity_consents	accepted_at	confidential_commercial	business_or_transaction	application_or_authorized_provider	privacy_rights	pending_legal_approval	tenant_scoped_application;authorized_operations	validated_application_command;authorized_worker	database_encryption;rls;access_audit	environment_retention_register_pending_legal_approval	delete_or_pseudonymize_after_approved_request_and_retention_expiry	kredit	configured_region;transfer_assessment_required_for_external_processor	Domain Engineering Lead
app	identity_consents	evidence_hash	restricted_authentication	business_or_transaction	application_or_authorized_provider	privacy_rights	pending_legal_approval	tenant_scoped_application;authorized_operations	validated_application_command;authorized_worker	one_way_hmac_or_hash	environment_retention_register_pending_legal_approval	delete_or_pseudonymize_after_approved_request_and_retention_expiry	kredit	configured_region;transfer_assessment_required_for_external_processor	Domain Engineering Lead
app	job_dead_letters	id	confidential_commercial	business_or_transaction	application_or_authorized_provider	operate_trade_credit_service	pending_legal_approval	tenant_scoped_application;authorized_operations	validated_application_command;authorized_worker	database_encryption;rls;access_audit	environment_retention_register_pending_legal_approval	delete_or_pseudonymize_after_approved_request_and_retention_expiry	kredit	configured_region;transfer_assessment_required_for_external_processor	Domain Engineering Lead
app	job_dead_letters	river_job_id	confidential_commercial	business_or_transaction	application_or_authorized_provider	operate_trade_credit_service	pending_legal_approval	tenant_scoped_application;authorized_operations	validated_application_command;authorized_worker	database_encryption;rls;access_audit	environment_retention_register_pending_legal_approval	delete_or_pseudonymize_after_approved_request_and_retention_expiry	kredit	configured_region;transfer_assessment_required_for_external_processor	Domain Engineering Lead
app	job_dead_letters	job_kind	confidential_commercial	business_or_transaction	application_or_authorized_provider	operate_trade_credit_service	pending_legal_approval	tenant_scoped_application;authorized_operations	validated_application_command;authorized_worker	database_encryption;rls;access_audit	environment_retention_register_pending_legal_approval	delete_or_pseudonymize_after_approved_request_and_retention_expiry	kredit	configured_region;transfer_assessment_required_for_external_processor	Domain Engineering Lead
app	job_dead_letters	queue	confidential_commercial	business_or_transaction	application_or_authorized_provider	operate_trade_credit_service	pending_legal_approval	tenant_scoped_application;authorized_operations	validated_application_command;authorized_worker	database_encryption;rls;access_audit	environment_retention_register_pending_legal_approval	delete_or_pseudonymize_after_approved_request_and_retention_expiry	kredit	configured_region;transfer_assessment_required_for_external_processor	Domain Engineering Lead
app	job_dead_letters	encoded_args	confidential_commercial	business_or_transaction	application_or_authorized_provider	operate_trade_credit_service	pending_legal_approval	tenant_scoped_application;authorized_operations	validated_application_command;authorized_worker	database_encryption;rls;access_audit	environment_retention_register_pending_legal_approval	delete_or_pseudonymize_after_approved_request_and_retention_expiry	kredit	configured_region;transfer_assessment_required_for_external_processor	Domain Engineering Lead
app	job_dead_letters	error	confidential_commercial	business_or_transaction	application_or_authorized_provider	operate_trade_credit_service	pending_legal_approval	tenant_scoped_application;authorized_operations	validated_application_command;authorized_worker	database_encryption;rls;access_audit	environment_retention_register_pending_legal_approval	delete_or_pseudonymize_after_approved_request_and_retention_expiry	kredit	configured_region;transfer_assessment_required_for_external_processor	Domain Engineering Lead
app	job_dead_letters	attempts	confidential_commercial	business_or_transaction	application_or_authorized_provider	operate_trade_credit_service	pending_legal_approval	tenant_scoped_application;authorized_operations	validated_application_command;authorized_worker	database_encryption;rls;access_audit	environment_retention_register_pending_legal_approval	delete_or_pseudonymize_after_approved_request_and_retention_expiry	kredit	configured_region;transfer_assessment_required_for_external_processor	Domain Engineering Lead
app	job_dead_letters	created_at	confidential_commercial	business_or_transaction	application_or_authorized_provider	operate_trade_credit_service	pending_legal_approval	tenant_scoped_application;authorized_operations	validated_application_command;authorized_worker	database_encryption;rls;access_audit	environment_retention_register_pending_legal_approval	delete_or_pseudonymize_after_approved_request_and_retention_expiry	kredit	configured_region;transfer_assessment_required_for_external_processor	Domain Engineering Lead
app	legal_holds	id	confidential_commercial	business_or_transaction	application_or_authorized_provider	operate_trade_credit_service	pending_legal_approval	tenant_scoped_application;authorized_operations	validated_application_command;authorized_worker	database_encryption;rls;access_audit	environment_retention_register_pending_legal_approval	retain_under_financial_or_legal_hold;restrict_or_pseudonymize	kredit	configured_region;transfer_assessment_required_for_external_processor	Data Protection Lead
app	legal_holds	user_id	restricted_identity	account_user	application_or_authorized_provider	operate_trade_credit_service	pending_legal_approval	tenant_scoped_application;authorized_operations	validated_application_command;authorized_worker	database_encryption;rls;access_audit	environment_retention_register_pending_legal_approval	retain_under_financial_or_legal_hold;restrict_or_pseudonymize	kredit	configured_region;transfer_assessment_required_for_external_processor	Data Protection Lead
app	legal_holds	organization_id	confidential_commercial	business_or_transaction	application_or_authorized_provider	operate_trade_credit_service	pending_legal_approval	tenant_scoped_application;authorized_operations	validated_application_command;authorized_worker	database_encryption;rls;access_audit	environment_retention_register_pending_legal_approval	retain_under_financial_or_legal_hold;restrict_or_pseudonymize	kredit	configured_region;transfer_assessment_required_for_external_processor	Data Protection Lead
app	legal_holds	scope	confidential_commercial	business_or_transaction	application_or_authorized_provider	operate_trade_credit_service	pending_legal_approval	tenant_scoped_application;authorized_operations	validated_application_command;authorized_worker	database_encryption;rls;access_audit	environment_retention_register_pending_legal_approval	retain_under_financial_or_legal_hold;restrict_or_pseudonymize	kredit	configured_region;transfer_assessment_required_for_external_processor	Data Protection Lead
app	legal_holds	reason	confidential_commercial	business_or_transaction	application_or_authorized_provider	operate_trade_credit_service	pending_legal_approval	tenant_scoped_application;authorized_operations	validated_application_command;authorized_worker	database_encryption;rls;access_audit	environment_retention_register_pending_legal_approval	retain_under_financial_or_legal_hold;restrict_or_pseudonymize	kredit	configured_region;transfer_assessment_required_for_external_processor	Data Protection Lead
app	legal_holds	active	confidential_commercial	business_or_transaction	application_or_authorized_provider	operate_trade_credit_service	pending_legal_approval	tenant_scoped_application;authorized_operations	validated_application_command;authorized_worker	database_encryption;rls;access_audit	environment_retention_register_pending_legal_approval	retain_under_financial_or_legal_hold;restrict_or_pseudonymize	kredit	configured_region;transfer_assessment_required_for_external_processor	Data Protection Lead
app	legal_holds	created_by	confidential_commercial	business_or_transaction	application_or_authorized_provider	operate_trade_credit_service	pending_legal_approval	tenant_scoped_application;authorized_operations	validated_application_command;authorized_worker	database_encryption;rls;access_audit	environment_retention_register_pending_legal_approval	retain_under_financial_or_legal_hold;restrict_or_pseudonymize	kredit	configured_region;transfer_assessment_required_for_external_processor	Data Protection Lead
app	legal_holds	created_at	confidential_commercial	business_or_transaction	application_or_authorized_provider	operate_trade_credit_service	pending_legal_approval	tenant_scoped_application;authorized_operations	validated_application_command;authorized_worker	database_encryption;rls;access_audit	environment_retention_register_pending_legal_approval	retain_under_financial_or_legal_hold;restrict_or_pseudonymize	kredit	configured_region;transfer_assessment_required_for_external_processor	Data Protection Lead
app	legal_holds	released_at	confidential_commercial	business_or_transaction	application_or_authorized_provider	operate_trade_credit_service	pending_legal_approval	tenant_scoped_application;authorized_operations	validated_application_command;authorized_worker	database_encryption;rls;access_audit	environment_retention_register_pending_legal_approval	retain_under_financial_or_legal_hold;restrict_or_pseudonymize	kredit	configured_region;transfer_assessment_required_for_external_processor	Data Protection Lead
app	mandate_events	id	confidential_commercial	business_or_transaction	application_or_authorized_provider	operate_trade_credit_service	pending_legal_approval	tenant_scoped_application;authorized_operations	validated_application_command;authorized_worker	database_encryption;rls;access_audit	environment_retention_register_pending_legal_approval	delete_or_pseudonymize_after_approved_request_and_retention_expiry	approved_provider_if_configured	configured_region;transfer_assessment_required_for_external_processor	Domain Engineering Lead
app	mandate_events	mandate_id	restricted_financial	business_or_transaction	application_or_authorized_provider	operate_trade_credit_service	pending_legal_approval	tenant_scoped_application;authorized_operations	validated_application_command;authorized_worker	database_encryption;rls;access_audit	environment_retention_register_pending_legal_approval	delete_or_pseudonymize_after_approved_request_and_retention_expiry	approved_provider_if_configured	configured_region;transfer_assessment_required_for_external_processor	Domain Engineering Lead
app	mandate_events	provider_event_id	confidential_commercial	business_or_transaction	application_or_authorized_provider	operate_trade_credit_service	pending_legal_approval	tenant_scoped_application;authorized_operations	validated_application_command;authorized_worker	database_encryption;rls;access_audit	environment_retention_register_pending_legal_approval	delete_or_pseudonymize_after_approved_request_and_retention_expiry	approved_provider_if_configured	configured_region;transfer_assessment_required_for_external_processor	Domain Engineering Lead
app	mandate_events	old_state	confidential_commercial	business_or_transaction	application_or_authorized_provider	operate_trade_credit_service	pending_legal_approval	tenant_scoped_application;authorized_operations	validated_application_command;authorized_worker	database_encryption;rls;access_audit	environment_retention_register_pending_legal_approval	delete_or_pseudonymize_after_approved_request_and_retention_expiry	approved_provider_if_configured	configured_region;transfer_assessment_required_for_external_processor	Domain Engineering Lead
app	mandate_events	new_state	confidential_commercial	business_or_transaction	application_or_authorized_provider	operate_trade_credit_service	pending_legal_approval	tenant_scoped_application;authorized_operations	validated_application_command;authorized_worker	database_encryption;rls;access_audit	environment_retention_register_pending_legal_approval	delete_or_pseudonymize_after_approved_request_and_retention_expiry	approved_provider_if_configured	configured_region;transfer_assessment_required_for_external_processor	Domain Engineering Lead
app	mandate_events	reason_code	confidential_commercial	business_or_transaction	application_or_authorized_provider	operate_trade_credit_service	pending_legal_approval	tenant_scoped_application;authorized_operations	validated_application_command;authorized_worker	database_encryption;rls;access_audit	environment_retention_register_pending_legal_approval	delete_or_pseudonymize_after_approved_request_and_retention_expiry	approved_provider_if_configured	configured_region;transfer_assessment_required_for_external_processor	Domain Engineering Lead
app	mandate_events	event_at	confidential_commercial	business_or_transaction	application_or_authorized_provider	operate_trade_credit_service	pending_legal_approval	tenant_scoped_application;authorized_operations	validated_application_command;authorized_worker	database_encryption;rls;access_audit	environment_retention_register_pending_legal_approval	delete_or_pseudonymize_after_approved_request_and_retention_expiry	approved_provider_if_configured	configured_region;transfer_assessment_required_for_external_processor	Domain Engineering Lead
app	mandate_events	processed_at	confidential_commercial	business_or_transaction	application_or_authorized_provider	operate_trade_credit_service	pending_legal_approval	tenant_scoped_application;authorized_operations	validated_application_command;authorized_worker	database_encryption;rls;access_audit	environment_retention_register_pending_legal_approval	delete_or_pseudonymize_after_approved_request_and_retention_expiry	approved_provider_if_configured	configured_region;transfer_assessment_required_for_external_processor	Domain Engineering Lead
app	mandates	id	confidential_commercial	business_or_transaction	application_or_authorized_provider	operate_trade_credit_service	pending_legal_approval	tenant_scoped_application;authorized_operations	validated_application_command;authorized_worker	database_encryption;rls;access_audit	environment_retention_register_pending_legal_approval	delete_or_pseudonymize_after_approved_request_and_retention_expiry	approved_provider_if_configured	configured_region;transfer_assessment_required_for_external_processor	Domain Engineering Lead
app	mandates	credit_request_id	confidential_commercial	business_or_transaction	application_or_authorized_provider	operate_trade_credit_service	pending_legal_approval	tenant_scoped_application;authorized_operations	validated_application_command;authorized_worker	database_encryption;rls;access_audit	environment_retention_register_pending_legal_approval	delete_or_pseudonymize_after_approved_request_and_retention_expiry	approved_provider_if_configured	configured_region;transfer_assessment_required_for_external_processor	Domain Engineering Lead
app	mandates	provider	confidential_commercial	business_or_transaction	application_or_authorized_provider	operate_trade_credit_service	pending_legal_approval	tenant_scoped_application;authorized_operations	validated_application_command;authorized_worker	database_encryption;rls;access_audit	environment_retention_register_pending_legal_approval	delete_or_pseudonymize_after_approved_request_and_retention_expiry	approved_provider_if_configured	configured_region;transfer_assessment_required_for_external_processor	Domain Engineering Lead
app	mandates	provider_id	confidential_commercial	business_or_transaction	application_or_authorized_provider	operate_trade_credit_service	pending_legal_approval	tenant_scoped_application;authorized_operations	validated_application_command;authorized_worker	database_encryption;rls;access_audit	environment_retention_register_pending_legal_approval	delete_or_pseudonymize_after_approved_request_and_retention_expiry	approved_provider_if_configured	configured_region;transfer_assessment_required_for_external_processor	Domain Engineering Lead
app	mandates	user_id	restricted_identity	account_user	application_or_authorized_provider	operate_trade_credit_service	pending_legal_approval	tenant_scoped_application;authorized_operations	validated_application_command;authorized_worker	database_encryption;rls;access_audit	environment_retention_register_pending_legal_approval	delete_or_pseudonymize_after_approved_request_and_retention_expiry	approved_provider_if_configured	configured_region;transfer_assessment_required_for_external_processor	Domain Engineering Lead
app	mandates	business_id	confidential_commercial	business_or_transaction	application_or_authorized_provider	operate_trade_credit_service	pending_legal_approval	tenant_scoped_application;authorized_operations	validated_application_command;authorized_worker	database_encryption;rls;access_audit	environment_retention_register_pending_legal_approval	delete_or_pseudonymize_after_approved_request_and_retention_expiry	approved_provider_if_configured	configured_region;transfer_assessment_required_for_external_processor	Domain Engineering Lead
app	mandates	status	confidential_commercial	business_or_transaction	application_or_authorized_provider	operate_trade_credit_service	pending_legal_approval	tenant_scoped_application;authorized_operations	validated_application_command;authorized_worker	database_encryption;rls;access_audit	environment_retention_register_pending_legal_approval	delete_or_pseudonymize_after_approved_request_and_retention_expiry	approved_provider_if_configured	configured_region;transfer_assessment_required_for_external_processor	Domain Engineering Lead
app	mandates	amount_ceiling_kobo	restricted_financial	business_or_transaction	application_or_authorized_provider	operate_trade_credit_service	pending_legal_approval	tenant_scoped_application;authorized_operations	validated_application_command;authorized_worker	database_encryption;rls;access_audit	environment_retention_register_pending_legal_approval	delete_or_pseudonymize_after_approved_request_and_retention_expiry	approved_provider_if_configured	configured_region;transfer_assessment_required_for_external_processor	Domain Engineering Lead
app	mandates	created_at	confidential_commercial	business_or_transaction	application_or_authorized_provider	operate_trade_credit_service	pending_legal_approval	tenant_scoped_application;authorized_operations	validated_application_command;authorized_worker	database_encryption;rls;access_audit	environment_retention_register_pending_legal_approval	delete_or_pseudonymize_after_approved_request_and_retention_expiry	approved_provider_if_configured	configured_region;transfer_assessment_required_for_external_processor	Domain Engineering Lead
app	mandates	activated_at	confidential_commercial	business_or_transaction	application_or_authorized_provider	operate_trade_credit_service	pending_legal_approval	tenant_scoped_application;authorized_operations	validated_application_command;authorized_worker	database_encryption;rls;access_audit	environment_retention_register_pending_legal_approval	delete_or_pseudonymize_after_approved_request_and_retention_expiry	approved_provider_if_configured	configured_region;transfer_assessment_required_for_external_processor	Domain Engineering Lead
app	memberships	id	confidential_commercial	business_or_transaction	application_or_authorized_provider	operate_trade_credit_service	pending_legal_approval	tenant_scoped_application;authorized_operations	validated_application_command;authorized_worker	database_encryption;rls;access_audit	environment_retention_register_pending_legal_approval	delete_or_pseudonymize_after_approved_request_and_retention_expiry	kredit	configured_region;transfer_assessment_required_for_external_processor	Domain Engineering Lead
app	memberships	organization_id	confidential_commercial	business_or_transaction	application_or_authorized_provider	operate_trade_credit_service	pending_legal_approval	tenant_scoped_application;authorized_operations	validated_application_command;authorized_worker	database_encryption;rls;access_audit	environment_retention_register_pending_legal_approval	delete_or_pseudonymize_after_approved_request_and_retention_expiry	kredit	configured_region;transfer_assessment_required_for_external_processor	Domain Engineering Lead
app	memberships	user_id	restricted_identity	account_user	application_or_authorized_provider	operate_trade_credit_service	pending_legal_approval	tenant_scoped_application;authorized_operations	validated_application_command;authorized_worker	database_encryption;rls;access_audit	environment_retention_register_pending_legal_approval	delete_or_pseudonymize_after_approved_request_and_retention_expiry	kredit	configured_region;transfer_assessment_required_for_external_processor	Domain Engineering Lead
app	memberships	role	confidential_commercial	business_or_transaction	application_or_authorized_provider	operate_trade_credit_service	pending_legal_approval	tenant_scoped_application;authorized_operations	validated_application_command;authorized_worker	database_encryption;rls;access_audit	environment_retention_register_pending_legal_approval	delete_or_pseudonymize_after_approved_request_and_retention_expiry	kredit	configured_region;transfer_assessment_required_for_external_processor	Domain Engineering Lead
app	memberships	status	confidential_commercial	business_or_transaction	application_or_authorized_provider	operate_trade_credit_service	pending_legal_approval	tenant_scoped_application;authorized_operations	validated_application_command;authorized_worker	database_encryption;rls;access_audit	environment_retention_register_pending_legal_approval	delete_or_pseudonymize_after_approved_request_and_retention_expiry	kredit	configured_region;transfer_assessment_required_for_external_processor	Domain Engineering Lead
app	memberships	invited_by	confidential_commercial	business_or_transaction	application_or_authorized_provider	operate_trade_credit_service	pending_legal_approval	tenant_scoped_application;authorized_operations	validated_application_command;authorized_worker	database_encryption;rls;access_audit	environment_retention_register_pending_legal_approval	delete_or_pseudonymize_after_approved_request_and_retention_expiry	kredit	configured_region;transfer_assessment_required_for_external_processor	Domain Engineering Lead
app	memberships	invited_at	confidential_commercial	business_or_transaction	application_or_authorized_provider	operate_trade_credit_service	pending_legal_approval	tenant_scoped_application;authorized_operations	validated_application_command;authorized_worker	database_encryption;rls;access_audit	environment_retention_register_pending_legal_approval	delete_or_pseudonymize_after_approved_request_and_retention_expiry	kredit	configured_region;transfer_assessment_required_for_external_processor	Domain Engineering Lead
app	memberships	accepted_at	confidential_commercial	business_or_transaction	application_or_authorized_provider	operate_trade_credit_service	pending_legal_approval	tenant_scoped_application;authorized_operations	validated_application_command;authorized_worker	database_encryption;rls;access_audit	environment_retention_register_pending_legal_approval	delete_or_pseudonymize_after_approved_request_and_retention_expiry	kredit	configured_region;transfer_assessment_required_for_external_processor	Domain Engineering Lead
app	memberships	created_at	confidential_commercial	business_or_transaction	application_or_authorized_provider	operate_trade_credit_service	pending_legal_approval	tenant_scoped_application;authorized_operations	validated_application_command;authorized_worker	database_encryption;rls;access_audit	environment_retention_register_pending_legal_approval	delete_or_pseudonymize_after_approved_request_and_retention_expiry	kredit	configured_region;transfer_assessment_required_for_external_processor	Domain Engineering Lead
app	messaging_events	id	confidential_commercial	business_or_transaction	application_or_authorized_provider	operate_trade_credit_service	pending_legal_approval	tenant_scoped_application;authorized_operations	validated_application_command;authorized_worker	database_encryption;rls;access_audit	environment_retention_register_pending_legal_approval	delete_or_pseudonymize_after_approved_request_and_retention_expiry	kredit	configured_region;transfer_assessment_required_for_external_processor	Domain Engineering Lead
app	messaging_events	provider	confidential_commercial	business_or_transaction	application_or_authorized_provider	operate_trade_credit_service	pending_legal_approval	tenant_scoped_application;authorized_operations	validated_application_command;authorized_worker	database_encryption;rls;access_audit	environment_retention_register_pending_legal_approval	delete_or_pseudonymize_after_approved_request_and_retention_expiry	kredit	configured_region;transfer_assessment_required_for_external_processor	Domain Engineering Lead
app	messaging_events	provider_event_id	confidential_commercial	business_or_transaction	application_or_authorized_provider	operate_trade_credit_service	pending_legal_approval	tenant_scoped_application;authorized_operations	validated_application_command;authorized_worker	database_encryption;rls;access_audit	environment_retention_register_pending_legal_approval	delete_or_pseudonymize_after_approved_request_and_retention_expiry	kredit	configured_region;transfer_assessment_required_for_external_processor	Domain Engineering Lead
app	messaging_events	sender	confidential_commercial	business_or_transaction	application_or_authorized_provider	operate_trade_credit_service	pending_legal_approval	tenant_scoped_application;authorized_operations	validated_application_command;authorized_worker	database_encryption;rls;access_audit	environment_retention_register_pending_legal_approval	delete_or_pseudonymize_after_approved_request_and_retention_expiry	kredit	configured_region;transfer_assessment_required_for_external_processor	Domain Engineering Lead
app	messaging_events	payload_hash	restricted_authentication	business_or_transaction	application_or_authorized_provider	operate_trade_credit_service	pending_legal_approval	tenant_scoped_application;authorized_operations	validated_application_command;authorized_worker	one_way_hmac_or_hash	environment_retention_register_pending_legal_approval	delete_or_pseudonymize_after_approved_request_and_retention_expiry	kredit	configured_region;transfer_assessment_required_for_external_processor	Domain Engineering Lead
app	messaging_events	command_type	confidential_commercial	business_or_transaction	application_or_authorized_provider	operate_trade_credit_service	pending_legal_approval	tenant_scoped_application;authorized_operations	validated_application_command;authorized_worker	database_encryption;rls;access_audit	environment_retention_register_pending_legal_approval	delete_or_pseudonymize_after_approved_request_and_retention_expiry	kredit	configured_region;transfer_assessment_required_for_external_processor	Domain Engineering Lead
app	messaging_events	processed_at	confidential_commercial	business_or_transaction	application_or_authorized_provider	operate_trade_credit_service	pending_legal_approval	tenant_scoped_application;authorized_operations	validated_application_command;authorized_worker	database_encryption;rls;access_audit	environment_retention_register_pending_legal_approval	delete_or_pseudonymize_after_approved_request_and_retention_expiry	kredit	configured_region;transfer_assessment_required_for_external_processor	Domain Engineering Lead
app	mfa_methods	id	confidential_commercial	business_or_transaction	application_or_authorized_provider	account_security	pending_legal_approval	tenant_scoped_application;authorized_operations	validated_application_command;authorized_worker	database_encryption;rls;access_audit	environment_retention_register_pending_legal_approval	delete_or_pseudonymize_after_approved_request_and_retention_expiry	kredit	configured_region;transfer_assessment_required_for_external_processor	Security Engineering Lead
app	mfa_methods	user_id	restricted_identity	account_user	application_or_authorized_provider	account_security	pending_legal_approval	tenant_scoped_application;authorized_operations	validated_application_command;authorized_worker	database_encryption;rls;access_audit	environment_retention_register_pending_legal_approval	delete_or_pseudonymize_after_approved_request_and_retention_expiry	kredit	configured_region;transfer_assessment_required_for_external_processor	Security Engineering Lead
app	mfa_methods	method_type	confidential_commercial	business_or_transaction	application_or_authorized_provider	account_security	pending_legal_approval	tenant_scoped_application;authorized_operations	validated_application_command;authorized_worker	database_encryption;rls;access_audit	environment_retention_register_pending_legal_approval	delete_or_pseudonymize_after_approved_request_and_retention_expiry	kredit	configured_region;transfer_assessment_required_for_external_processor	Security Engineering Lead
app	mfa_methods	secret_ciphertext	restricted_authentication	business_or_transaction	application_or_authorized_provider	account_security	pending_legal_approval	tenant_scoped_application;authorized_operations	validated_application_command;authorized_worker	encrypted_or_opaque_reference	environment_retention_register_pending_legal_approval	delete_or_pseudonymize_after_approved_request_and_retention_expiry	kredit	configured_region;transfer_assessment_required_for_external_processor	Security Engineering Lead
app	mfa_methods	credential_reference	confidential_commercial	business_or_transaction	application_or_authorized_provider	account_security	pending_legal_approval	tenant_scoped_application;authorized_operations	validated_application_command;authorized_worker	database_encryption;rls;access_audit	environment_retention_register_pending_legal_approval	delete_or_pseudonymize_after_approved_request_and_retention_expiry	kredit	configured_region;transfer_assessment_required_for_external_processor	Security Engineering Lead
app	mfa_methods	verified_at	confidential_commercial	business_or_transaction	application_or_authorized_provider	account_security	pending_legal_approval	tenant_scoped_application;authorized_operations	validated_application_command;authorized_worker	database_encryption;rls;access_audit	environment_retention_register_pending_legal_approval	delete_or_pseudonymize_after_approved_request_and_retention_expiry	kredit	configured_region;transfer_assessment_required_for_external_processor	Security Engineering Lead
app	mfa_methods	last_used_at	confidential_commercial	business_or_transaction	application_or_authorized_provider	account_security	pending_legal_approval	tenant_scoped_application;authorized_operations	validated_application_command;authorized_worker	database_encryption;rls;access_audit	environment_retention_register_pending_legal_approval	delete_or_pseudonymize_after_approved_request_and_retention_expiry	kredit	configured_region;transfer_assessment_required_for_external_processor	Security Engineering Lead
app	mfa_methods	revoked_at	confidential_commercial	business_or_transaction	application_or_authorized_provider	account_security	pending_legal_approval	tenant_scoped_application;authorized_operations	validated_application_command;authorized_worker	database_encryption;rls;access_audit	environment_retention_register_pending_legal_approval	delete_or_pseudonymize_after_approved_request_and_retention_expiry	kredit	configured_region;transfer_assessment_required_for_external_processor	Security Engineering Lead
app	mfa_methods	created_at	confidential_commercial	business_or_transaction	application_or_authorized_provider	account_security	pending_legal_approval	tenant_scoped_application;authorized_operations	validated_application_command;authorized_worker	database_encryption;rls;access_audit	environment_retention_register_pending_legal_approval	delete_or_pseudonymize_after_approved_request_and_retention_expiry	kredit	configured_region;transfer_assessment_required_for_external_processor	Security Engineering Lead
app	mfa_methods	failed_attempts	confidential_commercial	business_or_transaction	application_or_authorized_provider	account_security	pending_legal_approval	tenant_scoped_application;authorized_operations	validated_application_command;authorized_worker	database_encryption;rls;access_audit	environment_retention_register_pending_legal_approval	delete_or_pseudonymize_after_approved_request_and_retention_expiry	kredit	configured_region;transfer_assessment_required_for_external_processor	Security Engineering Lead
app	mfa_methods	locked_until	confidential_commercial	business_or_transaction	application_or_authorized_provider	account_security	pending_legal_approval	tenant_scoped_application;authorized_operations	validated_application_command;authorized_worker	database_encryption;rls;access_audit	environment_retention_register_pending_legal_approval	delete_or_pseudonymize_after_approved_request_and_retention_expiry	kredit	configured_region;transfer_assessment_required_for_external_processor	Security Engineering Lead
app	mfa_methods	last_used_counter	confidential_commercial	business_or_transaction	application_or_authorized_provider	account_security	pending_legal_approval	tenant_scoped_application;authorized_operations	validated_application_command;authorized_worker	database_encryption;rls;access_audit	environment_retention_register_pending_legal_approval	delete_or_pseudonymize_after_approved_request_and_retention_expiry	kredit	configured_region;transfer_assessment_required_for_external_processor	Security Engineering Lead
app	notification_delivery_receipts	channel	confidential_commercial	business_or_transaction	application_or_authorized_provider	operate_trade_credit_service	pending_legal_approval	aal2_provider_operations;authorized_worker	validated_application_command;authorized_worker	database_encryption;rls;access_audit	environment_retention_register_pending_legal_approval	retain_under_financial_or_legal_hold;restrict_or_pseudonymize	approved_provider_if_configured	configured_region;transfer_assessment_required_for_external_processor	Domain Engineering Lead
app	notification_delivery_receipts	event_id	confidential_commercial	business_or_transaction	application_or_authorized_provider	operate_trade_credit_service	pending_legal_approval	aal2_provider_operations;authorized_worker	validated_application_command;authorized_worker	database_encryption;rls;access_audit	environment_retention_register_pending_legal_approval	retain_under_financial_or_legal_hold;restrict_or_pseudonymize	approved_provider_if_configured	configured_region;transfer_assessment_required_for_external_processor	Domain Engineering Lead
app	notification_delivery_receipts	payload_hash	restricted_authentication	business_or_transaction	application_or_authorized_provider	operate_trade_credit_service	pending_legal_approval	aal2_provider_operations;authorized_worker	validated_application_command;authorized_worker	one_way_hmac_or_hash	environment_retention_register_pending_legal_approval	retain_under_financial_or_legal_hold;restrict_or_pseudonymize	approved_provider_if_configured	configured_region;transfer_assessment_required_for_external_processor	Domain Engineering Lead
app	notification_delivery_receipts	notification_id	confidential_commercial	business_or_transaction	application_or_authorized_provider	operate_trade_credit_service	pending_legal_approval	aal2_provider_operations;authorized_worker	validated_application_command;authorized_worker	database_encryption;rls;access_audit	environment_retention_register_pending_legal_approval	retain_under_financial_or_legal_hold;restrict_or_pseudonymize	approved_provider_if_configured	configured_region;transfer_assessment_required_for_external_processor	Domain Engineering Lead
app	notification_delivery_receipts	received_at	confidential_commercial	business_or_transaction	application_or_authorized_provider	operate_trade_credit_service	pending_legal_approval	aal2_provider_operations;authorized_worker	validated_application_command;authorized_worker	database_encryption;rls;access_audit	environment_retention_register_pending_legal_approval	retain_under_financial_or_legal_hold;restrict_or_pseudonymize	approved_provider_if_configured	configured_region;transfer_assessment_required_for_external_processor	Domain Engineering Lead
app	notification_preferences	recipient_id	confidential_commercial	business_or_transaction	application_or_authorized_provider	operate_trade_credit_service	pending_legal_approval	tenant_scoped_application;authorized_operations	validated_application_command;authorized_worker	database_encryption;rls;access_audit	environment_retention_register_pending_legal_approval	delete_or_pseudonymize_after_approved_request_and_retention_expiry	approved_provider_if_configured	configured_region;transfer_assessment_required_for_external_processor	Domain Engineering Lead
app	notification_preferences	preferred_channel	confidential_commercial	business_or_transaction	application_or_authorized_provider	operate_trade_credit_service	pending_legal_approval	tenant_scoped_application;authorized_operations	validated_application_command;authorized_worker	database_encryption;rls;access_audit	environment_retention_register_pending_legal_approval	delete_or_pseudonymize_after_approved_request_and_retention_expiry	approved_provider_if_configured	configured_region;transfer_assessment_required_for_external_processor	Domain Engineering Lead
app	notification_preferences	fallback_channel	confidential_commercial	business_or_transaction	application_or_authorized_provider	operate_trade_credit_service	pending_legal_approval	tenant_scoped_application;authorized_operations	validated_application_command;authorized_worker	database_encryption;rls;access_audit	environment_retention_register_pending_legal_approval	delete_or_pseudonymize_after_approved_request_and_retention_expiry	approved_provider_if_configured	configured_region;transfer_assessment_required_for_external_processor	Domain Engineering Lead
app	notification_preferences	opted_out	confidential_commercial	business_or_transaction	application_or_authorized_provider	operate_trade_credit_service	pending_legal_approval	tenant_scoped_application;authorized_operations	validated_application_command;authorized_worker	database_encryption;rls;access_audit	environment_retention_register_pending_legal_approval	delete_or_pseudonymize_after_approved_request_and_retention_expiry	approved_provider_if_configured	configured_region;transfer_assessment_required_for_external_processor	Domain Engineering Lead
app	notification_preferences	quiet_start_hour	confidential_commercial	business_or_transaction	application_or_authorized_provider	operate_trade_credit_service	pending_legal_approval	tenant_scoped_application;authorized_operations	validated_application_command;authorized_worker	database_encryption;rls;access_audit	environment_retention_register_pending_legal_approval	delete_or_pseudonymize_after_approved_request_and_retention_expiry	approved_provider_if_configured	configured_region;transfer_assessment_required_for_external_processor	Domain Engineering Lead
app	notification_preferences	quiet_end_hour	confidential_commercial	business_or_transaction	application_or_authorized_provider	operate_trade_credit_service	pending_legal_approval	tenant_scoped_application;authorized_operations	validated_application_command;authorized_worker	database_encryption;rls;access_audit	environment_retention_register_pending_legal_approval	delete_or_pseudonymize_after_approved_request_and_retention_expiry	approved_provider_if_configured	configured_region;transfer_assessment_required_for_external_processor	Domain Engineering Lead
app	notification_preferences	timezone	confidential_commercial	business_or_transaction	application_or_authorized_provider	operate_trade_credit_service	pending_legal_approval	tenant_scoped_application;authorized_operations	validated_application_command;authorized_worker	database_encryption;rls;access_audit	environment_retention_register_pending_legal_approval	delete_or_pseudonymize_after_approved_request_and_retention_expiry	approved_provider_if_configured	configured_region;transfer_assessment_required_for_external_processor	Domain Engineering Lead
app	notification_preferences	updated_at	confidential_commercial	business_or_transaction	application_or_authorized_provider	operate_trade_credit_service	pending_legal_approval	tenant_scoped_application;authorized_operations	validated_application_command;authorized_worker	database_encryption;rls;access_audit	environment_retention_register_pending_legal_approval	delete_or_pseudonymize_after_approved_request_and_retention_expiry	approved_provider_if_configured	configured_region;transfer_assessment_required_for_external_processor	Domain Engineering Lead
app	notification_preferences	payment_reminders_enabled	restricted_financial	business_or_transaction	application_or_authorized_provider	operate_trade_credit_service	pending_legal_approval	tenant_scoped_application;authorized_operations	validated_application_command;authorized_worker	database_encryption;rls;access_audit	environment_retention_register_pending_legal_approval	delete_or_pseudonymize_after_approved_request_and_retention_expiry	approved_provider_if_configured	configured_region;transfer_assessment_required_for_external_processor	Domain Engineering Lead
app	notification_preferences	product_updates_enabled	confidential_commercial	business_or_transaction	application_or_authorized_provider	operate_trade_credit_service	pending_legal_approval	tenant_scoped_application;authorized_operations	validated_application_command;authorized_worker	database_encryption;rls;access_audit	environment_retention_register_pending_legal_approval	delete_or_pseudonymize_after_approved_request_and_retention_expiry	approved_provider_if_configured	configured_region;transfer_assessment_required_for_external_processor	Domain Engineering Lead
app	notification_preferences	version	confidential_commercial	business_or_transaction	application_or_authorized_provider	operate_trade_credit_service	pending_legal_approval	tenant_scoped_application;authorized_operations	validated_application_command;authorized_worker	database_encryption;rls;access_audit	environment_retention_register_pending_legal_approval	delete_or_pseudonymize_after_approved_request_and_retention_expiry	approved_provider_if_configured	configured_region;transfer_assessment_required_for_external_processor	Domain Engineering Lead
app	notification_templates	id	confidential_commercial	business_or_transaction	application_or_authorized_provider	operate_trade_credit_service	pending_legal_approval	tenant_scoped_application;authorized_operations	validated_application_command;authorized_worker	database_encryption;rls;access_audit	environment_retention_register_pending_legal_approval	delete_or_pseudonymize_after_approved_request_and_retention_expiry	approved_provider_if_configured	configured_region;transfer_assessment_required_for_external_processor	Domain Engineering Lead
app	notification_templates	event_type	confidential_commercial	business_or_transaction	application_or_authorized_provider	operate_trade_credit_service	pending_legal_approval	tenant_scoped_application;authorized_operations	validated_application_command;authorized_worker	database_encryption;rls;access_audit	environment_retention_register_pending_legal_approval	delete_or_pseudonymize_after_approved_request_and_retention_expiry	approved_provider_if_configured	configured_region;transfer_assessment_required_for_external_processor	Domain Engineering Lead
app	notification_templates	channel	confidential_commercial	business_or_transaction	application_or_authorized_provider	operate_trade_credit_service	pending_legal_approval	tenant_scoped_application;authorized_operations	validated_application_command;authorized_worker	database_encryption;rls;access_audit	environment_retention_register_pending_legal_approval	delete_or_pseudonymize_after_approved_request_and_retention_expiry	approved_provider_if_configured	configured_region;transfer_assessment_required_for_external_processor	Domain Engineering Lead
app	notification_templates	version	confidential_commercial	business_or_transaction	application_or_authorized_provider	operate_trade_credit_service	pending_legal_approval	tenant_scoped_application;authorized_operations	validated_application_command;authorized_worker	database_encryption;rls;access_audit	environment_retention_register_pending_legal_approval	delete_or_pseudonymize_after_approved_request_and_retention_expiry	approved_provider_if_configured	configured_region;transfer_assessment_required_for_external_processor	Domain Engineering Lead
app	notification_templates	body	confidential_commercial	business_or_transaction	application_or_authorized_provider	operate_trade_credit_service	pending_legal_approval	tenant_scoped_application;authorized_operations	validated_application_command;authorized_worker	database_encryption;rls;access_audit	environment_retention_register_pending_legal_approval	delete_or_pseudonymize_after_approved_request_and_retention_expiry	approved_provider_if_configured	configured_region;transfer_assessment_required_for_external_processor	Domain Engineering Lead
app	notification_templates	active	confidential_commercial	business_or_transaction	application_or_authorized_provider	operate_trade_credit_service	pending_legal_approval	tenant_scoped_application;authorized_operations	validated_application_command;authorized_worker	database_encryption;rls;access_audit	environment_retention_register_pending_legal_approval	delete_or_pseudonymize_after_approved_request_and_retention_expiry	approved_provider_if_configured	configured_region;transfer_assessment_required_for_external_processor	Domain Engineering Lead
app	notification_templates	created_at	confidential_commercial	business_or_transaction	application_or_authorized_provider	operate_trade_credit_service	pending_legal_approval	tenant_scoped_application;authorized_operations	validated_application_command;authorized_worker	database_encryption;rls;access_audit	environment_retention_register_pending_legal_approval	delete_or_pseudonymize_after_approved_request_and_retention_expiry	approved_provider_if_configured	configured_region;transfer_assessment_required_for_external_processor	Domain Engineering Lead
app	notifications	id	confidential_commercial	business_or_transaction	application_or_authorized_provider	operate_trade_credit_service	pending_legal_approval	tenant_scoped_application;authorized_operations	validated_application_command;authorized_worker	database_encryption;rls;access_audit	environment_retention_register_pending_legal_approval	delete_or_pseudonymize_after_approved_request_and_retention_expiry	approved_provider_if_configured	configured_region;transfer_assessment_required_for_external_processor	Domain Engineering Lead
app	notifications	recipient_id	confidential_commercial	business_or_transaction	application_or_authorized_provider	operate_trade_credit_service	pending_legal_approval	tenant_scoped_application;authorized_operations	validated_application_command;authorized_worker	database_encryption;rls;access_audit	environment_retention_register_pending_legal_approval	delete_or_pseudonymize_after_approved_request_and_retention_expiry	approved_provider_if_configured	configured_region;transfer_assessment_required_for_external_processor	Domain Engineering Lead
app	notifications	channel	confidential_commercial	business_or_transaction	application_or_authorized_provider	operate_trade_credit_service	pending_legal_approval	tenant_scoped_application;authorized_operations	validated_application_command;authorized_worker	database_encryption;rls;access_audit	environment_retention_register_pending_legal_approval	delete_or_pseudonymize_after_approved_request_and_retention_expiry	approved_provider_if_configured	configured_region;transfer_assessment_required_for_external_processor	Domain Engineering Lead
app	notifications	template	confidential_commercial	business_or_transaction	application_or_authorized_provider	operate_trade_credit_service	pending_legal_approval	tenant_scoped_application;authorized_operations	validated_application_command;authorized_worker	database_encryption;rls;access_audit	environment_retention_register_pending_legal_approval	delete_or_pseudonymize_after_approved_request_and_retention_expiry	approved_provider_if_configured	configured_region;transfer_assessment_required_for_external_processor	Domain Engineering Lead
app	notifications	template_version	confidential_commercial	business_or_transaction	application_or_authorized_provider	operate_trade_credit_service	pending_legal_approval	tenant_scoped_application;authorized_operations	validated_application_command;authorized_worker	database_encryption;rls;access_audit	environment_retention_register_pending_legal_approval	delete_or_pseudonymize_after_approved_request_and_retention_expiry	approved_provider_if_configured	configured_region;transfer_assessment_required_for_external_processor	Domain Engineering Lead
app	notifications	event_reference	confidential_commercial	business_or_transaction	application_or_authorized_provider	operate_trade_credit_service	pending_legal_approval	tenant_scoped_application;authorized_operations	validated_application_command;authorized_worker	database_encryption;rls;access_audit	environment_retention_register_pending_legal_approval	delete_or_pseudonymize_after_approved_request_and_retention_expiry	approved_provider_if_configured	configured_region;transfer_assessment_required_for_external_processor	Domain Engineering Lead
app	notifications	state	confidential_commercial	business_or_transaction	application_or_authorized_provider	operate_trade_credit_service	pending_legal_approval	tenant_scoped_application;authorized_operations	validated_application_command;authorized_worker	database_encryption;rls;access_audit	environment_retention_register_pending_legal_approval	delete_or_pseudonymize_after_approved_request_and_retention_expiry	approved_provider_if_configured	configured_region;transfer_assessment_required_for_external_processor	Domain Engineering Lead
app	notifications	provider_message_id	confidential_commercial	business_or_transaction	application_or_authorized_provider	operate_trade_credit_service	pending_legal_approval	tenant_scoped_application;authorized_operations	validated_application_command;authorized_worker	database_encryption;rls;access_audit	environment_retention_register_pending_legal_approval	delete_or_pseudonymize_after_approved_request_and_retention_expiry	approved_provider_if_configured	configured_region;transfer_assessment_required_for_external_processor	Domain Engineering Lead
app	notifications	body	confidential_commercial	business_or_transaction	application_or_authorized_provider	operate_trade_credit_service	pending_legal_approval	tenant_scoped_application;authorized_operations	validated_application_command;authorized_worker	database_encryption;rls;access_audit	environment_retention_register_pending_legal_approval	delete_or_pseudonymize_after_approved_request_and_retention_expiry	approved_provider_if_configured	configured_region;transfer_assessment_required_for_external_processor	Domain Engineering Lead
app	notifications	scheduled_at	confidential_commercial	business_or_transaction	application_or_authorized_provider	operate_trade_credit_service	pending_legal_approval	tenant_scoped_application;authorized_operations	validated_application_command;authorized_worker	database_encryption;rls;access_audit	environment_retention_register_pending_legal_approval	delete_or_pseudonymize_after_approved_request_and_retention_expiry	approved_provider_if_configured	configured_region;transfer_assessment_required_for_external_processor	Domain Engineering Lead
app	notifications	sent_at	confidential_commercial	business_or_transaction	application_or_authorized_provider	operate_trade_credit_service	pending_legal_approval	tenant_scoped_application;authorized_operations	validated_application_command;authorized_worker	database_encryption;rls;access_audit	environment_retention_register_pending_legal_approval	delete_or_pseudonymize_after_approved_request_and_retention_expiry	approved_provider_if_configured	configured_region;transfer_assessment_required_for_external_processor	Domain Engineering Lead
app	notifications	delivered_at	confidential_commercial	business_or_transaction	application_or_authorized_provider	operate_trade_credit_service	pending_legal_approval	tenant_scoped_application;authorized_operations	validated_application_command;authorized_worker	database_encryption;rls;access_audit	environment_retention_register_pending_legal_approval	delete_or_pseudonymize_after_approved_request_and_retention_expiry	approved_provider_if_configured	configured_region;transfer_assessment_required_for_external_processor	Domain Engineering Lead
app	notifications	read_at	confidential_commercial	business_or_transaction	application_or_authorized_provider	operate_trade_credit_service	pending_legal_approval	tenant_scoped_application;authorized_operations	validated_application_command;authorized_worker	database_encryption;rls;access_audit	environment_retention_register_pending_legal_approval	delete_or_pseudonymize_after_approved_request_and_retention_expiry	approved_provider_if_configured	configured_region;transfer_assessment_required_for_external_processor	Domain Engineering Lead
app	notifications	failed_at	confidential_commercial	business_or_transaction	application_or_authorized_provider	operate_trade_credit_service	pending_legal_approval	tenant_scoped_application;authorized_operations	validated_application_command;authorized_worker	database_encryption;rls;access_audit	environment_retention_register_pending_legal_approval	delete_or_pseudonymize_after_approved_request_and_retention_expiry	approved_provider_if_configured	configured_region;transfer_assessment_required_for_external_processor	Domain Engineering Lead
app	notifications	failure_reason	confidential_commercial	business_or_transaction	application_or_authorized_provider	operate_trade_credit_service	pending_legal_approval	tenant_scoped_application;authorized_operations	validated_application_command;authorized_worker	database_encryption;rls;access_audit	environment_retention_register_pending_legal_approval	delete_or_pseudonymize_after_approved_request_and_retention_expiry	approved_provider_if_configured	configured_region;transfer_assessment_required_for_external_processor	Domain Engineering Lead
app	notifications	secure_link	confidential_commercial	business_or_transaction	application_or_authorized_provider	operate_trade_credit_service	pending_legal_approval	tenant_scoped_application;authorized_operations	validated_application_command;authorized_worker	database_encryption;rls;access_audit	environment_retention_register_pending_legal_approval	delete_or_pseudonymize_after_approved_request_and_retention_expiry	approved_provider_if_configured	configured_region;transfer_assessment_required_for_external_processor	Domain Engineering Lead
app	notifications	destination_ciphertext	restricted_authentication	business_or_transaction	application_or_authorized_provider	operate_trade_credit_service	pending_legal_approval	tenant_scoped_application;authorized_operations	validated_application_command;authorized_worker	encrypted_or_opaque_reference	environment_retention_register_pending_legal_approval	delete_or_pseudonymize_after_approved_request_and_retention_expiry	approved_provider_if_configured	configured_region;transfer_assessment_required_for_external_processor	Domain Engineering Lead
app	notifications	lease_expires_at	confidential_commercial	business_or_transaction	application_or_authorized_provider	operate_trade_credit_service	pending_legal_approval	tenant_scoped_application;authorized_operations	validated_application_command;authorized_worker	database_encryption;rls;access_audit	environment_retention_register_pending_legal_approval	delete_or_pseudonymize_after_approved_request_and_retention_expiry	approved_provider_if_configured	configured_region;transfer_assessment_required_for_external_processor	Domain Engineering Lead
app	notifications	updated_at	confidential_commercial	business_or_transaction	application_or_authorized_provider	operate_trade_credit_service	pending_legal_approval	tenant_scoped_application;authorized_operations	validated_application_command;authorized_worker	database_encryption;rls;access_audit	environment_retention_register_pending_legal_approval	delete_or_pseudonymize_after_approved_request_and_retention_expiry	approved_provider_if_configured	configured_region;transfer_assessment_required_for_external_processor	Domain Engineering Lead
app	notifications	delivery_attempts	confidential_commercial	business_or_transaction	application_or_authorized_provider	operate_trade_credit_service	pending_legal_approval	tenant_scoped_application;authorized_operations	validated_application_command;authorized_worker	database_encryption;rls;access_audit	environment_retention_register_pending_legal_approval	delete_or_pseudonymize_after_approved_request_and_retention_expiry	approved_provider_if_configured	configured_region;transfer_assessment_required_for_external_processor	Domain Engineering Lead
app	notifications	next_attempt_at	confidential_commercial	business_or_transaction	application_or_authorized_provider	operate_trade_credit_service	pending_legal_approval	tenant_scoped_application;authorized_operations	validated_application_command;authorized_worker	database_encryption;rls;access_audit	environment_retention_register_pending_legal_approval	delete_or_pseudonymize_after_approved_request_and_retention_expiry	approved_provider_if_configured	configured_region;transfer_assessment_required_for_external_processor	Domain Engineering Lead
app	notifications	supplier_organization_id	confidential_commercial	business_or_transaction	application_or_authorized_provider	operate_trade_credit_service	pending_legal_approval	tenant_scoped_application;authorized_operations	validated_application_command;authorized_worker	database_encryption;rls;access_audit	environment_retention_register_pending_legal_approval	delete_or_pseudonymize_after_approved_request_and_retention_expiry	approved_provider_if_configured	configured_region;transfer_assessment_required_for_external_processor	Domain Engineering Lead
app	notifications	priority	confidential_commercial	business_or_transaction	application_or_authorized_provider	operate_trade_credit_service	pending_legal_approval	tenant_scoped_application;authorized_operations	validated_application_command;authorized_worker	database_encryption;rls;access_audit	environment_retention_register_pending_legal_approval	delete_or_pseudonymize_after_approved_request_and_retention_expiry	approved_provider_if_configured	configured_region;transfer_assessment_required_for_external_processor	Domain Engineering Lead
app	obligations	id	confidential_commercial	business_or_transaction	application_or_authorized_provider	operate_trade_credit_service	pending_legal_approval	tenant_scoped_application;authorized_operations	validated_application_command;authorized_worker	database_encryption;rls;access_audit	environment_retention_register_pending_legal_approval	retain_under_financial_or_legal_hold;restrict_or_pseudonymize	kredit	configured_region;transfer_assessment_required_for_external_processor	Domain Engineering Lead
app	obligations	credit_request_id	confidential_commercial	business_or_transaction	application_or_authorized_provider	operate_trade_credit_service	pending_legal_approval	tenant_scoped_application;authorized_operations	validated_application_command;authorized_worker	database_encryption;rls;access_audit	environment_retention_register_pending_legal_approval	retain_under_financial_or_legal_hold;restrict_or_pseudonymize	kredit	configured_region;transfer_assessment_required_for_external_processor	Domain Engineering Lead
app	obligations	agreement_version_id	confidential_commercial	business_or_transaction	application_or_authorized_provider	operate_trade_credit_service	pending_legal_approval	tenant_scoped_application;authorized_operations	validated_application_command;authorized_worker	database_encryption;rls;access_audit	environment_retention_register_pending_legal_approval	retain_under_financial_or_legal_hold;restrict_or_pseudonymize	kredit	configured_region;transfer_assessment_required_for_external_processor	Domain Engineering Lead
app	obligations	supplier_organization_id	confidential_commercial	business_or_transaction	application_or_authorized_provider	operate_trade_credit_service	pending_legal_approval	tenant_scoped_application;authorized_operations	validated_application_command;authorized_worker	database_encryption;rls;access_audit	environment_retention_register_pending_legal_approval	retain_under_financial_or_legal_hold;restrict_or_pseudonymize	kredit	configured_region;transfer_assessment_required_for_external_processor	Domain Engineering Lead
app	obligations	buyer_business_id	confidential_commercial	business_or_transaction	application_or_authorized_provider	operate_trade_credit_service	pending_legal_approval	tenant_scoped_application;authorized_operations	validated_application_command;authorized_worker	database_encryption;rls;access_audit	environment_retention_register_pending_legal_approval	retain_under_financial_or_legal_hold;restrict_or_pseudonymize	kredit	configured_region;transfer_assessment_required_for_external_processor	Domain Engineering Lead
app	obligations	principal_kobo	restricted_financial	business_or_transaction	application_or_authorized_provider	operate_trade_credit_service	pending_legal_approval	tenant_scoped_application;authorized_operations	validated_application_command;authorized_worker	database_encryption;rls;access_audit	environment_retention_register_pending_legal_approval	retain_under_financial_or_legal_hold;restrict_or_pseudonymize	kredit	configured_region;transfer_assessment_required_for_external_processor	Domain Engineering Lead
app	obligations	currency	restricted_financial	business_or_transaction	application_or_authorized_provider	operate_trade_credit_service	pending_legal_approval	tenant_scoped_application;authorized_operations	validated_application_command;authorized_worker	database_encryption;rls;access_audit	environment_retention_register_pending_legal_approval	retain_under_financial_or_legal_hold;restrict_or_pseudonymize	kredit	configured_region;transfer_assessment_required_for_external_processor	Domain Engineering Lead
app	obligations	lifecycle_status	confidential_commercial	business_or_transaction	application_or_authorized_provider	operate_trade_credit_service	pending_legal_approval	tenant_scoped_application;authorized_operations	validated_application_command;authorized_worker	database_encryption;rls;access_audit	environment_retention_register_pending_legal_approval	retain_under_financial_or_legal_hold;restrict_or_pseudonymize	kredit	configured_region;transfer_assessment_required_for_external_processor	Domain Engineering Lead
app	obligations	payment_status	restricted_financial	business_or_transaction	application_or_authorized_provider	operate_trade_credit_service	pending_legal_approval	tenant_scoped_application;authorized_operations	validated_application_command;authorized_worker	database_encryption;rls;access_audit	environment_retention_register_pending_legal_approval	retain_under_financial_or_legal_hold;restrict_or_pseudonymize	kredit	configured_region;transfer_assessment_required_for_external_processor	Domain Engineering Lead
app	obligations	outstanding_kobo	restricted_financial	business_or_transaction	application_or_authorized_provider	operate_trade_credit_service	pending_legal_approval	tenant_scoped_application;authorized_operations	validated_application_command;authorized_worker	database_encryption;rls;access_audit	environment_retention_register_pending_legal_approval	retain_under_financial_or_legal_hold;restrict_or_pseudonymize	kredit	configured_region;transfer_assessment_required_for_external_processor	Domain Engineering Lead
app	obligations	base_fee_kobo	restricted_financial	business_or_transaction	application_or_authorized_provider	operate_trade_credit_service	pending_legal_approval	tenant_scoped_application;authorized_operations	validated_application_command;authorized_worker	database_encryption;rls;access_audit	environment_retention_register_pending_legal_approval	retain_under_financial_or_legal_hold;restrict_or_pseudonymize	kredit	configured_region;transfer_assessment_required_for_external_processor	Domain Engineering Lead
app	obligations	ledger_transaction_id	confidential_commercial	business_or_transaction	application_or_authorized_provider	operate_trade_credit_service	pending_legal_approval	tenant_scoped_application;authorized_operations	validated_application_command;authorized_worker	database_encryption;rls;access_audit	environment_retention_register_pending_legal_approval	retain_under_financial_or_legal_hold;restrict_or_pseudonymize	kredit	configured_region;transfer_assessment_required_for_external_processor	Domain Engineering Lead
app	obligations	activated_at	confidential_commercial	business_or_transaction	application_or_authorized_provider	operate_trade_credit_service	pending_legal_approval	tenant_scoped_application;authorized_operations	validated_application_command;authorized_worker	database_encryption;rls;access_audit	environment_retention_register_pending_legal_approval	retain_under_financial_or_legal_hold;restrict_or_pseudonymize	kredit	configured_region;transfer_assessment_required_for_external_processor	Domain Engineering Lead
app	operation_actions	id	confidential_commercial	business_or_transaction	application_or_authorized_provider	operate_trade_credit_service	pending_legal_approval	tenant_scoped_application;authorized_operations	validated_application_command;authorized_worker	database_encryption;rls;access_audit	environment_retention_register_pending_legal_approval	retain_under_financial_or_legal_hold;restrict_or_pseudonymize	kredit	configured_region;transfer_assessment_required_for_external_processor	Domain Engineering Lead
app	operation_actions	actor_user_id	restricted_identity	account_user	application_or_authorized_provider	operate_trade_credit_service	pending_legal_approval	tenant_scoped_application;authorized_operations	validated_application_command;authorized_worker	database_encryption;rls;access_audit	environment_retention_register_pending_legal_approval	retain_under_financial_or_legal_hold;restrict_or_pseudonymize	kredit	configured_region;transfer_assessment_required_for_external_processor	Domain Engineering Lead
app	operation_actions	organization_id	confidential_commercial	business_or_transaction	application_or_authorized_provider	operate_trade_credit_service	pending_legal_approval	tenant_scoped_application;authorized_operations	validated_application_command;authorized_worker	database_encryption;rls;access_audit	environment_retention_register_pending_legal_approval	retain_under_financial_or_legal_hold;restrict_or_pseudonymize	kredit	configured_region;transfer_assessment_required_for_external_processor	Domain Engineering Lead
app	operation_actions	action	confidential_commercial	business_or_transaction	application_or_authorized_provider	operate_trade_credit_service	pending_legal_approval	tenant_scoped_application;authorized_operations	validated_application_command;authorized_worker	database_encryption;rls;access_audit	environment_retention_register_pending_legal_approval	retain_under_financial_or_legal_hold;restrict_or_pseudonymize	kredit	configured_region;transfer_assessment_required_for_external_processor	Domain Engineering Lead
app	operation_actions	resource_type	confidential_commercial	business_or_transaction	application_or_authorized_provider	operate_trade_credit_service	pending_legal_approval	tenant_scoped_application;authorized_operations	validated_application_command;authorized_worker	database_encryption;rls;access_audit	environment_retention_register_pending_legal_approval	retain_under_financial_or_legal_hold;restrict_or_pseudonymize	kredit	configured_region;transfer_assessment_required_for_external_processor	Domain Engineering Lead
app	operation_actions	resource_id	confidential_commercial	business_or_transaction	application_or_authorized_provider	operate_trade_credit_service	pending_legal_approval	tenant_scoped_application;authorized_operations	validated_application_command;authorized_worker	database_encryption;rls;access_audit	environment_retention_register_pending_legal_approval	retain_under_financial_or_legal_hold;restrict_or_pseudonymize	kredit	configured_region;transfer_assessment_required_for_external_processor	Domain Engineering Lead
app	operation_actions	reason	confidential_commercial	business_or_transaction	application_or_authorized_provider	operate_trade_credit_service	pending_legal_approval	tenant_scoped_application;authorized_operations	validated_application_command;authorized_worker	database_encryption;rls;access_audit	environment_retention_register_pending_legal_approval	retain_under_financial_or_legal_hold;restrict_or_pseudonymize	kredit	configured_region;transfer_assessment_required_for_external_processor	Domain Engineering Lead
app	operation_actions	metadata	confidential_commercial	business_or_transaction	application_or_authorized_provider	operate_trade_credit_service	pending_legal_approval	tenant_scoped_application;authorized_operations	validated_application_command;authorized_worker	database_encryption;rls;access_audit	environment_retention_register_pending_legal_approval	retain_under_financial_or_legal_hold;restrict_or_pseudonymize	kredit	configured_region;transfer_assessment_required_for_external_processor	Domain Engineering Lead
app	operation_actions	created_at	confidential_commercial	business_or_transaction	application_or_authorized_provider	operate_trade_credit_service	pending_legal_approval	tenant_scoped_application;authorized_operations	validated_application_command;authorized_worker	database_encryption;rls;access_audit	environment_retention_register_pending_legal_approval	retain_under_financial_or_legal_hold;restrict_or_pseudonymize	kredit	configured_region;transfer_assessment_required_for_external_processor	Domain Engineering Lead
app	operations_command_events	id	confidential_commercial	business_or_transaction	application_or_authorized_provider	operate_trade_credit_service	pending_legal_approval	tenant_scoped_application;authorized_operations	validated_application_command;authorized_worker	database_encryption;rls;access_audit	environment_retention_register_pending_legal_approval	retain_under_financial_or_legal_hold;restrict_or_pseudonymize	kredit	configured_region;transfer_assessment_required_for_external_processor	Domain Engineering Lead
app	operations_command_events	command_id	confidential_commercial	business_or_transaction	application_or_authorized_provider	operate_trade_credit_service	pending_legal_approval	tenant_scoped_application;authorized_operations	validated_application_command;authorized_worker	database_encryption;rls;access_audit	environment_retention_register_pending_legal_approval	retain_under_financial_or_legal_hold;restrict_or_pseudonymize	kredit	configured_region;transfer_assessment_required_for_external_processor	Domain Engineering Lead
app	operations_command_events	state	confidential_commercial	business_or_transaction	application_or_authorized_provider	operate_trade_credit_service	pending_legal_approval	tenant_scoped_application;authorized_operations	validated_application_command;authorized_worker	database_encryption;rls;access_audit	environment_retention_register_pending_legal_approval	retain_under_financial_or_legal_hold;restrict_or_pseudonymize	kredit	configured_region;transfer_assessment_required_for_external_processor	Domain Engineering Lead
app	operations_command_events	result	confidential_commercial	business_or_transaction	application_or_authorized_provider	operate_trade_credit_service	pending_legal_approval	tenant_scoped_application;authorized_operations	validated_application_command;authorized_worker	database_encryption;rls;access_audit	environment_retention_register_pending_legal_approval	retain_under_financial_or_legal_hold;restrict_or_pseudonymize	kredit	configured_region;transfer_assessment_required_for_external_processor	Domain Engineering Lead
app	operations_command_events	occurred_at	confidential_commercial	business_or_transaction	application_or_authorized_provider	operate_trade_credit_service	pending_legal_approval	tenant_scoped_application;authorized_operations	validated_application_command;authorized_worker	database_encryption;rls;access_audit	environment_retention_register_pending_legal_approval	retain_under_financial_or_legal_hold;restrict_or_pseudonymize	kredit	configured_region;transfer_assessment_required_for_external_processor	Domain Engineering Lead
app	operations_commands	id	confidential_commercial	business_or_transaction	application_or_authorized_provider	operate_trade_credit_service	pending_legal_approval	tenant_scoped_application;authorized_operations	validated_application_command;authorized_worker	database_encryption;rls;access_audit	environment_retention_register_pending_legal_approval	retain_under_financial_or_legal_hold;restrict_or_pseudonymize	kredit	configured_region;transfer_assessment_required_for_external_processor	Domain Engineering Lead
app	operations_commands	command_type	confidential_commercial	business_or_transaction	application_or_authorized_provider	operate_trade_credit_service	pending_legal_approval	tenant_scoped_application;authorized_operations	validated_application_command;authorized_worker	database_encryption;rls;access_audit	environment_retention_register_pending_legal_approval	retain_under_financial_or_legal_hold;restrict_or_pseudonymize	kredit	configured_region;transfer_assessment_required_for_external_processor	Domain Engineering Lead
app	operations_commands	target_type	confidential_commercial	business_or_transaction	application_or_authorized_provider	operate_trade_credit_service	pending_legal_approval	tenant_scoped_application;authorized_operations	validated_application_command;authorized_worker	database_encryption;rls;access_audit	environment_retention_register_pending_legal_approval	retain_under_financial_or_legal_hold;restrict_or_pseudonymize	kredit	configured_region;transfer_assessment_required_for_external_processor	Domain Engineering Lead
app	operations_commands	target_id	confidential_commercial	business_or_transaction	application_or_authorized_provider	operate_trade_credit_service	pending_legal_approval	tenant_scoped_application;authorized_operations	validated_application_command;authorized_worker	database_encryption;rls;access_audit	environment_retention_register_pending_legal_approval	retain_under_financial_or_legal_hold;restrict_or_pseudonymize	kredit	configured_region;transfer_assessment_required_for_external_processor	Domain Engineering Lead
app	operations_commands	organization_id	confidential_commercial	business_or_transaction	application_or_authorized_provider	operate_trade_credit_service	pending_legal_approval	tenant_scoped_application;authorized_operations	validated_application_command;authorized_worker	database_encryption;rls;access_audit	environment_retention_register_pending_legal_approval	retain_under_financial_or_legal_hold;restrict_or_pseudonymize	kredit	configured_region;transfer_assessment_required_for_external_processor	Domain Engineering Lead
app	operations_commands	requested_by	confidential_commercial	business_or_transaction	application_or_authorized_provider	operate_trade_credit_service	pending_legal_approval	tenant_scoped_application;authorized_operations	validated_application_command;authorized_worker	database_encryption;rls;access_audit	environment_retention_register_pending_legal_approval	retain_under_financial_or_legal_hold;restrict_or_pseudonymize	kredit	configured_region;transfer_assessment_required_for_external_processor	Domain Engineering Lead
app	operations_commands	reason	confidential_commercial	business_or_transaction	application_or_authorized_provider	operate_trade_credit_service	pending_legal_approval	tenant_scoped_application;authorized_operations	validated_application_command;authorized_worker	database_encryption;rls;access_audit	environment_retention_register_pending_legal_approval	retain_under_financial_or_legal_hold;restrict_or_pseudonymize	kredit	configured_region;transfer_assessment_required_for_external_processor	Domain Engineering Lead
app	operations_commands	expected_version	confidential_commercial	business_or_transaction	application_or_authorized_provider	operate_trade_credit_service	pending_legal_approval	tenant_scoped_application;authorized_operations	validated_application_command;authorized_worker	database_encryption;rls;access_audit	environment_retention_register_pending_legal_approval	retain_under_financial_or_legal_hold;restrict_or_pseudonymize	kredit	configured_region;transfer_assessment_required_for_external_processor	Domain Engineering Lead
app	operations_commands	idempotency_key	confidential_commercial	business_or_transaction	application_or_authorized_provider	operate_trade_credit_service	pending_legal_approval	tenant_scoped_application;authorized_operations	validated_application_command;authorized_worker	database_encryption;rls;access_audit	environment_retention_register_pending_legal_approval	retain_under_financial_or_legal_hold;restrict_or_pseudonymize	kredit	configured_region;transfer_assessment_required_for_external_processor	Domain Engineering Lead
app	operations_commands	impact_preview	confidential_commercial	business_or_transaction	application_or_authorized_provider	operate_trade_credit_service	pending_legal_approval	tenant_scoped_application;authorized_operations	validated_application_command;authorized_worker	database_encryption;rls;access_audit	environment_retention_register_pending_legal_approval	retain_under_financial_or_legal_hold;restrict_or_pseudonymize	kredit	configured_region;transfer_assessment_required_for_external_processor	Domain Engineering Lead
app	operations_commands	correlation_id	confidential_commercial	business_or_transaction	application_or_authorized_provider	operate_trade_credit_service	pending_legal_approval	tenant_scoped_application;authorized_operations	validated_application_command;authorized_worker	database_encryption;rls;access_audit	environment_retention_register_pending_legal_approval	retain_under_financial_or_legal_hold;restrict_or_pseudonymize	kredit	configured_region;transfer_assessment_required_for_external_processor	Domain Engineering Lead
app	operations_commands	created_at	confidential_commercial	business_or_transaction	application_or_authorized_provider	operate_trade_credit_service	pending_legal_approval	tenant_scoped_application;authorized_operations	validated_application_command;authorized_worker	database_encryption;rls;access_audit	environment_retention_register_pending_legal_approval	retain_under_financial_or_legal_hold;restrict_or_pseudonymize	kredit	configured_region;transfer_assessment_required_for_external_processor	Domain Engineering Lead
app	operations_commands	request_hash	restricted_authentication	business_or_transaction	application_or_authorized_provider	operate_trade_credit_service	pending_legal_approval	tenant_scoped_application;authorized_operations	validated_application_command;authorized_worker	one_way_hmac_or_hash	environment_retention_register_pending_legal_approval	retain_under_financial_or_legal_hold;restrict_or_pseudonymize	kredit	configured_region;transfer_assessment_required_for_external_processor	Domain Engineering Lead
app	organization_invitations	id	confidential_commercial	business_or_transaction	application_or_authorized_provider	operate_trade_credit_service	pending_legal_approval	tenant_scoped_application;authorized_operations	validated_application_command;authorized_worker	database_encryption;rls;access_audit	environment_retention_register_pending_legal_approval	delete_or_pseudonymize_after_approved_request_and_retention_expiry	kredit	configured_region;transfer_assessment_required_for_external_processor	Domain Engineering Lead
app	organization_invitations	organization_id	confidential_commercial	business_or_transaction	application_or_authorized_provider	operate_trade_credit_service	pending_legal_approval	tenant_scoped_application;authorized_operations	validated_application_command;authorized_worker	database_encryption;rls;access_audit	environment_retention_register_pending_legal_approval	delete_or_pseudonymize_after_approved_request_and_retention_expiry	kredit	configured_region;transfer_assessment_required_for_external_processor	Domain Engineering Lead
app	organization_invitations	target_type	confidential_commercial	business_or_transaction	application_or_authorized_provider	operate_trade_credit_service	pending_legal_approval	tenant_scoped_application;authorized_operations	validated_application_command;authorized_worker	database_encryption;rls;access_audit	environment_retention_register_pending_legal_approval	delete_or_pseudonymize_after_approved_request_and_retention_expiry	kredit	configured_region;transfer_assessment_required_for_external_processor	Domain Engineering Lead
app	organization_invitations	target_hash	restricted_authentication	business_or_transaction	application_or_authorized_provider	operate_trade_credit_service	pending_legal_approval	tenant_scoped_application;authorized_operations	validated_application_command;authorized_worker	one_way_hmac_or_hash	environment_retention_register_pending_legal_approval	delete_or_pseudonymize_after_approved_request_and_retention_expiry	kredit	configured_region;transfer_assessment_required_for_external_processor	Domain Engineering Lead
app	organization_invitations	role	confidential_commercial	business_or_transaction	application_or_authorized_provider	operate_trade_credit_service	pending_legal_approval	tenant_scoped_application;authorized_operations	validated_application_command;authorized_worker	database_encryption;rls;access_audit	environment_retention_register_pending_legal_approval	delete_or_pseudonymize_after_approved_request_and_retention_expiry	kredit	configured_region;transfer_assessment_required_for_external_processor	Domain Engineering Lead
app	organization_invitations	status	confidential_commercial	business_or_transaction	application_or_authorized_provider	operate_trade_credit_service	pending_legal_approval	tenant_scoped_application;authorized_operations	validated_application_command;authorized_worker	database_encryption;rls;access_audit	environment_retention_register_pending_legal_approval	delete_or_pseudonymize_after_approved_request_and_retention_expiry	kredit	configured_region;transfer_assessment_required_for_external_processor	Domain Engineering Lead
app	organization_invitations	invited_by	confidential_commercial	business_or_transaction	application_or_authorized_provider	operate_trade_credit_service	pending_legal_approval	tenant_scoped_application;authorized_operations	validated_application_command;authorized_worker	database_encryption;rls;access_audit	environment_retention_register_pending_legal_approval	delete_or_pseudonymize_after_approved_request_and_retention_expiry	kredit	configured_region;transfer_assessment_required_for_external_processor	Domain Engineering Lead
app	organization_invitations	created_at	confidential_commercial	business_or_transaction	application_or_authorized_provider	operate_trade_credit_service	pending_legal_approval	tenant_scoped_application;authorized_operations	validated_application_command;authorized_worker	database_encryption;rls;access_audit	environment_retention_register_pending_legal_approval	delete_or_pseudonymize_after_approved_request_and_retention_expiry	kredit	configured_region;transfer_assessment_required_for_external_processor	Domain Engineering Lead
app	organization_invitations	expires_at	confidential_commercial	business_or_transaction	application_or_authorized_provider	operate_trade_credit_service	pending_legal_approval	tenant_scoped_application;authorized_operations	validated_application_command;authorized_worker	database_encryption;rls;access_audit	environment_retention_register_pending_legal_approval	delete_or_pseudonymize_after_approved_request_and_retention_expiry	kredit	configured_region;transfer_assessment_required_for_external_processor	Domain Engineering Lead
app	organization_invitations	accepted_at	confidential_commercial	business_or_transaction	application_or_authorized_provider	operate_trade_credit_service	pending_legal_approval	tenant_scoped_application;authorized_operations	validated_application_command;authorized_worker	database_encryption;rls;access_audit	environment_retention_register_pending_legal_approval	delete_or_pseudonymize_after_approved_request_and_retention_expiry	kredit	configured_region;transfer_assessment_required_for_external_processor	Domain Engineering Lead
app	organizations	id	confidential_commercial	business_or_transaction	application_or_authorized_provider	operate_trade_credit_service	pending_legal_approval	tenant_scoped_application;authorized_operations	validated_application_command;authorized_worker	database_encryption;rls;access_audit	environment_retention_register_pending_legal_approval	delete_or_pseudonymize_after_approved_request_and_retention_expiry	kredit	configured_region;transfer_assessment_required_for_external_processor	Domain Engineering Lead
app	organizations	legal_name	restricted_identity	business_or_transaction	application_or_authorized_provider	operate_trade_credit_service	pending_legal_approval	tenant_scoped_application;authorized_operations	validated_application_command;authorized_worker	database_encryption;rls;access_audit	environment_retention_register_pending_legal_approval	delete_or_pseudonymize_after_approved_request_and_retention_expiry	kredit	configured_region;transfer_assessment_required_for_external_processor	Domain Engineering Lead
app	organizations	trading_name	restricted_identity	business_or_transaction	application_or_authorized_provider	operate_trade_credit_service	pending_legal_approval	tenant_scoped_application;authorized_operations	validated_application_command;authorized_worker	database_encryption;rls;access_audit	environment_retention_register_pending_legal_approval	delete_or_pseudonymize_after_approved_request_and_retention_expiry	kredit	configured_region;transfer_assessment_required_for_external_processor	Domain Engineering Lead
app	organizations	business_type	confidential_commercial	business_or_transaction	application_or_authorized_provider	operate_trade_credit_service	pending_legal_approval	tenant_scoped_application;authorized_operations	validated_application_command;authorized_worker	database_encryption;rls;access_audit	environment_retention_register_pending_legal_approval	delete_or_pseudonymize_after_approved_request_and_retention_expiry	kredit	configured_region;transfer_assessment_required_for_external_processor	Domain Engineering Lead
app	organizations	registration_info	confidential_commercial	business_or_transaction	application_or_authorized_provider	operate_trade_credit_service	pending_legal_approval	tenant_scoped_application;authorized_operations	validated_application_command;authorized_worker	database_encryption;rls;access_audit	environment_retention_register_pending_legal_approval	delete_or_pseudonymize_after_approved_request_and_retention_expiry	kredit	configured_region;transfer_assessment_required_for_external_processor	Domain Engineering Lead
app	organizations	business_address	restricted_identity	business_or_transaction	application_or_authorized_provider	operate_trade_credit_service	pending_legal_approval	tenant_scoped_application;authorized_operations	validated_application_command;authorized_worker	database_encryption;rls;access_audit	environment_retention_register_pending_legal_approval	delete_or_pseudonymize_after_approved_request_and_retention_expiry	kredit	configured_region;transfer_assessment_required_for_external_processor	Domain Engineering Lead
app	organizations	industry	confidential_commercial	business_or_transaction	application_or_authorized_provider	operate_trade_credit_service	pending_legal_approval	tenant_scoped_application;authorized_operations	validated_application_command;authorized_worker	database_encryption;rls;access_audit	environment_retention_register_pending_legal_approval	delete_or_pseudonymize_after_approved_request_and_retention_expiry	kredit	configured_region;transfer_assessment_required_for_external_processor	Domain Engineering Lead
app	organizations	status	confidential_commercial	business_or_transaction	application_or_authorized_provider	operate_trade_credit_service	pending_legal_approval	tenant_scoped_application;authorized_operations	validated_application_command;authorized_worker	database_encryption;rls;access_audit	environment_retention_register_pending_legal_approval	delete_or_pseudonymize_after_approved_request_and_retention_expiry	kredit	configured_region;transfer_assessment_required_for_external_processor	Domain Engineering Lead
app	organizations	default_timezone	confidential_commercial	business_or_transaction	application_or_authorized_provider	operate_trade_credit_service	pending_legal_approval	tenant_scoped_application;authorized_operations	validated_application_command;authorized_worker	database_encryption;rls;access_audit	environment_retention_register_pending_legal_approval	delete_or_pseudonymize_after_approved_request_and_retention_expiry	kredit	configured_region;transfer_assessment_required_for_external_processor	Domain Engineering Lead
app	organizations	default_currency	restricted_financial	business_or_transaction	application_or_authorized_provider	operate_trade_credit_service	pending_legal_approval	tenant_scoped_application;authorized_operations	validated_application_command;authorized_worker	database_encryption;rls;access_audit	environment_retention_register_pending_legal_approval	delete_or_pseudonymize_after_approved_request_and_retention_expiry	kredit	configured_region;transfer_assessment_required_for_external_processor	Domain Engineering Lead
app	organizations	created_at	confidential_commercial	business_or_transaction	application_or_authorized_provider	operate_trade_credit_service	pending_legal_approval	tenant_scoped_application;authorized_operations	validated_application_command;authorized_worker	database_encryption;rls;access_audit	environment_retention_register_pending_legal_approval	delete_or_pseudonymize_after_approved_request_and_retention_expiry	kredit	configured_region;transfer_assessment_required_for_external_processor	Domain Engineering Lead
app	organizations	updated_at	confidential_commercial	business_or_transaction	application_or_authorized_provider	operate_trade_credit_service	pending_legal_approval	tenant_scoped_application;authorized_operations	validated_application_command;authorized_worker	database_encryption;rls;access_audit	environment_retention_register_pending_legal_approval	delete_or_pseudonymize_after_approved_request_and_retention_expiry	kredit	configured_region;transfer_assessment_required_for_external_processor	Domain Engineering Lead
app	organizations	version	confidential_commercial	business_or_transaction	application_or_authorized_provider	operate_trade_credit_service	pending_legal_approval	tenant_scoped_application;authorized_operations	validated_application_command;authorized_worker	database_encryption;rls;access_audit	environment_retention_register_pending_legal_approval	delete_or_pseudonymize_after_approved_request_and_retention_expiry	kredit	configured_region;transfer_assessment_required_for_external_processor	Domain Engineering Lead
app	otp_challenges	id	confidential_commercial	business_or_transaction	application_or_authorized_provider	account_security	pending_legal_approval	tenant_scoped_application;authorized_operations	validated_application_command;authorized_worker	database_encryption;rls;access_audit	environment_retention_register_pending_legal_approval	delete_or_pseudonymize_after_approved_request_and_retention_expiry	kredit	configured_region;transfer_assessment_required_for_external_processor	Security Engineering Lead
app	otp_challenges	target_type	confidential_commercial	business_or_transaction	application_or_authorized_provider	account_security	pending_legal_approval	tenant_scoped_application;authorized_operations	validated_application_command;authorized_worker	database_encryption;rls;access_audit	environment_retention_register_pending_legal_approval	delete_or_pseudonymize_after_approved_request_and_retention_expiry	kredit	configured_region;transfer_assessment_required_for_external_processor	Security Engineering Lead
app	otp_challenges	target_hash	restricted_authentication	business_or_transaction	application_or_authorized_provider	account_security	pending_legal_approval	tenant_scoped_application;authorized_operations	validated_application_command;authorized_worker	one_way_hmac_or_hash	environment_retention_register_pending_legal_approval	delete_or_pseudonymize_after_approved_request_and_retention_expiry	kredit	configured_region;transfer_assessment_required_for_external_processor	Security Engineering Lead
app	otp_challenges	purpose	confidential_commercial	business_or_transaction	application_or_authorized_provider	account_security	pending_legal_approval	tenant_scoped_application;authorized_operations	validated_application_command;authorized_worker	database_encryption;rls;access_audit	environment_retention_register_pending_legal_approval	delete_or_pseudonymize_after_approved_request_and_retention_expiry	kredit	configured_region;transfer_assessment_required_for_external_processor	Security Engineering Lead
app	otp_challenges	code_hmac	confidential_commercial	business_or_transaction	application_or_authorized_provider	account_security	pending_legal_approval	tenant_scoped_application;authorized_operations	validated_application_command;authorized_worker	one_way_hmac_or_hash	environment_retention_register_pending_legal_approval	delete_or_pseudonymize_after_approved_request_and_retention_expiry	kredit	configured_region;transfer_assessment_required_for_external_processor	Security Engineering Lead
app	otp_challenges	attempt_count	confidential_commercial	business_or_transaction	application_or_authorized_provider	account_security	pending_legal_approval	tenant_scoped_application;authorized_operations	validated_application_command;authorized_worker	database_encryption;rls;access_audit	environment_retention_register_pending_legal_approval	delete_or_pseudonymize_after_approved_request_and_retention_expiry	kredit	configured_region;transfer_assessment_required_for_external_processor	Security Engineering Lead
app	otp_challenges	risk_metadata	confidential_commercial	business_or_transaction	application_or_authorized_provider	account_security	pending_legal_approval	tenant_scoped_application;authorized_operations	validated_application_command;authorized_worker	database_encryption;rls;access_audit	environment_retention_register_pending_legal_approval	delete_or_pseudonymize_after_approved_request_and_retention_expiry	kredit	configured_region;transfer_assessment_required_for_external_processor	Security Engineering Lead
app	otp_challenges	created_at	confidential_commercial	business_or_transaction	application_or_authorized_provider	account_security	pending_legal_approval	tenant_scoped_application;authorized_operations	validated_application_command;authorized_worker	database_encryption;rls;access_audit	environment_retention_register_pending_legal_approval	delete_or_pseudonymize_after_approved_request_and_retention_expiry	kredit	configured_region;transfer_assessment_required_for_external_processor	Security Engineering Lead
app	otp_challenges	last_sent_at	confidential_commercial	business_or_transaction	application_or_authorized_provider	account_security	pending_legal_approval	tenant_scoped_application;authorized_operations	validated_application_command;authorized_worker	database_encryption;rls;access_audit	environment_retention_register_pending_legal_approval	delete_or_pseudonymize_after_approved_request_and_retention_expiry	kredit	configured_region;transfer_assessment_required_for_external_processor	Security Engineering Lead
app	otp_challenges	expires_at	confidential_commercial	business_or_transaction	application_or_authorized_provider	account_security	pending_legal_approval	tenant_scoped_application;authorized_operations	validated_application_command;authorized_worker	database_encryption;rls;access_audit	environment_retention_register_pending_legal_approval	delete_or_pseudonymize_after_approved_request_and_retention_expiry	kredit	configured_region;transfer_assessment_required_for_external_processor	Security Engineering Lead
app	otp_challenges	consumed_at	confidential_commercial	business_or_transaction	application_or_authorized_provider	account_security	pending_legal_approval	tenant_scoped_application;authorized_operations	validated_application_command;authorized_worker	database_encryption;rls;access_audit	environment_retention_register_pending_legal_approval	delete_or_pseudonymize_after_approved_request_and_retention_expiry	kredit	configured_region;transfer_assessment_required_for_external_processor	Security Engineering Lead
app	otp_challenges	target_ciphertext	restricted_authentication	business_or_transaction	application_or_authorized_provider	account_security	pending_legal_approval	tenant_scoped_application;authorized_operations	validated_application_command;authorized_worker	encrypted_or_opaque_reference	environment_retention_register_pending_legal_approval	delete_or_pseudonymize_after_approved_request_and_retention_expiry	kredit	configured_region;transfer_assessment_required_for_external_processor	Security Engineering Lead
app	outbox_events	id	confidential_commercial	business_or_transaction	application_or_authorized_provider	operate_trade_credit_service	pending_legal_approval	tenant_scoped_application;authorized_operations	validated_application_command;authorized_worker	database_encryption;rls;access_audit	environment_retention_register_pending_legal_approval	delete_or_pseudonymize_after_approved_request_and_retention_expiry	kredit	configured_region;transfer_assessment_required_for_external_processor	Domain Engineering Lead
app	outbox_events	aggregate_type	confidential_commercial	business_or_transaction	application_or_authorized_provider	operate_trade_credit_service	pending_legal_approval	tenant_scoped_application;authorized_operations	validated_application_command;authorized_worker	database_encryption;rls;access_audit	environment_retention_register_pending_legal_approval	delete_or_pseudonymize_after_approved_request_and_retention_expiry	kredit	configured_region;transfer_assessment_required_for_external_processor	Domain Engineering Lead
app	outbox_events	aggregate_id	confidential_commercial	business_or_transaction	application_or_authorized_provider	operate_trade_credit_service	pending_legal_approval	tenant_scoped_application;authorized_operations	validated_application_command;authorized_worker	database_encryption;rls;access_audit	environment_retention_register_pending_legal_approval	delete_or_pseudonymize_after_approved_request_and_retention_expiry	kredit	configured_region;transfer_assessment_required_for_external_processor	Domain Engineering Lead
app	outbox_events	event_type	confidential_commercial	business_or_transaction	application_or_authorized_provider	operate_trade_credit_service	pending_legal_approval	tenant_scoped_application;authorized_operations	validated_application_command;authorized_worker	database_encryption;rls;access_audit	environment_retention_register_pending_legal_approval	delete_or_pseudonymize_after_approved_request_and_retention_expiry	kredit	configured_region;transfer_assessment_required_for_external_processor	Domain Engineering Lead
app	outbox_events	payload	confidential_commercial	business_or_transaction	application_or_authorized_provider	operate_trade_credit_service	pending_legal_approval	tenant_scoped_application;authorized_operations	validated_application_command;authorized_worker	database_encryption;rls;access_audit	environment_retention_register_pending_legal_approval	delete_or_pseudonymize_after_approved_request_and_retention_expiry	kredit	configured_region;transfer_assessment_required_for_external_processor	Domain Engineering Lead
app	outbox_events	idempotency_key	confidential_commercial	business_or_transaction	application_or_authorized_provider	operate_trade_credit_service	pending_legal_approval	tenant_scoped_application;authorized_operations	validated_application_command;authorized_worker	database_encryption;rls;access_audit	environment_retention_register_pending_legal_approval	delete_or_pseudonymize_after_approved_request_and_retention_expiry	kredit	configured_region;transfer_assessment_required_for_external_processor	Domain Engineering Lead
app	outbox_events	state	confidential_commercial	business_or_transaction	application_or_authorized_provider	operate_trade_credit_service	pending_legal_approval	tenant_scoped_application;authorized_operations	validated_application_command;authorized_worker	database_encryption;rls;access_audit	environment_retention_register_pending_legal_approval	delete_or_pseudonymize_after_approved_request_and_retention_expiry	kredit	configured_region;transfer_assessment_required_for_external_processor	Domain Engineering Lead
app	outbox_events	attempts	confidential_commercial	business_or_transaction	application_or_authorized_provider	operate_trade_credit_service	pending_legal_approval	tenant_scoped_application;authorized_operations	validated_application_command;authorized_worker	database_encryption;rls;access_audit	environment_retention_register_pending_legal_approval	delete_or_pseudonymize_after_approved_request_and_retention_expiry	kredit	configured_region;transfer_assessment_required_for_external_processor	Domain Engineering Lead
app	outbox_events	available_at	confidential_commercial	business_or_transaction	application_or_authorized_provider	operate_trade_credit_service	pending_legal_approval	tenant_scoped_application;authorized_operations	validated_application_command;authorized_worker	database_encryption;rls;access_audit	environment_retention_register_pending_legal_approval	delete_or_pseudonymize_after_approved_request_and_retention_expiry	kredit	configured_region;transfer_assessment_required_for_external_processor	Domain Engineering Lead
app	outbox_events	last_error	confidential_commercial	business_or_transaction	application_or_authorized_provider	operate_trade_credit_service	pending_legal_approval	tenant_scoped_application;authorized_operations	validated_application_command;authorized_worker	database_encryption;rls;access_audit	environment_retention_register_pending_legal_approval	delete_or_pseudonymize_after_approved_request_and_retention_expiry	kredit	configured_region;transfer_assessment_required_for_external_processor	Domain Engineering Lead
app	outbox_events	created_at	confidential_commercial	business_or_transaction	application_or_authorized_provider	operate_trade_credit_service	pending_legal_approval	tenant_scoped_application;authorized_operations	validated_application_command;authorized_worker	database_encryption;rls;access_audit	environment_retention_register_pending_legal_approval	delete_or_pseudonymize_after_approved_request_and_retention_expiry	kredit	configured_region;transfer_assessment_required_for_external_processor	Domain Engineering Lead
app	outbox_events	published_at	confidential_commercial	business_or_transaction	application_or_authorized_provider	operate_trade_credit_service	pending_legal_approval	tenant_scoped_application;authorized_operations	validated_application_command;authorized_worker	database_encryption;rls;access_audit	environment_retention_register_pending_legal_approval	delete_or_pseudonymize_after_approved_request_and_retention_expiry	kredit	configured_region;transfer_assessment_required_for_external_processor	Domain Engineering Lead
app	outbox_events	processing_started_at	confidential_commercial	business_or_transaction	application_or_authorized_provider	operate_trade_credit_service	pending_legal_approval	tenant_scoped_application;authorized_operations	validated_application_command;authorized_worker	database_encryption;rls;access_audit	environment_retention_register_pending_legal_approval	delete_or_pseudonymize_after_approved_request_and_retention_expiry	kredit	configured_region;transfer_assessment_required_for_external_processor	Domain Engineering Lead
app	payment_allocations	id	confidential_commercial	business_or_transaction	application_or_authorized_provider	operate_trade_credit_service	pending_legal_approval	tenant_scoped_application;authorized_operations	validated_application_command;authorized_worker	database_encryption;rls;access_audit	environment_retention_register_pending_legal_approval	retain_under_financial_or_legal_hold;restrict_or_pseudonymize	kredit	configured_region;transfer_assessment_required_for_external_processor	Domain Engineering Lead
app	payment_allocations	payment_id	restricted_financial	business_or_transaction	application_or_authorized_provider	operate_trade_credit_service	pending_legal_approval	tenant_scoped_application;authorized_operations	validated_application_command;authorized_worker	database_encryption;rls;access_audit	environment_retention_register_pending_legal_approval	retain_under_financial_or_legal_hold;restrict_or_pseudonymize	kredit	configured_region;transfer_assessment_required_for_external_processor	Domain Engineering Lead
app	payment_allocations	obligation_id	confidential_commercial	business_or_transaction	application_or_authorized_provider	operate_trade_credit_service	pending_legal_approval	tenant_scoped_application;authorized_operations	validated_application_command;authorized_worker	database_encryption;rls;access_audit	environment_retention_register_pending_legal_approval	retain_under_financial_or_legal_hold;restrict_or_pseudonymize	kredit	configured_region;transfer_assessment_required_for_external_processor	Domain Engineering Lead
app	payment_allocations	amount_kobo	restricted_financial	business_or_transaction	application_or_authorized_provider	operate_trade_credit_service	pending_legal_approval	tenant_scoped_application;authorized_operations	validated_application_command;authorized_worker	database_encryption;rls;access_audit	environment_retention_register_pending_legal_approval	retain_under_financial_or_legal_hold;restrict_or_pseudonymize	kredit	configured_region;transfer_assessment_required_for_external_processor	Domain Engineering Lead
app	payment_allocations	allocation_order	confidential_commercial	business_or_transaction	application_or_authorized_provider	operate_trade_credit_service	pending_legal_approval	tenant_scoped_application;authorized_operations	validated_application_command;authorized_worker	database_encryption;rls;access_audit	environment_retention_register_pending_legal_approval	retain_under_financial_or_legal_hold;restrict_or_pseudonymize	kredit	configured_region;transfer_assessment_required_for_external_processor	Domain Engineering Lead
app	payment_allocations	created_at	confidential_commercial	business_or_transaction	application_or_authorized_provider	operate_trade_credit_service	pending_legal_approval	tenant_scoped_application;authorized_operations	validated_application_command;authorized_worker	database_encryption;rls;access_audit	environment_retention_register_pending_legal_approval	retain_under_financial_or_legal_hold;restrict_or_pseudonymize	kredit	configured_region;transfer_assessment_required_for_external_processor	Domain Engineering Lead
app	payment_allocations	schedule_item_id	confidential_commercial	business_or_transaction	application_or_authorized_provider	operate_trade_credit_service	pending_legal_approval	tenant_scoped_application;authorized_operations	validated_application_command;authorized_worker	database_encryption;rls;access_audit	environment_retention_register_pending_legal_approval	retain_under_financial_or_legal_hold;restrict_or_pseudonymize	kredit	configured_region;transfer_assessment_required_for_external_processor	Domain Engineering Lead
app	payment_claims	id	confidential_commercial	business_or_transaction	application_or_authorized_provider	operate_trade_credit_service	pending_legal_approval	tenant_scoped_application;authorized_operations	validated_application_command;authorized_worker	database_encryption;rls;access_audit	environment_retention_register_pending_legal_approval	retain_under_financial_or_legal_hold;restrict_or_pseudonymize	kredit	configured_region;transfer_assessment_required_for_external_processor	Domain Engineering Lead
app	payment_claims	obligation_id	confidential_commercial	business_or_transaction	application_or_authorized_provider	operate_trade_credit_service	pending_legal_approval	tenant_scoped_application;authorized_operations	validated_application_command;authorized_worker	database_encryption;rls;access_audit	environment_retention_register_pending_legal_approval	retain_under_financial_or_legal_hold;restrict_or_pseudonymize	kredit	configured_region;transfer_assessment_required_for_external_processor	Domain Engineering Lead
app	payment_claims	buyer_user_id	restricted_identity	account_user	application_or_authorized_provider	operate_trade_credit_service	pending_legal_approval	tenant_scoped_application;authorized_operations	validated_application_command;authorized_worker	database_encryption;rls;access_audit	environment_retention_register_pending_legal_approval	retain_under_financial_or_legal_hold;restrict_or_pseudonymize	kredit	configured_region;transfer_assessment_required_for_external_processor	Domain Engineering Lead
app	payment_claims	supplier_organization_id	confidential_commercial	business_or_transaction	application_or_authorized_provider	operate_trade_credit_service	pending_legal_approval	tenant_scoped_application;authorized_operations	validated_application_command;authorized_worker	database_encryption;rls;access_audit	environment_retention_register_pending_legal_approval	retain_under_financial_or_legal_hold;restrict_or_pseudonymize	kredit	configured_region;transfer_assessment_required_for_external_processor	Domain Engineering Lead
app	payment_claims	amount_kobo	restricted_financial	business_or_transaction	application_or_authorized_provider	operate_trade_credit_service	pending_legal_approval	tenant_scoped_application;authorized_operations	validated_application_command;authorized_worker	database_encryption;rls;access_audit	environment_retention_register_pending_legal_approval	retain_under_financial_or_legal_hold;restrict_or_pseudonymize	kredit	configured_region;transfer_assessment_required_for_external_processor	Domain Engineering Lead
app	payment_claims	currency	restricted_financial	business_or_transaction	application_or_authorized_provider	operate_trade_credit_service	pending_legal_approval	tenant_scoped_application;authorized_operations	validated_application_command;authorized_worker	database_encryption;rls;access_audit	environment_retention_register_pending_legal_approval	retain_under_financial_or_legal_hold;restrict_or_pseudonymize	kredit	configured_region;transfer_assessment_required_for_external_processor	Domain Engineering Lead
app	payment_claims	paid_at	confidential_commercial	business_or_transaction	application_or_authorized_provider	operate_trade_credit_service	pending_legal_approval	tenant_scoped_application;authorized_operations	validated_application_command;authorized_worker	database_encryption;rls;access_audit	environment_retention_register_pending_legal_approval	retain_under_financial_or_legal_hold;restrict_or_pseudonymize	kredit	configured_region;transfer_assessment_required_for_external_processor	Domain Engineering Lead
app	payment_claims	source_account_masked	restricted_financial	business_or_transaction	application_or_authorized_provider	operate_trade_credit_service	pending_legal_approval	tenant_scoped_application;authorized_operations	validated_application_command;authorized_worker	database_encryption;rls;access_audit	environment_retention_register_pending_legal_approval	retain_under_financial_or_legal_hold;restrict_or_pseudonymize	kredit	configured_region;transfer_assessment_required_for_external_processor	Domain Engineering Lead
app	payment_claims	transfer_reference	confidential_commercial	business_or_transaction	application_or_authorized_provider	operate_trade_credit_service	pending_legal_approval	tenant_scoped_application;authorized_operations	validated_application_command;authorized_worker	database_encryption;rls;access_audit	environment_retention_register_pending_legal_approval	retain_under_financial_or_legal_hold;restrict_or_pseudonymize	kredit	configured_region;transfer_assessment_required_for_external_processor	Domain Engineering Lead
app	payment_claims	evidence_document_id	confidential_commercial	business_or_transaction	application_or_authorized_provider	operate_trade_credit_service	pending_legal_approval	tenant_scoped_application;authorized_operations	validated_application_command;authorized_worker	database_encryption;rls;access_audit	environment_retention_register_pending_legal_approval	retain_under_financial_or_legal_hold;restrict_or_pseudonymize	kredit	configured_region;transfer_assessment_required_for_external_processor	Domain Engineering Lead
app	payment_claims	state	confidential_commercial	business_or_transaction	application_or_authorized_provider	operate_trade_credit_service	pending_legal_approval	tenant_scoped_application;authorized_operations	validated_application_command;authorized_worker	database_encryption;rls;access_audit	environment_retention_register_pending_legal_approval	retain_under_financial_or_legal_hold;restrict_or_pseudonymize	kredit	configured_region;transfer_assessment_required_for_external_processor	Domain Engineering Lead
app	payment_claims	hold_expires_at	confidential_commercial	business_or_transaction	application_or_authorized_provider	operate_trade_credit_service	pending_legal_approval	tenant_scoped_application;authorized_operations	validated_application_command;authorized_worker	database_encryption;rls;access_audit	environment_retention_register_pending_legal_approval	retain_under_financial_or_legal_hold;restrict_or_pseudonymize	kredit	configured_region;transfer_assessment_required_for_external_processor	Domain Engineering Lead
app	payment_claims	reviewed_by	confidential_commercial	business_or_transaction	application_or_authorized_provider	operate_trade_credit_service	pending_legal_approval	tenant_scoped_application;authorized_operations	validated_application_command;authorized_worker	database_encryption;rls;access_audit	environment_retention_register_pending_legal_approval	retain_under_financial_or_legal_hold;restrict_or_pseudonymize	kredit	configured_region;transfer_assessment_required_for_external_processor	Domain Engineering Lead
app	payment_claims	review_reason	confidential_commercial	business_or_transaction	application_or_authorized_provider	operate_trade_credit_service	pending_legal_approval	tenant_scoped_application;authorized_operations	validated_application_command;authorized_worker	database_encryption;rls;access_audit	environment_retention_register_pending_legal_approval	retain_under_financial_or_legal_hold;restrict_or_pseudonymize	kredit	configured_region;transfer_assessment_required_for_external_processor	Domain Engineering Lead
app	payment_claims	payment_id	restricted_financial	business_or_transaction	application_or_authorized_provider	operate_trade_credit_service	pending_legal_approval	tenant_scoped_application;authorized_operations	validated_application_command;authorized_worker	database_encryption;rls;access_audit	environment_retention_register_pending_legal_approval	retain_under_financial_or_legal_hold;restrict_or_pseudonymize	kredit	configured_region;transfer_assessment_required_for_external_processor	Domain Engineering Lead
app	payment_claims	idempotency_key	confidential_commercial	business_or_transaction	application_or_authorized_provider	operate_trade_credit_service	pending_legal_approval	tenant_scoped_application;authorized_operations	validated_application_command;authorized_worker	database_encryption;rls;access_audit	environment_retention_register_pending_legal_approval	retain_under_financial_or_legal_hold;restrict_or_pseudonymize	kredit	configured_region;transfer_assessment_required_for_external_processor	Domain Engineering Lead
app	payment_claims	created_at	confidential_commercial	business_or_transaction	application_or_authorized_provider	operate_trade_credit_service	pending_legal_approval	tenant_scoped_application;authorized_operations	validated_application_command;authorized_worker	database_encryption;rls;access_audit	environment_retention_register_pending_legal_approval	retain_under_financial_or_legal_hold;restrict_or_pseudonymize	kredit	configured_region;transfer_assessment_required_for_external_processor	Domain Engineering Lead
app	payment_claims	reviewed_at	confidential_commercial	business_or_transaction	application_or_authorized_provider	operate_trade_credit_service	pending_legal_approval	tenant_scoped_application;authorized_operations	validated_application_command;authorized_worker	database_encryption;rls;access_audit	environment_retention_register_pending_legal_approval	retain_under_financial_or_legal_hold;restrict_or_pseudonymize	kredit	configured_region;transfer_assessment_required_for_external_processor	Domain Engineering Lead
app	payment_mandates	id	confidential_commercial	business_or_transaction	application_or_authorized_provider	operate_trade_credit_service	pending_legal_approval	tenant_scoped_application;authorized_operations	validated_application_command;authorized_worker	database_encryption;rls;access_audit	environment_retention_register_pending_legal_approval	retain_under_financial_or_legal_hold;restrict_or_pseudonymize	approved_provider_if_configured	configured_region;transfer_assessment_required_for_external_processor	Domain Engineering Lead
app	payment_mandates	buyer_subject_type	confidential_commercial	business_or_transaction	application_or_authorized_provider	operate_trade_credit_service	pending_legal_approval	tenant_scoped_application;authorized_operations	validated_application_command;authorized_worker	database_encryption;rls;access_audit	environment_retention_register_pending_legal_approval	retain_under_financial_or_legal_hold;restrict_or_pseudonymize	approved_provider_if_configured	configured_region;transfer_assessment_required_for_external_processor	Domain Engineering Lead
app	payment_mandates	buyer_subject_id	confidential_commercial	business_or_transaction	application_or_authorized_provider	operate_trade_credit_service	pending_legal_approval	tenant_scoped_application;authorized_operations	validated_application_command;authorized_worker	database_encryption;rls;access_audit	environment_retention_register_pending_legal_approval	retain_under_financial_or_legal_hold;restrict_or_pseudonymize	approved_provider_if_configured	configured_region;transfer_assessment_required_for_external_processor	Domain Engineering Lead
app	payment_mandates	provider	confidential_commercial	business_or_transaction	application_or_authorized_provider	operate_trade_credit_service	pending_legal_approval	tenant_scoped_application;authorized_operations	validated_application_command;authorized_worker	database_encryption;rls;access_audit	environment_retention_register_pending_legal_approval	retain_under_financial_or_legal_hold;restrict_or_pseudonymize	approved_provider_if_configured	configured_region;transfer_assessment_required_for_external_processor	Domain Engineering Lead
app	payment_mandates	provider_mandate_id	restricted_financial	business_or_transaction	application_or_authorized_provider	operate_trade_credit_service	pending_legal_approval	tenant_scoped_application;authorized_operations	validated_application_command;authorized_worker	database_encryption;rls;access_audit	environment_retention_register_pending_legal_approval	retain_under_financial_or_legal_hold;restrict_or_pseudonymize	approved_provider_if_configured	configured_region;transfer_assessment_required_for_external_processor	Domain Engineering Lead
app	payment_mandates	mandate_type	restricted_financial	business_or_transaction	application_or_authorized_provider	operate_trade_credit_service	pending_legal_approval	tenant_scoped_application;authorized_operations	validated_application_command;authorized_worker	database_encryption;rls;access_audit	environment_retention_register_pending_legal_approval	retain_under_financial_or_legal_hold;restrict_or_pseudonymize	approved_provider_if_configured	configured_region;transfer_assessment_required_for_external_processor	Domain Engineering Lead
app	payment_mandates	amount_ceiling_kobo	restricted_financial	business_or_transaction	application_or_authorized_provider	operate_trade_credit_service	pending_legal_approval	tenant_scoped_application;authorized_operations	validated_application_command;authorized_worker	database_encryption;rls;access_audit	environment_retention_register_pending_legal_approval	retain_under_financial_or_legal_hold;restrict_or_pseudonymize	approved_provider_if_configured	configured_region;transfer_assessment_required_for_external_processor	Domain Engineering Lead
app	payment_mandates	frequency_ceiling	confidential_commercial	business_or_transaction	application_or_authorized_provider	operate_trade_credit_service	pending_legal_approval	tenant_scoped_application;authorized_operations	validated_application_command;authorized_worker	database_encryption;rls;access_audit	environment_retention_register_pending_legal_approval	retain_under_financial_or_legal_hold;restrict_or_pseudonymize	approved_provider_if_configured	configured_region;transfer_assessment_required_for_external_processor	Domain Engineering Lead
app	payment_mandates	starts_at	confidential_commercial	business_or_transaction	application_or_authorized_provider	operate_trade_credit_service	pending_legal_approval	tenant_scoped_application;authorized_operations	validated_application_command;authorized_worker	database_encryption;rls;access_audit	environment_retention_register_pending_legal_approval	retain_under_financial_or_legal_hold;restrict_or_pseudonymize	approved_provider_if_configured	configured_region;transfer_assessment_required_for_external_processor	Domain Engineering Lead
app	payment_mandates	ends_at	confidential_commercial	business_or_transaction	application_or_authorized_provider	operate_trade_credit_service	pending_legal_approval	tenant_scoped_application;authorized_operations	validated_application_command;authorized_worker	database_encryption;rls;access_audit	environment_retention_register_pending_legal_approval	retain_under_financial_or_legal_hold;restrict_or_pseudonymize	approved_provider_if_configured	configured_region;transfer_assessment_required_for_external_processor	Domain Engineering Lead
app	payment_mandates	state	confidential_commercial	business_or_transaction	application_or_authorized_provider	operate_trade_credit_service	pending_legal_approval	tenant_scoped_application;authorized_operations	validated_application_command;authorized_worker	database_encryption;rls;access_audit	environment_retention_register_pending_legal_approval	retain_under_financial_or_legal_hold;restrict_or_pseudonymize	approved_provider_if_configured	configured_region;transfer_assessment_required_for_external_processor	Domain Engineering Lead
app	payment_mandates	primary_account_token_ciphertext	restricted_authentication	business_or_transaction	application_or_authorized_provider	operate_trade_credit_service	pending_legal_approval	tenant_scoped_application;authorized_operations	validated_application_command;authorized_worker	encrypted_or_opaque_reference	environment_retention_register_pending_legal_approval	retain_under_financial_or_legal_hold;restrict_or_pseudonymize	approved_provider_if_configured	configured_region;transfer_assessment_required_for_external_processor	Domain Engineering Lead
app	payment_mandates	capability_snapshot	confidential_commercial	business_or_transaction	application_or_authorized_provider	operate_trade_credit_service	pending_legal_approval	tenant_scoped_application;authorized_operations	validated_application_command;authorized_worker	database_encryption;rls;access_audit	environment_retention_register_pending_legal_approval	retain_under_financial_or_legal_hold;restrict_or_pseudonymize	approved_provider_if_configured	configured_region;transfer_assessment_required_for_external_processor	Domain Engineering Lead
app	payment_mandates	accepted_disclosure_version	confidential_commercial	business_or_transaction	application_or_authorized_provider	operate_trade_credit_service	pending_legal_approval	tenant_scoped_application;authorized_operations	validated_application_command;authorized_worker	database_encryption;rls;access_audit	environment_retention_register_pending_legal_approval	retain_under_financial_or_legal_hold;restrict_or_pseudonymize	approved_provider_if_configured	configured_region;transfer_assessment_required_for_external_processor	Domain Engineering Lead
app	payment_mandates	provider_updated_at	confidential_commercial	business_or_transaction	application_or_authorized_provider	operate_trade_credit_service	pending_legal_approval	tenant_scoped_application;authorized_operations	validated_application_command;authorized_worker	database_encryption;rls;access_audit	environment_retention_register_pending_legal_approval	retain_under_financial_or_legal_hold;restrict_or_pseudonymize	approved_provider_if_configured	configured_region;transfer_assessment_required_for_external_processor	Domain Engineering Lead
app	payment_mandates	created_at	confidential_commercial	business_or_transaction	application_or_authorized_provider	operate_trade_credit_service	pending_legal_approval	tenant_scoped_application;authorized_operations	validated_application_command;authorized_worker	database_encryption;rls;access_audit	environment_retention_register_pending_legal_approval	retain_under_financial_or_legal_hold;restrict_or_pseudonymize	approved_provider_if_configured	configured_region;transfer_assessment_required_for_external_processor	Domain Engineering Lead
app	payment_mandates	metadata	confidential_commercial	business_or_transaction	application_or_authorized_provider	operate_trade_credit_service	pending_legal_approval	tenant_scoped_application;authorized_operations	validated_application_command;authorized_worker	database_encryption;rls;access_audit	environment_retention_register_pending_legal_approval	retain_under_financial_or_legal_hold;restrict_or_pseudonymize	approved_provider_if_configured	configured_region;transfer_assessment_required_for_external_processor	Domain Engineering Lead
app	payment_mandates	supplier_organization_id	confidential_commercial	business_or_transaction	application_or_authorized_provider	operate_trade_credit_service	pending_legal_approval	tenant_scoped_application;authorized_operations	validated_application_command;authorized_worker	database_encryption;rls;access_audit	environment_retention_register_pending_legal_approval	retain_under_financial_or_legal_hold;restrict_or_pseudonymize	approved_provider_if_configured	configured_region;transfer_assessment_required_for_external_processor	Domain Engineering Lead
app	payments	id	confidential_commercial	business_or_transaction	application_or_authorized_provider	operate_trade_credit_service	pending_legal_approval	tenant_scoped_application;authorized_operations	validated_application_command;authorized_worker	database_encryption;rls;access_audit	environment_retention_register_pending_legal_approval	retain_under_financial_or_legal_hold;restrict_or_pseudonymize	kredit	configured_region;transfer_assessment_required_for_external_processor	Domain Engineering Lead
app	payments	obligation_id	confidential_commercial	business_or_transaction	application_or_authorized_provider	operate_trade_credit_service	pending_legal_approval	tenant_scoped_application;authorized_operations	validated_application_command;authorized_worker	database_encryption;rls;access_audit	environment_retention_register_pending_legal_approval	retain_under_financial_or_legal_hold;restrict_or_pseudonymize	kredit	configured_region;transfer_assessment_required_for_external_processor	Domain Engineering Lead
app	payments	buyer_user_id	restricted_identity	account_user	application_or_authorized_provider	operate_trade_credit_service	pending_legal_approval	tenant_scoped_application;authorized_operations	validated_application_command;authorized_worker	database_encryption;rls;access_audit	environment_retention_register_pending_legal_approval	retain_under_financial_or_legal_hold;restrict_or_pseudonymize	kredit	configured_region;transfer_assessment_required_for_external_processor	Domain Engineering Lead
app	payments	supplier_organization_id	confidential_commercial	business_or_transaction	application_or_authorized_provider	operate_trade_credit_service	pending_legal_approval	tenant_scoped_application;authorized_operations	validated_application_command;authorized_worker	database_encryption;rls;access_audit	environment_retention_register_pending_legal_approval	retain_under_financial_or_legal_hold;restrict_or_pseudonymize	kredit	configured_region;transfer_assessment_required_for_external_processor	Domain Engineering Lead
app	payments	source_type	confidential_commercial	business_or_transaction	application_or_authorized_provider	operate_trade_credit_service	pending_legal_approval	tenant_scoped_application;authorized_operations	validated_application_command;authorized_worker	database_encryption;rls;access_audit	environment_retention_register_pending_legal_approval	retain_under_financial_or_legal_hold;restrict_or_pseudonymize	kredit	configured_region;transfer_assessment_required_for_external_processor	Domain Engineering Lead
app	payments	amount_kobo	restricted_financial	business_or_transaction	application_or_authorized_provider	operate_trade_credit_service	pending_legal_approval	tenant_scoped_application;authorized_operations	validated_application_command;authorized_worker	database_encryption;rls;access_audit	environment_retention_register_pending_legal_approval	retain_under_financial_or_legal_hold;restrict_or_pseudonymize	kredit	configured_region;transfer_assessment_required_for_external_processor	Domain Engineering Lead
app	payments	currency	restricted_financial	business_or_transaction	application_or_authorized_provider	operate_trade_credit_service	pending_legal_approval	tenant_scoped_application;authorized_operations	validated_application_command;authorized_worker	database_encryption;rls;access_audit	environment_retention_register_pending_legal_approval	retain_under_financial_or_legal_hold;restrict_or_pseudonymize	kredit	configured_region;transfer_assessment_required_for_external_processor	Domain Engineering Lead
app	payments	provider	confidential_commercial	business_or_transaction	application_or_authorized_provider	operate_trade_credit_service	pending_legal_approval	tenant_scoped_application;authorized_operations	validated_application_command;authorized_worker	database_encryption;rls;access_audit	environment_retention_register_pending_legal_approval	retain_under_financial_or_legal_hold;restrict_or_pseudonymize	kredit	configured_region;transfer_assessment_required_for_external_processor	Domain Engineering Lead
app	payments	provider_reference	confidential_commercial	business_or_transaction	application_or_authorized_provider	operate_trade_credit_service	pending_legal_approval	tenant_scoped_application;authorized_operations	validated_application_command;authorized_worker	database_encryption;rls;access_audit	environment_retention_register_pending_legal_approval	retain_under_financial_or_legal_hold;restrict_or_pseudonymize	kredit	configured_region;transfer_assessment_required_for_external_processor	Domain Engineering Lead
app	payments	state	confidential_commercial	business_or_transaction	application_or_authorized_provider	operate_trade_credit_service	pending_legal_approval	tenant_scoped_application;authorized_operations	validated_application_command;authorized_worker	database_encryption;rls;access_audit	environment_retention_register_pending_legal_approval	retain_under_financial_or_legal_hold;restrict_or_pseudonymize	kredit	configured_region;transfer_assessment_required_for_external_processor	Domain Engineering Lead
app	payments	paid_at	confidential_commercial	business_or_transaction	application_or_authorized_provider	operate_trade_credit_service	pending_legal_approval	tenant_scoped_application;authorized_operations	validated_application_command;authorized_worker	database_encryption;rls;access_audit	environment_retention_register_pending_legal_approval	retain_under_financial_or_legal_hold;restrict_or_pseudonymize	kredit	configured_region;transfer_assessment_required_for_external_processor	Domain Engineering Lead
app	payments	recognized_at	confidential_commercial	business_or_transaction	application_or_authorized_provider	operate_trade_credit_service	pending_legal_approval	tenant_scoped_application;authorized_operations	validated_application_command;authorized_worker	database_encryption;rls;access_audit	environment_retention_register_pending_legal_approval	retain_under_financial_or_legal_hold;restrict_or_pseudonymize	kredit	configured_region;transfer_assessment_required_for_external_processor	Domain Engineering Lead
app	payments	recorded_by	confidential_commercial	business_or_transaction	application_or_authorized_provider	operate_trade_credit_service	pending_legal_approval	tenant_scoped_application;authorized_operations	validated_application_command;authorized_worker	database_encryption;rls;access_audit	environment_retention_register_pending_legal_approval	retain_under_financial_or_legal_hold;restrict_or_pseudonymize	kredit	configured_region;transfer_assessment_required_for_external_processor	Domain Engineering Lead
app	payments	reversal_of	confidential_commercial	business_or_transaction	application_or_authorized_provider	operate_trade_credit_service	pending_legal_approval	tenant_scoped_application;authorized_operations	validated_application_command;authorized_worker	database_encryption;rls;access_audit	environment_retention_register_pending_legal_approval	retain_under_financial_or_legal_hold;restrict_or_pseudonymize	kredit	configured_region;transfer_assessment_required_for_external_processor	Domain Engineering Lead
app	payments	idempotency_key	confidential_commercial	business_or_transaction	application_or_authorized_provider	operate_trade_credit_service	pending_legal_approval	tenant_scoped_application;authorized_operations	validated_application_command;authorized_worker	database_encryption;rls;access_audit	environment_retention_register_pending_legal_approval	retain_under_financial_or_legal_hold;restrict_or_pseudonymize	kredit	configured_region;transfer_assessment_required_for_external_processor	Domain Engineering Lead
app	payments	recorded_by_reference	confidential_commercial	business_or_transaction	application_or_authorized_provider	operate_trade_credit_service	pending_legal_approval	tenant_scoped_application;authorized_operations	validated_application_command;authorized_worker	database_encryption;rls;access_audit	environment_retention_register_pending_legal_approval	retain_under_financial_or_legal_hold;restrict_or_pseudonymize	kredit	configured_region;transfer_assessment_required_for_external_processor	Domain Engineering Lead
app	payments	collection_fee_kobo	restricted_financial	business_or_transaction	application_or_authorized_provider	operate_trade_credit_service	pending_legal_approval	tenant_scoped_application;authorized_operations	validated_application_command;authorized_worker	database_encryption;rls;access_audit	environment_retention_register_pending_legal_approval	retain_under_financial_or_legal_hold;restrict_or_pseudonymize	kredit	configured_region;transfer_assessment_required_for_external_processor	Domain Engineering Lead
app	persons	id	confidential_commercial	business_or_transaction	application_or_authorized_provider	operate_trade_credit_service	pending_legal_approval	tenant_scoped_application;authorized_operations	validated_application_command;authorized_worker	database_encryption;rls;access_audit	environment_retention_register_pending_legal_approval	delete_or_pseudonymize_after_approved_request_and_retention_expiry	kredit	configured_region;transfer_assessment_required_for_external_processor	Domain Engineering Lead
app	persons	user_id	restricted_identity	account_user	application_or_authorized_provider	operate_trade_credit_service	pending_legal_approval	tenant_scoped_application;authorized_operations	validated_application_command;authorized_worker	database_encryption;rls;access_audit	environment_retention_register_pending_legal_approval	delete_or_pseudonymize_after_approved_request_and_retention_expiry	kredit	configured_region;transfer_assessment_required_for_external_processor	Domain Engineering Lead
app	persons	full_name	restricted_identity	business_or_transaction	application_or_authorized_provider	operate_trade_credit_service	pending_legal_approval	tenant_scoped_application;authorized_operations	validated_application_command;authorized_worker	database_encryption;rls;access_audit	environment_retention_register_pending_legal_approval	delete_or_pseudonymize_after_approved_request_and_retention_expiry	kredit	configured_region;transfer_assessment_required_for_external_processor	Domain Engineering Lead
app	persons	status	confidential_commercial	business_or_transaction	application_or_authorized_provider	operate_trade_credit_service	pending_legal_approval	tenant_scoped_application;authorized_operations	validated_application_command;authorized_worker	database_encryption;rls;access_audit	environment_retention_register_pending_legal_approval	delete_or_pseudonymize_after_approved_request_and_retention_expiry	kredit	configured_region;transfer_assessment_required_for_external_processor	Domain Engineering Lead
app	persons	created_at	confidential_commercial	business_or_transaction	application_or_authorized_provider	operate_trade_credit_service	pending_legal_approval	tenant_scoped_application;authorized_operations	validated_application_command;authorized_worker	database_encryption;rls;access_audit	environment_retention_register_pending_legal_approval	delete_or_pseudonymize_after_approved_request_and_retention_expiry	kredit	configured_region;transfer_assessment_required_for_external_processor	Domain Engineering Lead
app	pilot_limit_configs	id	confidential_commercial	business_or_transaction	application_or_authorized_provider	operate_trade_credit_service	pending_legal_approval	tenant_scoped_application;authorized_operations	validated_application_command;authorized_worker	database_encryption;rls;access_audit	environment_retention_register_pending_legal_approval	delete_or_pseudonymize_after_approved_request_and_retention_expiry	kredit	configured_region;transfer_assessment_required_for_external_processor	Domain Engineering Lead
app	pilot_limit_configs	version	confidential_commercial	business_or_transaction	application_or_authorized_provider	operate_trade_credit_service	pending_legal_approval	tenant_scoped_application;authorized_operations	validated_application_command;authorized_worker	database_encryption;rls;access_audit	environment_retention_register_pending_legal_approval	delete_or_pseudonymize_after_approved_request_and_retention_expiry	kredit	configured_region;transfer_assessment_required_for_external_processor	Domain Engineering Lead
app	pilot_limit_configs	max_supplier_organizations	confidential_commercial	business_or_transaction	application_or_authorized_provider	operate_trade_credit_service	pending_legal_approval	tenant_scoped_application;authorized_operations	validated_application_command;authorized_worker	database_encryption;rls;access_audit	environment_retention_register_pending_legal_approval	delete_or_pseudonymize_after_approved_request_and_retention_expiry	kredit	configured_region;transfer_assessment_required_for_external_processor	Domain Engineering Lead
app	pilot_limit_configs	max_buyer_businesses	confidential_commercial	business_or_transaction	application_or_authorized_provider	operate_trade_credit_service	pending_legal_approval	tenant_scoped_application;authorized_operations	validated_application_command;authorized_worker	database_encryption;rls;access_audit	environment_retention_register_pending_legal_approval	delete_or_pseudonymize_after_approved_request_and_retention_expiry	kredit	configured_region;transfer_assessment_required_for_external_processor	Domain Engineering Lead
app	pilot_limit_configs	max_principal_kobo	restricted_financial	business_or_transaction	application_or_authorized_provider	operate_trade_credit_service	pending_legal_approval	tenant_scoped_application;authorized_operations	validated_application_command;authorized_worker	database_encryption;rls;access_audit	environment_retention_register_pending_legal_approval	delete_or_pseudonymize_after_approved_request_and_retention_expiry	kredit	configured_region;transfer_assessment_required_for_external_processor	Domain Engineering Lead
app	pilot_limit_configs	max_active_exposure_kobo	restricted_financial	business_or_transaction	application_or_authorized_provider	operate_trade_credit_service	pending_legal_approval	tenant_scoped_application;authorized_operations	validated_application_command;authorized_worker	database_encryption;rls;access_audit	environment_retention_register_pending_legal_approval	delete_or_pseudonymize_after_approved_request_and_retention_expiry	kredit	configured_region;transfer_assessment_required_for_external_processor	Domain Engineering Lead
app	pilot_limit_configs	max_drawdowns_per_line_day	confidential_commercial	business_or_transaction	application_or_authorized_provider	operate_trade_credit_service	pending_legal_approval	tenant_scoped_application;authorized_operations	validated_application_command;authorized_worker	database_encryption;rls;access_audit	environment_retention_register_pending_legal_approval	delete_or_pseudonymize_after_approved_request_and_retention_expiry	kredit	configured_region;transfer_assessment_required_for_external_processor	Domain Engineering Lead
app	pilot_limit_configs	max_collection_retries	confidential_commercial	business_or_transaction	application_or_authorized_provider	operate_trade_credit_service	pending_legal_approval	tenant_scoped_application;authorized_operations	validated_application_command;authorized_worker	database_encryption;rls;access_audit	environment_retention_register_pending_legal_approval	delete_or_pseudonymize_after_approved_request_and_retention_expiry	kredit	configured_region;transfer_assessment_required_for_external_processor	Domain Engineering Lead
app	pilot_limit_configs	enhanced_review_kobo	restricted_financial	business_or_transaction	application_or_authorized_provider	operate_trade_credit_service	pending_legal_approval	tenant_scoped_application;authorized_operations	validated_application_command;authorized_worker	database_encryption;rls;access_audit	environment_retention_register_pending_legal_approval	delete_or_pseudonymize_after_approved_request_and_retention_expiry	kredit	configured_region;transfer_assessment_required_for_external_processor	Domain Engineering Lead
app	pilot_limit_configs	allowed_provider_accounts	restricted_financial	business_or_transaction	application_or_authorized_provider	operate_trade_credit_service	pending_legal_approval	tenant_scoped_application;authorized_operations	validated_application_command;authorized_worker	database_encryption;rls;access_audit	environment_retention_register_pending_legal_approval	delete_or_pseudonymize_after_approved_request_and_retention_expiry	kredit	configured_region;transfer_assessment_required_for_external_processor	Domain Engineering Lead
app	pilot_limit_configs	allowed_industries	confidential_commercial	business_or_transaction	application_or_authorized_provider	operate_trade_credit_service	pending_legal_approval	tenant_scoped_application;authorized_operations	validated_application_command;authorized_worker	database_encryption;rls;access_audit	environment_retention_register_pending_legal_approval	delete_or_pseudonymize_after_approved_request_and_retention_expiry	kredit	configured_region;transfer_assessment_required_for_external_processor	Domain Engineering Lead
app	pilot_limit_configs	enabled	confidential_commercial	business_or_transaction	application_or_authorized_provider	operate_trade_credit_service	pending_legal_approval	tenant_scoped_application;authorized_operations	validated_application_command;authorized_worker	database_encryption;rls;access_audit	environment_retention_register_pending_legal_approval	delete_or_pseudonymize_after_approved_request_and_retention_expiry	kredit	configured_region;transfer_assessment_required_for_external_processor	Domain Engineering Lead
app	pilot_limit_configs	approved_by	confidential_commercial	business_or_transaction	application_or_authorized_provider	operate_trade_credit_service	pending_legal_approval	tenant_scoped_application;authorized_operations	validated_application_command;authorized_worker	database_encryption;rls;access_audit	environment_retention_register_pending_legal_approval	delete_or_pseudonymize_after_approved_request_and_retention_expiry	kredit	configured_region;transfer_assessment_required_for_external_processor	Domain Engineering Lead
app	pilot_limit_configs	approved_at	confidential_commercial	business_or_transaction	application_or_authorized_provider	operate_trade_credit_service	pending_legal_approval	tenant_scoped_application;authorized_operations	validated_application_command;authorized_worker	database_encryption;rls;access_audit	environment_retention_register_pending_legal_approval	delete_or_pseudonymize_after_approved_request_and_retention_expiry	kredit	configured_region;transfer_assessment_required_for_external_processor	Domain Engineering Lead
app	pilot_limit_configs	created_at	confidential_commercial	business_or_transaction	application_or_authorized_provider	operate_trade_credit_service	pending_legal_approval	tenant_scoped_application;authorized_operations	validated_application_command;authorized_worker	database_encryption;rls;access_audit	environment_retention_register_pending_legal_approval	delete_or_pseudonymize_after_approved_request_and_retention_expiry	kredit	configured_region;transfer_assessment_required_for_external_processor	Domain Engineering Lead
app	platform_role_assignments	id	confidential_commercial	business_or_transaction	application_or_authorized_provider	operate_trade_credit_service	pending_legal_approval	tenant_scoped_application;authorized_operations	validated_application_command;authorized_worker	database_encryption;rls;access_audit	environment_retention_register_pending_legal_approval	delete_or_pseudonymize_after_approved_request_and_retention_expiry	kredit	configured_region;transfer_assessment_required_for_external_processor	Domain Engineering Lead
app	platform_role_assignments	user_id	restricted_identity	account_user	application_or_authorized_provider	operate_trade_credit_service	pending_legal_approval	tenant_scoped_application;authorized_operations	validated_application_command;authorized_worker	database_encryption;rls;access_audit	environment_retention_register_pending_legal_approval	delete_or_pseudonymize_after_approved_request_and_retention_expiry	kredit	configured_region;transfer_assessment_required_for_external_processor	Domain Engineering Lead
app	platform_role_assignments	role	confidential_commercial	business_or_transaction	application_or_authorized_provider	operate_trade_credit_service	pending_legal_approval	tenant_scoped_application;authorized_operations	validated_application_command;authorized_worker	database_encryption;rls;access_audit	environment_retention_register_pending_legal_approval	delete_or_pseudonymize_after_approved_request_and_retention_expiry	kredit	configured_region;transfer_assessment_required_for_external_processor	Domain Engineering Lead
app	platform_role_assignments	granted_by	confidential_commercial	business_or_transaction	application_or_authorized_provider	operate_trade_credit_service	pending_legal_approval	tenant_scoped_application;authorized_operations	validated_application_command;authorized_worker	database_encryption;rls;access_audit	environment_retention_register_pending_legal_approval	delete_or_pseudonymize_after_approved_request_and_retention_expiry	kredit	configured_region;transfer_assessment_required_for_external_processor	Domain Engineering Lead
app	platform_role_assignments	reason	confidential_commercial	business_or_transaction	application_or_authorized_provider	operate_trade_credit_service	pending_legal_approval	tenant_scoped_application;authorized_operations	validated_application_command;authorized_worker	database_encryption;rls;access_audit	environment_retention_register_pending_legal_approval	delete_or_pseudonymize_after_approved_request_and_retention_expiry	kredit	configured_region;transfer_assessment_required_for_external_processor	Domain Engineering Lead
app	platform_role_assignments	granted_at	confidential_commercial	business_or_transaction	application_or_authorized_provider	operate_trade_credit_service	pending_legal_approval	tenant_scoped_application;authorized_operations	validated_application_command;authorized_worker	database_encryption;rls;access_audit	environment_retention_register_pending_legal_approval	delete_or_pseudonymize_after_approved_request_and_retention_expiry	kredit	configured_region;transfer_assessment_required_for_external_processor	Domain Engineering Lead
app	platform_role_assignments	expires_at	confidential_commercial	business_or_transaction	application_or_authorized_provider	operate_trade_credit_service	pending_legal_approval	tenant_scoped_application;authorized_operations	validated_application_command;authorized_worker	database_encryption;rls;access_audit	environment_retention_register_pending_legal_approval	delete_or_pseudonymize_after_approved_request_and_retention_expiry	kredit	configured_region;transfer_assessment_required_for_external_processor	Domain Engineering Lead
app	platform_role_assignments	revoked_at	confidential_commercial	business_or_transaction	application_or_authorized_provider	operate_trade_credit_service	pending_legal_approval	tenant_scoped_application;authorized_operations	validated_application_command;authorized_worker	database_encryption;rls;access_audit	environment_retention_register_pending_legal_approval	delete_or_pseudonymize_after_approved_request_and_retention_expiry	kredit	configured_region;transfer_assessment_required_for_external_processor	Domain Engineering Lead
app	platform_role_assignments	revoked_by	confidential_commercial	business_or_transaction	application_or_authorized_provider	operate_trade_credit_service	pending_legal_approval	tenant_scoped_application;authorized_operations	validated_application_command;authorized_worker	database_encryption;rls;access_audit	environment_retention_register_pending_legal_approval	delete_or_pseudonymize_after_approved_request_and_retention_expiry	kredit	configured_region;transfer_assessment_required_for_external_processor	Domain Engineering Lead
app	platform_suspensions	id	confidential_commercial	business_or_transaction	application_or_authorized_provider	operate_trade_credit_service	pending_legal_approval	tenant_scoped_application;authorized_operations	validated_application_command;authorized_worker	database_encryption;rls;access_audit	environment_retention_register_pending_legal_approval	delete_or_pseudonymize_after_approved_request_and_retention_expiry	kredit	configured_region;transfer_assessment_required_for_external_processor	Domain Engineering Lead
app	platform_suspensions	target_type	confidential_commercial	business_or_transaction	application_or_authorized_provider	operate_trade_credit_service	pending_legal_approval	tenant_scoped_application;authorized_operations	validated_application_command;authorized_worker	database_encryption;rls;access_audit	environment_retention_register_pending_legal_approval	delete_or_pseudonymize_after_approved_request_and_retention_expiry	kredit	configured_region;transfer_assessment_required_for_external_processor	Domain Engineering Lead
app	platform_suspensions	target_id	confidential_commercial	business_or_transaction	application_or_authorized_provider	operate_trade_credit_service	pending_legal_approval	tenant_scoped_application;authorized_operations	validated_application_command;authorized_worker	database_encryption;rls;access_audit	environment_retention_register_pending_legal_approval	delete_or_pseudonymize_after_approved_request_and_retention_expiry	kredit	configured_region;transfer_assessment_required_for_external_processor	Domain Engineering Lead
app	platform_suspensions	previous_status	confidential_commercial	business_or_transaction	application_or_authorized_provider	operate_trade_credit_service	pending_legal_approval	tenant_scoped_application;authorized_operations	validated_application_command;authorized_worker	database_encryption;rls;access_audit	environment_retention_register_pending_legal_approval	delete_or_pseudonymize_after_approved_request_and_retention_expiry	kredit	configured_region;transfer_assessment_required_for_external_processor	Domain Engineering Lead
app	platform_suspensions	reason	confidential_commercial	business_or_transaction	application_or_authorized_provider	operate_trade_credit_service	pending_legal_approval	tenant_scoped_application;authorized_operations	validated_application_command;authorized_worker	database_encryption;rls;access_audit	environment_retention_register_pending_legal_approval	delete_or_pseudonymize_after_approved_request_and_retention_expiry	kredit	configured_region;transfer_assessment_required_for_external_processor	Domain Engineering Lead
app	platform_suspensions	created_by	confidential_commercial	business_or_transaction	application_or_authorized_provider	operate_trade_credit_service	pending_legal_approval	tenant_scoped_application;authorized_operations	validated_application_command;authorized_worker	database_encryption;rls;access_audit	environment_retention_register_pending_legal_approval	delete_or_pseudonymize_after_approved_request_and_retention_expiry	kredit	configured_region;transfer_assessment_required_for_external_processor	Domain Engineering Lead
app	platform_suspensions	created_at	confidential_commercial	business_or_transaction	application_or_authorized_provider	operate_trade_credit_service	pending_legal_approval	tenant_scoped_application;authorized_operations	validated_application_command;authorized_worker	database_encryption;rls;access_audit	environment_retention_register_pending_legal_approval	delete_or_pseudonymize_after_approved_request_and_retention_expiry	kredit	configured_region;transfer_assessment_required_for_external_processor	Domain Engineering Lead
app	platform_suspensions	lifted_by	confidential_commercial	business_or_transaction	application_or_authorized_provider	operate_trade_credit_service	pending_legal_approval	tenant_scoped_application;authorized_operations	validated_application_command;authorized_worker	database_encryption;rls;access_audit	environment_retention_register_pending_legal_approval	delete_or_pseudonymize_after_approved_request_and_retention_expiry	kredit	configured_region;transfer_assessment_required_for_external_processor	Domain Engineering Lead
app	platform_suspensions	lifted_reason	confidential_commercial	business_or_transaction	application_or_authorized_provider	operate_trade_credit_service	pending_legal_approval	tenant_scoped_application;authorized_operations	validated_application_command;authorized_worker	database_encryption;rls;access_audit	environment_retention_register_pending_legal_approval	delete_or_pseudonymize_after_approved_request_and_retention_expiry	kredit	configured_region;transfer_assessment_required_for_external_processor	Domain Engineering Lead
app	platform_suspensions	lifted_at	confidential_commercial	business_or_transaction	application_or_authorized_provider	operate_trade_credit_service	pending_legal_approval	tenant_scoped_application;authorized_operations	validated_application_command;authorized_worker	database_encryption;rls;access_audit	environment_retention_register_pending_legal_approval	delete_or_pseudonymize_after_approved_request_and_retention_expiry	kredit	configured_region;transfer_assessment_required_for_external_processor	Domain Engineering Lead
app	platform_suspensions	version	confidential_commercial	business_or_transaction	application_or_authorized_provider	operate_trade_credit_service	pending_legal_approval	tenant_scoped_application;authorized_operations	validated_application_command;authorized_worker	database_encryption;rls;access_audit	environment_retention_register_pending_legal_approval	delete_or_pseudonymize_after_approved_request_and_retention_expiry	kredit	configured_region;transfer_assessment_required_for_external_processor	Domain Engineering Lead
app	privacy_exports	id	confidential_commercial	business_or_transaction	application_or_authorized_provider	privacy_rights	pending_legal_approval	authorized_user;case_bound_compliance	validated_application_command;authorized_worker	database_encryption;rls;access_audit	environment_retention_register_pending_legal_approval	delete_or_pseudonymize_after_approved_request_and_retention_expiry	kredit	configured_region;transfer_assessment_required_for_external_processor	Data Protection Lead
app	privacy_exports	request_id	confidential_commercial	business_or_transaction	application_or_authorized_provider	privacy_rights	pending_legal_approval	authorized_user;case_bound_compliance	validated_application_command;authorized_worker	database_encryption;rls;access_audit	environment_retention_register_pending_legal_approval	delete_or_pseudonymize_after_approved_request_and_retention_expiry	kredit	configured_region;transfer_assessment_required_for_external_processor	Data Protection Lead
app	privacy_exports	object_reference	confidential_commercial	business_or_transaction	application_or_authorized_provider	privacy_rights	pending_legal_approval	authorized_user;case_bound_compliance	validated_application_command;authorized_worker	database_encryption;rls;access_audit	environment_retention_register_pending_legal_approval	delete_or_pseudonymize_after_approved_request_and_retention_expiry	kredit	configured_region;transfer_assessment_required_for_external_processor	Data Protection Lead
app	privacy_exports	content_sha256	confidential_commercial	business_or_transaction	application_or_authorized_provider	privacy_rights	pending_legal_approval	authorized_user;case_bound_compliance	validated_application_command;authorized_worker	database_encryption;rls;access_audit	environment_retention_register_pending_legal_approval	delete_or_pseudonymize_after_approved_request_and_retention_expiry	kredit	configured_region;transfer_assessment_required_for_external_processor	Data Protection Lead
app	privacy_exports	payload	confidential_commercial	business_or_transaction	application_or_authorized_provider	privacy_rights	pending_legal_approval	authorized_user;case_bound_compliance	validated_application_command;authorized_worker	database_encryption;rls;access_audit	environment_retention_register_pending_legal_approval	delete_or_pseudonymize_after_approved_request_and_retention_expiry	kredit	configured_region;transfer_assessment_required_for_external_processor	Data Protection Lead
app	privacy_exports	expires_at	confidential_commercial	business_or_transaction	application_or_authorized_provider	privacy_rights	pending_legal_approval	authorized_user;case_bound_compliance	validated_application_command;authorized_worker	database_encryption;rls;access_audit	environment_retention_register_pending_legal_approval	delete_or_pseudonymize_after_approved_request_and_retention_expiry	kredit	configured_region;transfer_assessment_required_for_external_processor	Data Protection Lead
app	privacy_exports	downloaded_at	confidential_commercial	business_or_transaction	application_or_authorized_provider	privacy_rights	pending_legal_approval	authorized_user;case_bound_compliance	validated_application_command;authorized_worker	database_encryption;rls;access_audit	environment_retention_register_pending_legal_approval	delete_or_pseudonymize_after_approved_request_and_retention_expiry	kredit	configured_region;transfer_assessment_required_for_external_processor	Data Protection Lead
app	privacy_exports	created_at	confidential_commercial	business_or_transaction	application_or_authorized_provider	privacy_rights	pending_legal_approval	authorized_user;case_bound_compliance	validated_application_command;authorized_worker	database_encryption;rls;access_audit	environment_retention_register_pending_legal_approval	delete_or_pseudonymize_after_approved_request_and_retention_expiry	kredit	configured_region;transfer_assessment_required_for_external_processor	Data Protection Lead
app	privacy_request_events	id	confidential_commercial	business_or_transaction	application_or_authorized_provider	privacy_rights	pending_legal_approval	authorized_user;case_bound_compliance	validated_application_command;authorized_worker	database_encryption;rls;access_audit	environment_retention_register_pending_legal_approval	delete_or_pseudonymize_after_approved_request_and_retention_expiry	kredit	configured_region;transfer_assessment_required_for_external_processor	Data Protection Lead
app	privacy_request_events	request_id	confidential_commercial	business_or_transaction	application_or_authorized_provider	privacy_rights	pending_legal_approval	authorized_user;case_bound_compliance	validated_application_command;authorized_worker	database_encryption;rls;access_audit	environment_retention_register_pending_legal_approval	delete_or_pseudonymize_after_approved_request_and_retention_expiry	kredit	configured_region;transfer_assessment_required_for_external_processor	Data Protection Lead
app	privacy_request_events	event_type	confidential_commercial	business_or_transaction	application_or_authorized_provider	privacy_rights	pending_legal_approval	authorized_user;case_bound_compliance	validated_application_command;authorized_worker	database_encryption;rls;access_audit	environment_retention_register_pending_legal_approval	delete_or_pseudonymize_after_approved_request_and_retention_expiry	kredit	configured_region;transfer_assessment_required_for_external_processor	Data Protection Lead
app	privacy_request_events	actor_user_id	restricted_identity	account_user	application_or_authorized_provider	privacy_rights	pending_legal_approval	authorized_user;case_bound_compliance	validated_application_command;authorized_worker	database_encryption;rls;access_audit	environment_retention_register_pending_legal_approval	delete_or_pseudonymize_after_approved_request_and_retention_expiry	kredit	configured_region;transfer_assessment_required_for_external_processor	Data Protection Lead
app	privacy_request_events	actor_reference	confidential_commercial	business_or_transaction	application_or_authorized_provider	privacy_rights	pending_legal_approval	authorized_user;case_bound_compliance	validated_application_command;authorized_worker	database_encryption;rls;access_audit	environment_retention_register_pending_legal_approval	delete_or_pseudonymize_after_approved_request_and_retention_expiry	kredit	configured_region;transfer_assessment_required_for_external_processor	Data Protection Lead
app	privacy_request_events	metadata	confidential_commercial	business_or_transaction	application_or_authorized_provider	privacy_rights	pending_legal_approval	authorized_user;case_bound_compliance	validated_application_command;authorized_worker	database_encryption;rls;access_audit	environment_retention_register_pending_legal_approval	delete_or_pseudonymize_after_approved_request_and_retention_expiry	kredit	configured_region;transfer_assessment_required_for_external_processor	Data Protection Lead
app	privacy_request_events	created_at	confidential_commercial	business_or_transaction	application_or_authorized_provider	privacy_rights	pending_legal_approval	authorized_user;case_bound_compliance	validated_application_command;authorized_worker	database_encryption;rls;access_audit	environment_retention_register_pending_legal_approval	delete_or_pseudonymize_after_approved_request_and_retention_expiry	kredit	configured_region;transfer_assessment_required_for_external_processor	Data Protection Lead
app	privacy_requests	id	confidential_commercial	business_or_transaction	application_or_authorized_provider	privacy_rights	pending_legal_approval	authorized_user;case_bound_compliance	validated_application_command;authorized_worker	database_encryption;rls;access_audit	environment_retention_register_pending_legal_approval	delete_or_pseudonymize_after_approved_request_and_retention_expiry	kredit	configured_region;transfer_assessment_required_for_external_processor	Data Protection Lead
app	privacy_requests	requester_user_id	restricted_identity	account_user	application_or_authorized_provider	privacy_rights	pending_legal_approval	authorized_user;case_bound_compliance	validated_application_command;authorized_worker	database_encryption;rls;access_audit	environment_retention_register_pending_legal_approval	delete_or_pseudonymize_after_approved_request_and_retention_expiry	kredit	configured_region;transfer_assessment_required_for_external_processor	Data Protection Lead
app	privacy_requests	organization_id	confidential_commercial	business_or_transaction	application_or_authorized_provider	privacy_rights	pending_legal_approval	authorized_user;case_bound_compliance	validated_application_command;authorized_worker	database_encryption;rls;access_audit	environment_retention_register_pending_legal_approval	delete_or_pseudonymize_after_approved_request_and_retention_expiry	kredit	configured_region;transfer_assessment_required_for_external_processor	Data Protection Lead
app	privacy_requests	request_type	confidential_commercial	business_or_transaction	application_or_authorized_provider	privacy_rights	pending_legal_approval	authorized_user;case_bound_compliance	validated_application_command;authorized_worker	database_encryption;rls;access_audit	environment_retention_register_pending_legal_approval	delete_or_pseudonymize_after_approved_request_and_retention_expiry	kredit	configured_region;transfer_assessment_required_for_external_processor	Data Protection Lead
app	privacy_requests	state	confidential_commercial	business_or_transaction	application_or_authorized_provider	privacy_rights	pending_legal_approval	authorized_user;case_bound_compliance	validated_application_command;authorized_worker	database_encryption;rls;access_audit	environment_retention_register_pending_legal_approval	delete_or_pseudonymize_after_approved_request_and_retention_expiry	kredit	configured_region;transfer_assessment_required_for_external_processor	Data Protection Lead
app	privacy_requests	identity_verified_at	restricted_identity	business_or_transaction	application_or_authorized_provider	privacy_rights	pending_legal_approval	authorized_user;case_bound_compliance	validated_application_command;authorized_worker	database_encryption;rls;access_audit	environment_retention_register_pending_legal_approval	delete_or_pseudonymize_after_approved_request_and_retention_expiry	kredit	configured_region;transfer_assessment_required_for_external_processor	Data Protection Lead
app	privacy_requests	due_at	confidential_commercial	business_or_transaction	application_or_authorized_provider	privacy_rights	pending_legal_approval	authorized_user;case_bound_compliance	validated_application_command;authorized_worker	database_encryption;rls;access_audit	environment_retention_register_pending_legal_approval	delete_or_pseudonymize_after_approved_request_and_retention_expiry	kredit	configured_region;transfer_assessment_required_for_external_processor	Data Protection Lead
app	privacy_requests	details	confidential_commercial	business_or_transaction	application_or_authorized_provider	privacy_rights	pending_legal_approval	authorized_user;case_bound_compliance	validated_application_command;authorized_worker	database_encryption;rls;access_audit	environment_retention_register_pending_legal_approval	delete_or_pseudonymize_after_approved_request_and_retention_expiry	kredit	configured_region;transfer_assessment_required_for_external_processor	Data Protection Lead
app	privacy_requests	decision_reason	confidential_commercial	business_or_transaction	application_or_authorized_provider	privacy_rights	pending_legal_approval	authorized_user;case_bound_compliance	validated_application_command;authorized_worker	database_encryption;rls;access_audit	environment_retention_register_pending_legal_approval	delete_or_pseudonymize_after_approved_request_and_retention_expiry	kredit	configured_region;transfer_assessment_required_for_external_processor	Data Protection Lead
app	privacy_requests	retention_outcome	confidential_commercial	business_or_transaction	application_or_authorized_provider	privacy_rights	pending_legal_approval	authorized_user;case_bound_compliance	validated_application_command;authorized_worker	database_encryption;rls;access_audit	environment_retention_register_pending_legal_approval	delete_or_pseudonymize_after_approved_request_and_retention_expiry	kredit	configured_region;transfer_assessment_required_for_external_processor	Data Protection Lead
app	privacy_requests	legal_hold_applies	confidential_commercial	business_or_transaction	application_or_authorized_provider	privacy_rights	pending_legal_approval	authorized_user;case_bound_compliance	validated_application_command;authorized_worker	database_encryption;rls;access_audit	environment_retention_register_pending_legal_approval	delete_or_pseudonymize_after_approved_request_and_retention_expiry	kredit	configured_region;transfer_assessment_required_for_external_processor	Data Protection Lead
app	privacy_requests	decided_by	confidential_commercial	business_or_transaction	application_or_authorized_provider	privacy_rights	pending_legal_approval	authorized_user;case_bound_compliance	validated_application_command;authorized_worker	database_encryption;rls;access_audit	environment_retention_register_pending_legal_approval	delete_or_pseudonymize_after_approved_request_and_retention_expiry	kredit	configured_region;transfer_assessment_required_for_external_processor	Data Protection Lead
app	privacy_requests	second_approved_by	confidential_commercial	business_or_transaction	application_or_authorized_provider	privacy_rights	pending_legal_approval	authorized_user;case_bound_compliance	validated_application_command;authorized_worker	database_encryption;rls;access_audit	environment_retention_register_pending_legal_approval	delete_or_pseudonymize_after_approved_request_and_retention_expiry	kredit	configured_region;transfer_assessment_required_for_external_processor	Data Protection Lead
app	privacy_requests	decided_at	confidential_commercial	business_or_transaction	application_or_authorized_provider	privacy_rights	pending_legal_approval	authorized_user;case_bound_compliance	validated_application_command;authorized_worker	database_encryption;rls;access_audit	environment_retention_register_pending_legal_approval	delete_or_pseudonymize_after_approved_request_and_retention_expiry	kredit	configured_region;transfer_assessment_required_for_external_processor	Data Protection Lead
app	privacy_requests	completed_at	confidential_commercial	business_or_transaction	application_or_authorized_provider	privacy_rights	pending_legal_approval	authorized_user;case_bound_compliance	validated_application_command;authorized_worker	database_encryption;rls;access_audit	environment_retention_register_pending_legal_approval	delete_or_pseudonymize_after_approved_request_and_retention_expiry	kredit	configured_region;transfer_assessment_required_for_external_processor	Data Protection Lead
app	privacy_requests	version	confidential_commercial	business_or_transaction	application_or_authorized_provider	privacy_rights	pending_legal_approval	authorized_user;case_bound_compliance	validated_application_command;authorized_worker	database_encryption;rls;access_audit	environment_retention_register_pending_legal_approval	delete_or_pseudonymize_after_approved_request_and_retention_expiry	kredit	configured_region;transfer_assessment_required_for_external_processor	Data Protection Lead
app	privacy_requests	created_at	confidential_commercial	business_or_transaction	application_or_authorized_provider	privacy_rights	pending_legal_approval	authorized_user;case_bound_compliance	validated_application_command;authorized_worker	database_encryption;rls;access_audit	environment_retention_register_pending_legal_approval	delete_or_pseudonymize_after_approved_request_and_retention_expiry	kredit	configured_region;transfer_assessment_required_for_external_processor	Data Protection Lead
app	privacy_requests	updated_at	confidential_commercial	business_or_transaction	application_or_authorized_provider	privacy_rights	pending_legal_approval	authorized_user;case_bound_compliance	validated_application_command;authorized_worker	database_encryption;rls;access_audit	environment_retention_register_pending_legal_approval	delete_or_pseudonymize_after_approved_request_and_retention_expiry	kredit	configured_region;transfer_assessment_required_for_external_processor	Data Protection Lead
app	processing_restrictions	id	confidential_commercial	business_or_transaction	application_or_authorized_provider	operate_trade_credit_service	pending_legal_approval	tenant_scoped_application;authorized_operations	validated_application_command;authorized_worker	database_encryption;rls;access_audit	environment_retention_register_pending_legal_approval	delete_or_pseudonymize_after_approved_request_and_retention_expiry	kredit	configured_region;transfer_assessment_required_for_external_processor	Data Protection Lead
app	processing_restrictions	user_id	restricted_identity	account_user	application_or_authorized_provider	operate_trade_credit_service	pending_legal_approval	tenant_scoped_application;authorized_operations	validated_application_command;authorized_worker	database_encryption;rls;access_audit	environment_retention_register_pending_legal_approval	delete_or_pseudonymize_after_approved_request_and_retention_expiry	kredit	configured_region;transfer_assessment_required_for_external_processor	Data Protection Lead
app	processing_restrictions	privacy_request_id	confidential_commercial	business_or_transaction	application_or_authorized_provider	operate_trade_credit_service	pending_legal_approval	tenant_scoped_application;authorized_operations	validated_application_command;authorized_worker	database_encryption;rls;access_audit	environment_retention_register_pending_legal_approval	delete_or_pseudonymize_after_approved_request_and_retention_expiry	kredit	configured_region;transfer_assessment_required_for_external_processor	Data Protection Lead
app	processing_restrictions	scope	confidential_commercial	business_or_transaction	application_or_authorized_provider	operate_trade_credit_service	pending_legal_approval	tenant_scoped_application;authorized_operations	validated_application_command;authorized_worker	database_encryption;rls;access_audit	environment_retention_register_pending_legal_approval	delete_or_pseudonymize_after_approved_request_and_retention_expiry	kredit	configured_region;transfer_assessment_required_for_external_processor	Data Protection Lead
app	processing_restrictions	reason	confidential_commercial	business_or_transaction	application_or_authorized_provider	operate_trade_credit_service	pending_legal_approval	tenant_scoped_application;authorized_operations	validated_application_command;authorized_worker	database_encryption;rls;access_audit	environment_retention_register_pending_legal_approval	delete_or_pseudonymize_after_approved_request_and_retention_expiry	kredit	configured_region;transfer_assessment_required_for_external_processor	Data Protection Lead
app	processing_restrictions	active	confidential_commercial	business_or_transaction	application_or_authorized_provider	operate_trade_credit_service	pending_legal_approval	tenant_scoped_application;authorized_operations	validated_application_command;authorized_worker	database_encryption;rls;access_audit	environment_retention_register_pending_legal_approval	delete_or_pseudonymize_after_approved_request_and_retention_expiry	kredit	configured_region;transfer_assessment_required_for_external_processor	Data Protection Lead
app	processing_restrictions	created_at	confidential_commercial	business_or_transaction	application_or_authorized_provider	operate_trade_credit_service	pending_legal_approval	tenant_scoped_application;authorized_operations	validated_application_command;authorized_worker	database_encryption;rls;access_audit	environment_retention_register_pending_legal_approval	delete_or_pseudonymize_after_approved_request_and_retention_expiry	kredit	configured_region;transfer_assessment_required_for_external_processor	Data Protection Lead
app	processing_restrictions	lifted_at	confidential_commercial	business_or_transaction	application_or_authorized_provider	operate_trade_credit_service	pending_legal_approval	tenant_scoped_application;authorized_operations	validated_application_command;authorized_worker	database_encryption;rls;access_audit	environment_retention_register_pending_legal_approval	delete_or_pseudonymize_after_approved_request_and_retention_expiry	kredit	configured_region;transfer_assessment_required_for_external_processor	Data Protection Lead
app	provider_approvals	id	confidential_commercial	business_or_transaction	application_or_authorized_provider	operate_trade_credit_service	pending_legal_approval	tenant_scoped_application;authorized_operations	validated_application_command;authorized_worker	database_encryption;rls;access_audit	environment_retention_register_pending_legal_approval	delete_or_pseudonymize_after_approved_request_and_retention_expiry	approved_provider_if_configured	configured_region;transfer_assessment_required_for_external_processor	Domain Engineering Lead
app	provider_approvals	provider_name	restricted_identity	business_or_transaction	application_or_authorized_provider	operate_trade_credit_service	pending_legal_approval	tenant_scoped_application;authorized_operations	validated_application_command;authorized_worker	database_encryption;rls;access_audit	environment_retention_register_pending_legal_approval	delete_or_pseudonymize_after_approved_request_and_retention_expiry	approved_provider_if_configured	configured_region;transfer_assessment_required_for_external_processor	Domain Engineering Lead
app	provider_approvals	written_reference	confidential_commercial	business_or_transaction	application_or_authorized_provider	operate_trade_credit_service	pending_legal_approval	tenant_scoped_application;authorized_operations	validated_application_command;authorized_worker	database_encryption;rls;access_audit	environment_retention_register_pending_legal_approval	delete_or_pseudonymize_after_approved_request_and_retention_expiry	approved_provider_if_configured	configured_region;transfer_assessment_required_for_external_processor	Domain Engineering Lead
app	provider_approvals	approved_by	confidential_commercial	business_or_transaction	application_or_authorized_provider	operate_trade_credit_service	pending_legal_approval	tenant_scoped_application;authorized_operations	validated_application_command;authorized_worker	database_encryption;rls;access_audit	environment_retention_register_pending_legal_approval	delete_or_pseudonymize_after_approved_request_and_retention_expiry	approved_provider_if_configured	configured_region;transfer_assessment_required_for_external_processor	Domain Engineering Lead
app	provider_approvals	approved_at	confidential_commercial	business_or_transaction	application_or_authorized_provider	operate_trade_credit_service	pending_legal_approval	tenant_scoped_application;authorized_operations	validated_application_command;authorized_worker	database_encryption;rls;access_audit	environment_retention_register_pending_legal_approval	delete_or_pseudonymize_after_approved_request_and_retention_expiry	approved_provider_if_configured	configured_region;transfer_assessment_required_for_external_processor	Domain Engineering Lead
app	provider_approvals	allowed_capabilities	confidential_commercial	business_or_transaction	application_or_authorized_provider	operate_trade_credit_service	pending_legal_approval	tenant_scoped_application;authorized_operations	validated_application_command;authorized_worker	database_encryption;rls;access_audit	environment_retention_register_pending_legal_approval	delete_or_pseudonymize_after_approved_request_and_retention_expiry	approved_provider_if_configured	configured_region;transfer_assessment_required_for_external_processor	Domain Engineering Lead
app	provider_approvals	pilot_limit_kobo	restricted_financial	business_or_transaction	application_or_authorized_provider	operate_trade_credit_service	pending_legal_approval	tenant_scoped_application;authorized_operations	validated_application_command;authorized_worker	database_encryption;rls;access_audit	environment_retention_register_pending_legal_approval	delete_or_pseudonymize_after_approved_request_and_retention_expiry	approved_provider_if_configured	configured_region;transfer_assessment_required_for_external_processor	Domain Engineering Lead
app	provider_approvals	state	confidential_commercial	business_or_transaction	application_or_authorized_provider	operate_trade_credit_service	pending_legal_approval	tenant_scoped_application;authorized_operations	validated_application_command;authorized_worker	database_encryption;rls;access_audit	environment_retention_register_pending_legal_approval	delete_or_pseudonymize_after_approved_request_and_retention_expiry	approved_provider_if_configured	configured_region;transfer_assessment_required_for_external_processor	Domain Engineering Lead
app	provider_approvals	created_at	confidential_commercial	business_or_transaction	application_or_authorized_provider	operate_trade_credit_service	pending_legal_approval	tenant_scoped_application;authorized_operations	validated_application_command;authorized_worker	database_encryption;rls;access_audit	environment_retention_register_pending_legal_approval	delete_or_pseudonymize_after_approved_request_and_retention_expiry	approved_provider_if_configured	configured_region;transfer_assessment_required_for_external_processor	Domain Engineering Lead
app	provider_customer_bindings	provider	confidential_commercial	business_or_transaction	application_or_authorized_provider	operate_trade_credit_service	pending_legal_approval	tenant_scoped_application;authorized_operations	validated_application_command;authorized_worker	database_encryption;rls;access_audit	environment_retention_register_pending_legal_approval	delete_or_pseudonymize_after_approved_request_and_retention_expiry	approved_provider_if_configured	configured_region;transfer_assessment_required_for_external_processor	Domain Engineering Lead
app	provider_customer_bindings	buyer_user_id	restricted_identity	account_user	application_or_authorized_provider	operate_trade_credit_service	pending_legal_approval	tenant_scoped_application;authorized_operations	validated_application_command;authorized_worker	database_encryption;rls;access_audit	environment_retention_register_pending_legal_approval	delete_or_pseudonymize_after_approved_request_and_retention_expiry	approved_provider_if_configured	configured_region;transfer_assessment_required_for_external_processor	Domain Engineering Lead
app	provider_customer_bindings	buyer_business_id	confidential_commercial	business_or_transaction	application_or_authorized_provider	operate_trade_credit_service	pending_legal_approval	tenant_scoped_application;authorized_operations	validated_application_command;authorized_worker	database_encryption;rls;access_audit	environment_retention_register_pending_legal_approval	delete_or_pseudonymize_after_approved_request_and_retention_expiry	approved_provider_if_configured	configured_region;transfer_assessment_required_for_external_processor	Domain Engineering Lead
app	provider_customer_bindings	provider_customer_reference	confidential_commercial	business_or_transaction	application_or_authorized_provider	operate_trade_credit_service	pending_legal_approval	tenant_scoped_application;authorized_operations	validated_application_command;authorized_worker	database_encryption;rls;access_audit	environment_retention_register_pending_legal_approval	delete_or_pseudonymize_after_approved_request_and_retention_expiry	approved_provider_if_configured	configured_region;transfer_assessment_required_for_external_processor	Domain Engineering Lead
app	provider_customer_bindings	consent_version	confidential_commercial	business_or_transaction	application_or_authorized_provider	operate_trade_credit_service	pending_legal_approval	tenant_scoped_application;authorized_operations	validated_application_command;authorized_worker	database_encryption;rls;access_audit	environment_retention_register_pending_legal_approval	delete_or_pseudonymize_after_approved_request_and_retention_expiry	approved_provider_if_configured	configured_region;transfer_assessment_required_for_external_processor	Domain Engineering Lead
app	provider_customer_bindings	created_at	confidential_commercial	business_or_transaction	application_or_authorized_provider	operate_trade_credit_service	pending_legal_approval	tenant_scoped_application;authorized_operations	validated_application_command;authorized_worker	database_encryption;rls;access_audit	environment_retention_register_pending_legal_approval	delete_or_pseudonymize_after_approved_request_and_retention_expiry	approved_provider_if_configured	configured_region;transfer_assessment_required_for_external_processor	Domain Engineering Lead
app	provider_events	id	confidential_commercial	business_or_transaction	application_or_authorized_provider	operate_trade_credit_service	pending_legal_approval	tenant_scoped_application;authorized_operations	validated_application_command;authorized_worker	database_encryption;rls;access_audit	environment_retention_register_pending_legal_approval	delete_or_pseudonymize_after_approved_request_and_retention_expiry	approved_provider_if_configured	configured_region;transfer_assessment_required_for_external_processor	Domain Engineering Lead
app	provider_events	provider_name	restricted_identity	business_or_transaction	application_or_authorized_provider	operate_trade_credit_service	pending_legal_approval	tenant_scoped_application;authorized_operations	validated_application_command;authorized_worker	database_encryption;rls;access_audit	environment_retention_register_pending_legal_approval	delete_or_pseudonymize_after_approved_request_and_retention_expiry	approved_provider_if_configured	configured_region;transfer_assessment_required_for_external_processor	Domain Engineering Lead
app	provider_events	provider_event_id	confidential_commercial	business_or_transaction	application_or_authorized_provider	operate_trade_credit_service	pending_legal_approval	tenant_scoped_application;authorized_operations	validated_application_command;authorized_worker	database_encryption;rls;access_audit	environment_retention_register_pending_legal_approval	delete_or_pseudonymize_after_approved_request_and_retention_expiry	approved_provider_if_configured	configured_region;transfer_assessment_required_for_external_processor	Domain Engineering Lead
app	provider_events	external_reference	confidential_commercial	business_or_transaction	application_or_authorized_provider	operate_trade_credit_service	pending_legal_approval	tenant_scoped_application;authorized_operations	validated_application_command;authorized_worker	database_encryption;rls;access_audit	environment_retention_register_pending_legal_approval	delete_or_pseudonymize_after_approved_request_and_retention_expiry	approved_provider_if_configured	configured_region;transfer_assessment_required_for_external_processor	Domain Engineering Lead
app	provider_events	event_type	confidential_commercial	business_or_transaction	application_or_authorized_provider	operate_trade_credit_service	pending_legal_approval	tenant_scoped_application;authorized_operations	validated_application_command;authorized_worker	database_encryption;rls;access_audit	environment_retention_register_pending_legal_approval	delete_or_pseudonymize_after_approved_request_and_retention_expiry	approved_provider_if_configured	configured_region;transfer_assessment_required_for_external_processor	Domain Engineering Lead
app	provider_events	payload_hash	restricted_authentication	business_or_transaction	application_or_authorized_provider	operate_trade_credit_service	pending_legal_approval	tenant_scoped_application;authorized_operations	validated_application_command;authorized_worker	one_way_hmac_or_hash	environment_retention_register_pending_legal_approval	delete_or_pseudonymize_after_approved_request_and_retention_expiry	approved_provider_if_configured	configured_region;transfer_assessment_required_for_external_processor	Domain Engineering Lead
app	provider_events	state	confidential_commercial	business_or_transaction	application_or_authorized_provider	operate_trade_credit_service	pending_legal_approval	tenant_scoped_application;authorized_operations	validated_application_command;authorized_worker	database_encryption;rls;access_audit	environment_retention_register_pending_legal_approval	delete_or_pseudonymize_after_approved_request_and_retention_expiry	approved_provider_if_configured	configured_region;transfer_assessment_required_for_external_processor	Domain Engineering Lead
app	provider_events	settlement_state	restricted_financial	business_or_transaction	application_or_authorized_provider	operate_trade_credit_service	pending_legal_approval	tenant_scoped_application;authorized_operations	validated_application_command;authorized_worker	database_encryption;rls;access_audit	environment_retention_register_pending_legal_approval	delete_or_pseudonymize_after_approved_request_and_retention_expiry	approved_provider_if_configured	configured_region;transfer_assessment_required_for_external_processor	Domain Engineering Lead
app	provider_events	received_at	confidential_commercial	business_or_transaction	application_or_authorized_provider	operate_trade_credit_service	pending_legal_approval	tenant_scoped_application;authorized_operations	validated_application_command;authorized_worker	database_encryption;rls;access_audit	environment_retention_register_pending_legal_approval	delete_or_pseudonymize_after_approved_request_and_retention_expiry	approved_provider_if_configured	configured_region;transfer_assessment_required_for_external_processor	Domain Engineering Lead
app	provider_reconciliation_events	id	confidential_commercial	business_or_transaction	application_or_authorized_provider	operate_trade_credit_service	pending_legal_approval	tenant_scoped_application;authorized_operations	validated_application_command;authorized_worker	database_encryption;rls;access_audit	environment_retention_register_pending_legal_approval	delete_or_pseudonymize_after_approved_request_and_retention_expiry	approved_provider_if_configured	configured_region;transfer_assessment_required_for_external_processor	Domain Engineering Lead
app	provider_reconciliation_events	provider_name	restricted_identity	business_or_transaction	application_or_authorized_provider	operate_trade_credit_service	pending_legal_approval	tenant_scoped_application;authorized_operations	validated_application_command;authorized_worker	database_encryption;rls;access_audit	environment_retention_register_pending_legal_approval	delete_or_pseudonymize_after_approved_request_and_retention_expiry	approved_provider_if_configured	configured_region;transfer_assessment_required_for_external_processor	Domain Engineering Lead
app	provider_reconciliation_events	provider_collection_id	confidential_commercial	business_or_transaction	application_or_authorized_provider	operate_trade_credit_service	pending_legal_approval	tenant_scoped_application;authorized_operations	validated_application_command;authorized_worker	database_encryption;rls;access_audit	environment_retention_register_pending_legal_approval	delete_or_pseudonymize_after_approved_request_and_retention_expiry	approved_provider_if_configured	configured_region;transfer_assessment_required_for_external_processor	Domain Engineering Lead
app	provider_reconciliation_events	state	confidential_commercial	business_or_transaction	application_or_authorized_provider	operate_trade_credit_service	pending_legal_approval	tenant_scoped_application;authorized_operations	validated_application_command;authorized_worker	database_encryption;rls;access_audit	environment_retention_register_pending_legal_approval	delete_or_pseudonymize_after_approved_request_and_retention_expiry	approved_provider_if_configured	configured_region;transfer_assessment_required_for_external_processor	Domain Engineering Lead
app	provider_reconciliation_events	settlement_reference	restricted_financial	business_or_transaction	application_or_authorized_provider	operate_trade_credit_service	pending_legal_approval	tenant_scoped_application;authorized_operations	validated_application_command;authorized_worker	database_encryption;rls;access_audit	environment_retention_register_pending_legal_approval	delete_or_pseudonymize_after_approved_request_and_retention_expiry	approved_provider_if_configured	configured_region;transfer_assessment_required_for_external_processor	Domain Engineering Lead
app	provider_reconciliation_events	amount_kobo	restricted_financial	business_or_transaction	application_or_authorized_provider	operate_trade_credit_service	pending_legal_approval	tenant_scoped_application;authorized_operations	validated_application_command;authorized_worker	database_encryption;rls;access_audit	environment_retention_register_pending_legal_approval	delete_or_pseudonymize_after_approved_request_and_retention_expiry	approved_provider_if_configured	configured_region;transfer_assessment_required_for_external_processor	Domain Engineering Lead
app	provider_reconciliation_events	observed_at	confidential_commercial	business_or_transaction	application_or_authorized_provider	operate_trade_credit_service	pending_legal_approval	tenant_scoped_application;authorized_operations	validated_application_command;authorized_worker	database_encryption;rls;access_audit	environment_retention_register_pending_legal_approval	delete_or_pseudonymize_after_approved_request_and_retention_expiry	approved_provider_if_configured	configured_region;transfer_assessment_required_for_external_processor	Domain Engineering Lead
app	provider_webhook_inbox	id	confidential_commercial	business_or_transaction	application_or_authorized_provider	operate_trade_credit_service	pending_legal_approval	tenant_scoped_application;authorized_operations	validated_application_command;authorized_worker	database_encryption;rls;access_audit	environment_retention_register_pending_legal_approval	delete_or_pseudonymize_after_approved_request_and_retention_expiry	approved_provider_if_configured	configured_region;transfer_assessment_required_for_external_processor	Domain Engineering Lead
app	provider_webhook_inbox	provider	confidential_commercial	business_or_transaction	application_or_authorized_provider	operate_trade_credit_service	pending_legal_approval	tenant_scoped_application;authorized_operations	validated_application_command;authorized_worker	database_encryption;rls;access_audit	environment_retention_register_pending_legal_approval	delete_or_pseudonymize_after_approved_request_and_retention_expiry	approved_provider_if_configured	configured_region;transfer_assessment_required_for_external_processor	Domain Engineering Lead
app	provider_webhook_inbox	event_id	confidential_commercial	business_or_transaction	application_or_authorized_provider	operate_trade_credit_service	pending_legal_approval	tenant_scoped_application;authorized_operations	validated_application_command;authorized_worker	database_encryption;rls;access_audit	environment_retention_register_pending_legal_approval	delete_or_pseudonymize_after_approved_request_and_retention_expiry	approved_provider_if_configured	configured_region;transfer_assessment_required_for_external_processor	Domain Engineering Lead
app	provider_webhook_inbox	event_type	confidential_commercial	business_or_transaction	application_or_authorized_provider	operate_trade_credit_service	pending_legal_approval	tenant_scoped_application;authorized_operations	validated_application_command;authorized_worker	database_encryption;rls;access_audit	environment_retention_register_pending_legal_approval	delete_or_pseudonymize_after_approved_request_and_retention_expiry	approved_provider_if_configured	configured_region;transfer_assessment_required_for_external_processor	Domain Engineering Lead
app	provider_webhook_inbox	payload	confidential_commercial	business_or_transaction	application_or_authorized_provider	operate_trade_credit_service	pending_legal_approval	tenant_scoped_application;authorized_operations	validated_application_command;authorized_worker	database_encryption;rls;access_audit	environment_retention_register_pending_legal_approval	delete_or_pseudonymize_after_approved_request_and_retention_expiry	approved_provider_if_configured	configured_region;transfer_assessment_required_for_external_processor	Domain Engineering Lead
app	provider_webhook_inbox	signature_valid	confidential_commercial	business_or_transaction	application_or_authorized_provider	operate_trade_credit_service	pending_legal_approval	tenant_scoped_application;authorized_operations	validated_application_command;authorized_worker	database_encryption;rls;access_audit	environment_retention_register_pending_legal_approval	delete_or_pseudonymize_after_approved_request_and_retention_expiry	approved_provider_if_configured	configured_region;transfer_assessment_required_for_external_processor	Domain Engineering Lead
app	provider_webhook_inbox	state	confidential_commercial	business_or_transaction	application_or_authorized_provider	operate_trade_credit_service	pending_legal_approval	tenant_scoped_application;authorized_operations	validated_application_command;authorized_worker	database_encryption;rls;access_audit	environment_retention_register_pending_legal_approval	delete_or_pseudonymize_after_approved_request_and_retention_expiry	approved_provider_if_configured	configured_region;transfer_assessment_required_for_external_processor	Domain Engineering Lead
app	provider_webhook_inbox	attempts	confidential_commercial	business_or_transaction	application_or_authorized_provider	operate_trade_credit_service	pending_legal_approval	tenant_scoped_application;authorized_operations	validated_application_command;authorized_worker	database_encryption;rls;access_audit	environment_retention_register_pending_legal_approval	delete_or_pseudonymize_after_approved_request_and_retention_expiry	approved_provider_if_configured	configured_region;transfer_assessment_required_for_external_processor	Domain Engineering Lead
app	provider_webhook_inbox	last_error	confidential_commercial	business_or_transaction	application_or_authorized_provider	operate_trade_credit_service	pending_legal_approval	tenant_scoped_application;authorized_operations	validated_application_command;authorized_worker	database_encryption;rls;access_audit	environment_retention_register_pending_legal_approval	delete_or_pseudonymize_after_approved_request_and_retention_expiry	approved_provider_if_configured	configured_region;transfer_assessment_required_for_external_processor	Domain Engineering Lead
app	provider_webhook_inbox	received_at	confidential_commercial	business_or_transaction	application_or_authorized_provider	operate_trade_credit_service	pending_legal_approval	tenant_scoped_application;authorized_operations	validated_application_command;authorized_worker	database_encryption;rls;access_audit	environment_retention_register_pending_legal_approval	delete_or_pseudonymize_after_approved_request_and_retention_expiry	approved_provider_if_configured	configured_region;transfer_assessment_required_for_external_processor	Domain Engineering Lead
app	provider_webhook_inbox	processed_at	confidential_commercial	business_or_transaction	application_or_authorized_provider	operate_trade_credit_service	pending_legal_approval	tenant_scoped_application;authorized_operations	validated_application_command;authorized_worker	database_encryption;rls;access_audit	environment_retention_register_pending_legal_approval	delete_or_pseudonymize_after_approved_request_and_retention_expiry	approved_provider_if_configured	configured_region;transfer_assessment_required_for_external_processor	Domain Engineering Lead
app	provider_webhook_inbox	duplicate_count	confidential_commercial	business_or_transaction	application_or_authorized_provider	operate_trade_credit_service	pending_legal_approval	tenant_scoped_application;authorized_operations	validated_application_command;authorized_worker	database_encryption;rls;access_audit	environment_retention_register_pending_legal_approval	delete_or_pseudonymize_after_approved_request_and_retention_expiry	approved_provider_if_configured	configured_region;transfer_assessment_required_for_external_processor	Domain Engineering Lead
app	provider_webhook_inbox	provider_sequence	confidential_commercial	business_or_transaction	application_or_authorized_provider	operate_trade_credit_service	pending_legal_approval	tenant_scoped_application;authorized_operations	validated_application_command;authorized_worker	database_encryption;rls;access_audit	environment_retention_register_pending_legal_approval	delete_or_pseudonymize_after_approved_request_and_retention_expiry	approved_provider_if_configured	configured_region;transfer_assessment_required_for_external_processor	Domain Engineering Lead
app	receipt_confirmations	id	confidential_commercial	business_or_transaction	application_or_authorized_provider	operate_trade_credit_service	pending_legal_approval	tenant_scoped_application;authorized_operations	validated_application_command;authorized_worker	database_encryption;rls;access_audit	environment_retention_register_pending_legal_approval	delete_or_pseudonymize_after_approved_request_and_retention_expiry	kredit	configured_region;transfer_assessment_required_for_external_processor	Domain Engineering Lead
app	receipt_confirmations	credit_request_id	confidential_commercial	business_or_transaction	application_or_authorized_provider	operate_trade_credit_service	pending_legal_approval	tenant_scoped_application;authorized_operations	validated_application_command;authorized_worker	database_encryption;rls;access_audit	environment_retention_register_pending_legal_approval	delete_or_pseudonymize_after_approved_request_and_retention_expiry	kredit	configured_region;transfer_assessment_required_for_external_processor	Domain Engineering Lead
app	receipt_confirmations	buyer_user_id	restricted_identity	account_user	application_or_authorized_provider	operate_trade_credit_service	pending_legal_approval	tenant_scoped_application;authorized_operations	validated_application_command;authorized_worker	database_encryption;rls;access_audit	environment_retention_register_pending_legal_approval	delete_or_pseudonymize_after_approved_request_and_retention_expiry	kredit	configured_region;transfer_assessment_required_for_external_processor	Domain Engineering Lead
app	receipt_confirmations	state	confidential_commercial	business_or_transaction	application_or_authorized_provider	operate_trade_credit_service	pending_legal_approval	tenant_scoped_application;authorized_operations	validated_application_command;authorized_worker	database_encryption;rls;access_audit	environment_retention_register_pending_legal_approval	delete_or_pseudonymize_after_approved_request_and_retention_expiry	kredit	configured_region;transfer_assessment_required_for_external_processor	Domain Engineering Lead
app	receipt_confirmations	issue_reason	confidential_commercial	business_or_transaction	application_or_authorized_provider	operate_trade_credit_service	pending_legal_approval	tenant_scoped_application;authorized_operations	validated_application_command;authorized_worker	database_encryption;rls;access_audit	environment_retention_register_pending_legal_approval	delete_or_pseudonymize_after_approved_request_and_retention_expiry	kredit	configured_region;transfer_assessment_required_for_external_processor	Domain Engineering Lead
app	receipt_confirmations	received_at	confidential_commercial	business_or_transaction	application_or_authorized_provider	operate_trade_credit_service	pending_legal_approval	tenant_scoped_application;authorized_operations	validated_application_command;authorized_worker	database_encryption;rls;access_audit	environment_retention_register_pending_legal_approval	delete_or_pseudonymize_after_approved_request_and_retention_expiry	kredit	configured_region;transfer_assessment_required_for_external_processor	Domain Engineering Lead
app	reconciliation_cases	id	confidential_commercial	business_or_transaction	application_or_authorized_provider	operate_trade_credit_service	pending_legal_approval	tenant_scoped_application;authorized_operations	validated_application_command;authorized_worker	database_encryption;rls;access_audit	environment_retention_register_pending_legal_approval	delete_or_pseudonymize_after_approved_request_and_retention_expiry	kredit	configured_region;transfer_assessment_required_for_external_processor	Domain Engineering Lead
app	reconciliation_cases	provider	confidential_commercial	business_or_transaction	application_or_authorized_provider	operate_trade_credit_service	pending_legal_approval	tenant_scoped_application;authorized_operations	validated_application_command;authorized_worker	database_encryption;rls;access_audit	environment_retention_register_pending_legal_approval	delete_or_pseudonymize_after_approved_request_and_retention_expiry	kredit	configured_region;transfer_assessment_required_for_external_processor	Domain Engineering Lead
app	reconciliation_cases	operation	confidential_commercial	business_or_transaction	application_or_authorized_provider	operate_trade_credit_service	pending_legal_approval	tenant_scoped_application;authorized_operations	validated_application_command;authorized_worker	database_encryption;rls;access_audit	environment_retention_register_pending_legal_approval	delete_or_pseudonymize_after_approved_request_and_retention_expiry	kredit	configured_region;transfer_assessment_required_for_external_processor	Domain Engineering Lead
app	reconciliation_cases	target_type	confidential_commercial	business_or_transaction	application_or_authorized_provider	operate_trade_credit_service	pending_legal_approval	tenant_scoped_application;authorized_operations	validated_application_command;authorized_worker	database_encryption;rls;access_audit	environment_retention_register_pending_legal_approval	delete_or_pseudonymize_after_approved_request_and_retention_expiry	kredit	configured_region;transfer_assessment_required_for_external_processor	Domain Engineering Lead
app	reconciliation_cases	target_id	confidential_commercial	business_or_transaction	application_or_authorized_provider	operate_trade_credit_service	pending_legal_approval	tenant_scoped_application;authorized_operations	validated_application_command;authorized_worker	database_encryption;rls;access_audit	environment_retention_register_pending_legal_approval	delete_or_pseudonymize_after_approved_request_and_retention_expiry	kredit	configured_region;transfer_assessment_required_for_external_processor	Domain Engineering Lead
app	reconciliation_cases	state	confidential_commercial	business_or_transaction	application_or_authorized_provider	operate_trade_credit_service	pending_legal_approval	tenant_scoped_application;authorized_operations	validated_application_command;authorized_worker	database_encryption;rls;access_audit	environment_retention_register_pending_legal_approval	delete_or_pseudonymize_after_approved_request_and_retention_expiry	kredit	configured_region;transfer_assessment_required_for_external_processor	Domain Engineering Lead
app	reconciliation_cases	reason	confidential_commercial	business_or_transaction	application_or_authorized_provider	operate_trade_credit_service	pending_legal_approval	tenant_scoped_application;authorized_operations	validated_application_command;authorized_worker	database_encryption;rls;access_audit	environment_retention_register_pending_legal_approval	delete_or_pseudonymize_after_approved_request_and_retention_expiry	kredit	configured_region;transfer_assessment_required_for_external_processor	Domain Engineering Lead
app	reconciliation_cases	resolution	confidential_commercial	business_or_transaction	application_or_authorized_provider	operate_trade_credit_service	pending_legal_approval	tenant_scoped_application;authorized_operations	validated_application_command;authorized_worker	database_encryption;rls;access_audit	environment_retention_register_pending_legal_approval	delete_or_pseudonymize_after_approved_request_and_retention_expiry	kredit	configured_region;transfer_assessment_required_for_external_processor	Domain Engineering Lead
app	reconciliation_cases	requested_by	confidential_commercial	business_or_transaction	application_or_authorized_provider	operate_trade_credit_service	pending_legal_approval	tenant_scoped_application;authorized_operations	validated_application_command;authorized_worker	database_encryption;rls;access_audit	environment_retention_register_pending_legal_approval	delete_or_pseudonymize_after_approved_request_and_retention_expiry	kredit	configured_region;transfer_assessment_required_for_external_processor	Domain Engineering Lead
app	reconciliation_cases	resolved_by	confidential_commercial	business_or_transaction	application_or_authorized_provider	operate_trade_credit_service	pending_legal_approval	tenant_scoped_application;authorized_operations	validated_application_command;authorized_worker	database_encryption;rls;access_audit	environment_retention_register_pending_legal_approval	delete_or_pseudonymize_after_approved_request_and_retention_expiry	kredit	configured_region;transfer_assessment_required_for_external_processor	Domain Engineering Lead
app	reconciliation_cases	created_at	confidential_commercial	business_or_transaction	application_or_authorized_provider	operate_trade_credit_service	pending_legal_approval	tenant_scoped_application;authorized_operations	validated_application_command;authorized_worker	database_encryption;rls;access_audit	environment_retention_register_pending_legal_approval	delete_or_pseudonymize_after_approved_request_and_retention_expiry	kredit	configured_region;transfer_assessment_required_for_external_processor	Domain Engineering Lead
app	reconciliation_cases	resolved_at	confidential_commercial	business_or_transaction	application_or_authorized_provider	operate_trade_credit_service	pending_legal_approval	tenant_scoped_application;authorized_operations	validated_application_command;authorized_worker	database_encryption;rls;access_audit	environment_retention_register_pending_legal_approval	delete_or_pseudonymize_after_approved_request_and_retention_expiry	kredit	configured_region;transfer_assessment_required_for_external_processor	Domain Engineering Lead
app	reconciliation_cases	version	confidential_commercial	business_or_transaction	application_or_authorized_provider	operate_trade_credit_service	pending_legal_approval	tenant_scoped_application;authorized_operations	validated_application_command;authorized_worker	database_encryption;rls;access_audit	environment_retention_register_pending_legal_approval	delete_or_pseudonymize_after_approved_request_and_retention_expiry	kredit	configured_region;transfer_assessment_required_for_external_processor	Domain Engineering Lead
app	relationship_consents	id	confidential_commercial	business_or_transaction	application_or_authorized_provider	privacy_rights	pending_legal_approval	tenant_scoped_application;authorized_operations	validated_application_command;authorized_worker	database_encryption;rls;access_audit	environment_retention_register_pending_legal_approval	delete_or_pseudonymize_after_approved_request_and_retention_expiry	kredit	configured_region;transfer_assessment_required_for_external_processor	Domain Engineering Lead
app	relationship_consents	buyer_user_id	restricted_identity	account_user	application_or_authorized_provider	privacy_rights	pending_legal_approval	tenant_scoped_application;authorized_operations	validated_application_command;authorized_worker	database_encryption;rls;access_audit	environment_retention_register_pending_legal_approval	delete_or_pseudonymize_after_approved_request_and_retention_expiry	kredit	configured_region;transfer_assessment_required_for_external_processor	Domain Engineering Lead
app	relationship_consents	supplier_organization_id	confidential_commercial	business_or_transaction	application_or_authorized_provider	privacy_rights	pending_legal_approval	tenant_scoped_application;authorized_operations	validated_application_command;authorized_worker	database_encryption;rls;access_audit	environment_retention_register_pending_legal_approval	delete_or_pseudonymize_after_approved_request_and_retention_expiry	kredit	configured_region;transfer_assessment_required_for_external_processor	Domain Engineering Lead
app	relationship_consents	consent_type	confidential_commercial	business_or_transaction	application_or_authorized_provider	privacy_rights	pending_legal_approval	tenant_scoped_application;authorized_operations	validated_application_command;authorized_worker	database_encryption;rls;access_audit	environment_retention_register_pending_legal_approval	delete_or_pseudonymize_after_approved_request_and_retention_expiry	kredit	configured_region;transfer_assessment_required_for_external_processor	Domain Engineering Lead
app	relationship_consents	version	confidential_commercial	business_or_transaction	application_or_authorized_provider	privacy_rights	pending_legal_approval	tenant_scoped_application;authorized_operations	validated_application_command;authorized_worker	database_encryption;rls;access_audit	environment_retention_register_pending_legal_approval	delete_or_pseudonymize_after_approved_request_and_retention_expiry	kredit	configured_region;transfer_assessment_required_for_external_processor	Domain Engineering Lead
app	relationship_consents	evidence_hash	restricted_authentication	business_or_transaction	application_or_authorized_provider	privacy_rights	pending_legal_approval	tenant_scoped_application;authorized_operations	validated_application_command;authorized_worker	one_way_hmac_or_hash	environment_retention_register_pending_legal_approval	delete_or_pseudonymize_after_approved_request_and_retention_expiry	kredit	configured_region;transfer_assessment_required_for_external_processor	Domain Engineering Lead
app	relationship_consents	granted	confidential_commercial	business_or_transaction	application_or_authorized_provider	privacy_rights	pending_legal_approval	tenant_scoped_application;authorized_operations	validated_application_command;authorized_worker	database_encryption;rls;access_audit	environment_retention_register_pending_legal_approval	delete_or_pseudonymize_after_approved_request_and_retention_expiry	kredit	configured_region;transfer_assessment_required_for_external_processor	Domain Engineering Lead
app	relationship_consents	created_at	confidential_commercial	business_or_transaction	application_or_authorized_provider	privacy_rights	pending_legal_approval	tenant_scoped_application;authorized_operations	validated_application_command;authorized_worker	database_encryption;rls;access_audit	environment_retention_register_pending_legal_approval	delete_or_pseudonymize_after_approved_request_and_retention_expiry	kredit	configured_region;transfer_assessment_required_for_external_processor	Domain Engineering Lead
app	release_evidence	id	confidential_commercial	business_or_transaction	application_or_authorized_provider	operate_trade_credit_service	pending_legal_approval	tenant_scoped_application;authorized_operations	validated_application_command;authorized_worker	database_encryption;rls;access_audit	environment_retention_register_pending_legal_approval	delete_or_pseudonymize_after_approved_request_and_retention_expiry	kredit	configured_region;transfer_assessment_required_for_external_processor	Domain Engineering Lead
app	release_evidence	gate_name	restricted_identity	business_or_transaction	application_or_authorized_provider	operate_trade_credit_service	pending_legal_approval	tenant_scoped_application;authorized_operations	validated_application_command;authorized_worker	database_encryption;rls;access_audit	environment_retention_register_pending_legal_approval	delete_or_pseudonymize_after_approved_request_and_retention_expiry	kredit	configured_region;transfer_assessment_required_for_external_processor	Domain Engineering Lead
app	release_evidence	reference	confidential_commercial	business_or_transaction	application_or_authorized_provider	operate_trade_credit_service	pending_legal_approval	tenant_scoped_application;authorized_operations	validated_application_command;authorized_worker	database_encryption;rls;access_audit	environment_retention_register_pending_legal_approval	delete_or_pseudonymize_after_approved_request_and_retention_expiry	kredit	configured_region;transfer_assessment_required_for_external_processor	Domain Engineering Lead
app	release_evidence	reviewed_by	confidential_commercial	business_or_transaction	application_or_authorized_provider	operate_trade_credit_service	pending_legal_approval	tenant_scoped_application;authorized_operations	validated_application_command;authorized_worker	database_encryption;rls;access_audit	environment_retention_register_pending_legal_approval	delete_or_pseudonymize_after_approved_request_and_retention_expiry	kredit	configured_region;transfer_assessment_required_for_external_processor	Domain Engineering Lead
app	release_evidence	reviewed_at	confidential_commercial	business_or_transaction	application_or_authorized_provider	operate_trade_credit_service	pending_legal_approval	tenant_scoped_application;authorized_operations	validated_application_command;authorized_worker	database_encryption;rls;access_audit	environment_retention_register_pending_legal_approval	delete_or_pseudonymize_after_approved_request_and_retention_expiry	kredit	configured_region;transfer_assessment_required_for_external_processor	Domain Engineering Lead
app	release_evidence	state	confidential_commercial	business_or_transaction	application_or_authorized_provider	operate_trade_credit_service	pending_legal_approval	tenant_scoped_application;authorized_operations	validated_application_command;authorized_worker	database_encryption;rls;access_audit	environment_retention_register_pending_legal_approval	delete_or_pseudonymize_after_approved_request_and_retention_expiry	kredit	configured_region;transfer_assessment_required_for_external_processor	Domain Engineering Lead
app	release_evidence	notes	confidential_commercial	business_or_transaction	application_or_authorized_provider	operate_trade_credit_service	pending_legal_approval	tenant_scoped_application;authorized_operations	validated_application_command;authorized_worker	database_encryption;rls;access_audit	environment_retention_register_pending_legal_approval	delete_or_pseudonymize_after_approved_request_and_retention_expiry	kredit	configured_region;transfer_assessment_required_for_external_processor	Domain Engineering Lead
app	release_evidence	created_at	confidential_commercial	business_or_transaction	application_or_authorized_provider	operate_trade_credit_service	pending_legal_approval	tenant_scoped_application;authorized_operations	validated_application_command;authorized_worker	database_encryption;rls;access_audit	environment_retention_register_pending_legal_approval	delete_or_pseudonymize_after_approved_request_and_retention_expiry	kredit	configured_region;transfer_assessment_required_for_external_processor	Domain Engineering Lead
app	repayment_schedules	id	confidential_commercial	business_or_transaction	application_or_authorized_provider	operate_trade_credit_service	pending_legal_approval	tenant_scoped_application;authorized_operations	validated_application_command;authorized_worker	database_encryption;rls;access_audit	environment_retention_register_pending_legal_approval	retain_under_financial_or_legal_hold;restrict_or_pseudonymize	kredit	configured_region;transfer_assessment_required_for_external_processor	Domain Engineering Lead
app	repayment_schedules	obligation_id	confidential_commercial	business_or_transaction	application_or_authorized_provider	operate_trade_credit_service	pending_legal_approval	tenant_scoped_application;authorized_operations	validated_application_command;authorized_worker	database_encryption;rls;access_audit	environment_retention_register_pending_legal_approval	retain_under_financial_or_legal_hold;restrict_or_pseudonymize	kredit	configured_region;transfer_assessment_required_for_external_processor	Domain Engineering Lead
app	repayment_schedules	schedule_type	confidential_commercial	business_or_transaction	application_or_authorized_provider	operate_trade_credit_service	pending_legal_approval	tenant_scoped_application;authorized_operations	validated_application_command;authorized_worker	database_encryption;rls;access_audit	environment_retention_register_pending_legal_approval	retain_under_financial_or_legal_hold;restrict_or_pseudonymize	kredit	configured_region;transfer_assessment_required_for_external_processor	Domain Engineering Lead
app	repayment_schedules	timezone	confidential_commercial	business_or_transaction	application_or_authorized_provider	operate_trade_credit_service	pending_legal_approval	tenant_scoped_application;authorized_operations	validated_application_command;authorized_worker	database_encryption;rls;access_audit	environment_retention_register_pending_legal_approval	retain_under_financial_or_legal_hold;restrict_or_pseudonymize	kredit	configured_region;transfer_assessment_required_for_external_processor	Domain Engineering Lead
app	repayment_schedules	allocation_policy	confidential_commercial	business_or_transaction	application_or_authorized_provider	operate_trade_credit_service	pending_legal_approval	tenant_scoped_application;authorized_operations	validated_application_command;authorized_worker	database_encryption;rls;access_audit	environment_retention_register_pending_legal_approval	retain_under_financial_or_legal_hold;restrict_or_pseudonymize	kredit	configured_region;transfer_assessment_required_for_external_processor	Domain Engineering Lead
app	repayment_schedules	cadence	confidential_commercial	business_or_transaction	application_or_authorized_provider	operate_trade_credit_service	pending_legal_approval	tenant_scoped_application;authorized_operations	validated_application_command;authorized_worker	database_encryption;rls;access_audit	environment_retention_register_pending_legal_approval	retain_under_financial_or_legal_hold;restrict_or_pseudonymize	kredit	configured_region;transfer_assessment_required_for_external_processor	Domain Engineering Lead
app	repayment_schedules	grace_hours	confidential_commercial	business_or_transaction	application_or_authorized_provider	operate_trade_credit_service	pending_legal_approval	tenant_scoped_application;authorized_operations	validated_application_command;authorized_worker	database_encryption;rls;access_audit	environment_retention_register_pending_legal_approval	retain_under_financial_or_legal_hold;restrict_or_pseudonymize	kredit	configured_region;transfer_assessment_required_for_external_processor	Domain Engineering Lead
app	repayment_schedules	status	confidential_commercial	business_or_transaction	application_or_authorized_provider	operate_trade_credit_service	pending_legal_approval	tenant_scoped_application;authorized_operations	validated_application_command;authorized_worker	database_encryption;rls;access_audit	environment_retention_register_pending_legal_approval	retain_under_financial_or_legal_hold;restrict_or_pseudonymize	kredit	configured_region;transfer_assessment_required_for_external_processor	Domain Engineering Lead
app	repayment_schedules	created_at	confidential_commercial	business_or_transaction	application_or_authorized_provider	operate_trade_credit_service	pending_legal_approval	tenant_scoped_application;authorized_operations	validated_application_command;authorized_worker	database_encryption;rls;access_audit	environment_retention_register_pending_legal_approval	retain_under_financial_or_legal_hold;restrict_or_pseudonymize	kredit	configured_region;transfer_assessment_required_for_external_processor	Domain Engineering Lead
app	request_rate_limits	bucket_hash	restricted_authentication	business_or_transaction	application_or_authorized_provider	operate_trade_credit_service	pending_legal_approval	tenant_scoped_application;authorized_operations	validated_application_command;authorized_worker	one_way_hmac_or_hash	environment_retention_register_pending_legal_approval	delete_or_pseudonymize_after_approved_request_and_retention_expiry	kredit	configured_region;transfer_assessment_required_for_external_processor	Domain Engineering Lead
app	request_rate_limits	attempt_count	confidential_commercial	business_or_transaction	application_or_authorized_provider	operate_trade_credit_service	pending_legal_approval	tenant_scoped_application;authorized_operations	validated_application_command;authorized_worker	database_encryption;rls;access_audit	environment_retention_register_pending_legal_approval	delete_or_pseudonymize_after_approved_request_and_retention_expiry	kredit	configured_region;transfer_assessment_required_for_external_processor	Domain Engineering Lead
app	request_rate_limits	window_started_at	confidential_commercial	business_or_transaction	application_or_authorized_provider	operate_trade_credit_service	pending_legal_approval	tenant_scoped_application;authorized_operations	validated_application_command;authorized_worker	database_encryption;rls;access_audit	environment_retention_register_pending_legal_approval	delete_or_pseudonymize_after_approved_request_and_retention_expiry	kredit	configured_region;transfer_assessment_required_for_external_processor	Domain Engineering Lead
app	risk_holds	id	confidential_commercial	business_or_transaction	application_or_authorized_provider	operate_trade_credit_service	pending_legal_approval	tenant_scoped_application;authorized_operations	validated_application_command;authorized_worker	database_encryption;rls;access_audit	environment_retention_register_pending_legal_approval	delete_or_pseudonymize_after_approved_request_and_retention_expiry	kredit	configured_region;transfer_assessment_required_for_external_processor	Domain Engineering Lead
app	risk_holds	target_type	confidential_commercial	business_or_transaction	application_or_authorized_provider	operate_trade_credit_service	pending_legal_approval	tenant_scoped_application;authorized_operations	validated_application_command;authorized_worker	database_encryption;rls;access_audit	environment_retention_register_pending_legal_approval	delete_or_pseudonymize_after_approved_request_and_retention_expiry	kredit	configured_region;transfer_assessment_required_for_external_processor	Domain Engineering Lead
app	risk_holds	target_id	confidential_commercial	business_or_transaction	application_or_authorized_provider	operate_trade_credit_service	pending_legal_approval	tenant_scoped_application;authorized_operations	validated_application_command;authorized_worker	database_encryption;rls;access_audit	environment_retention_register_pending_legal_approval	delete_or_pseudonymize_after_approved_request_and_retention_expiry	kredit	configured_region;transfer_assessment_required_for_external_processor	Domain Engineering Lead
app	risk_holds	scope	confidential_commercial	business_or_transaction	application_or_authorized_provider	operate_trade_credit_service	pending_legal_approval	tenant_scoped_application;authorized_operations	validated_application_command;authorized_worker	database_encryption;rls;access_audit	environment_retention_register_pending_legal_approval	delete_or_pseudonymize_after_approved_request_and_retention_expiry	kredit	configured_region;transfer_assessment_required_for_external_processor	Domain Engineering Lead
app	risk_holds	reason	confidential_commercial	business_or_transaction	application_or_authorized_provider	operate_trade_credit_service	pending_legal_approval	tenant_scoped_application;authorized_operations	validated_application_command;authorized_worker	database_encryption;rls;access_audit	environment_retention_register_pending_legal_approval	delete_or_pseudonymize_after_approved_request_and_retention_expiry	kredit	configured_region;transfer_assessment_required_for_external_processor	Domain Engineering Lead
app	risk_holds	expires_at	confidential_commercial	business_or_transaction	application_or_authorized_provider	operate_trade_credit_service	pending_legal_approval	tenant_scoped_application;authorized_operations	validated_application_command;authorized_worker	database_encryption;rls;access_audit	environment_retention_register_pending_legal_approval	delete_or_pseudonymize_after_approved_request_and_retention_expiry	kredit	configured_region;transfer_assessment_required_for_external_processor	Domain Engineering Lead
app	risk_holds	created_by	confidential_commercial	business_or_transaction	application_or_authorized_provider	operate_trade_credit_service	pending_legal_approval	tenant_scoped_application;authorized_operations	validated_application_command;authorized_worker	database_encryption;rls;access_audit	environment_retention_register_pending_legal_approval	delete_or_pseudonymize_after_approved_request_and_retention_expiry	kredit	configured_region;transfer_assessment_required_for_external_processor	Domain Engineering Lead
app	risk_holds	created_at	confidential_commercial	business_or_transaction	application_or_authorized_provider	operate_trade_credit_service	pending_legal_approval	tenant_scoped_application;authorized_operations	validated_application_command;authorized_worker	database_encryption;rls;access_audit	environment_retention_register_pending_legal_approval	delete_or_pseudonymize_after_approved_request_and_retention_expiry	kredit	configured_region;transfer_assessment_required_for_external_processor	Domain Engineering Lead
app	risk_holds	lifted_by	confidential_commercial	business_or_transaction	application_or_authorized_provider	operate_trade_credit_service	pending_legal_approval	tenant_scoped_application;authorized_operations	validated_application_command;authorized_worker	database_encryption;rls;access_audit	environment_retention_register_pending_legal_approval	delete_or_pseudonymize_after_approved_request_and_retention_expiry	kredit	configured_region;transfer_assessment_required_for_external_processor	Domain Engineering Lead
app	risk_holds	lifted_reason	confidential_commercial	business_or_transaction	application_or_authorized_provider	operate_trade_credit_service	pending_legal_approval	tenant_scoped_application;authorized_operations	validated_application_command;authorized_worker	database_encryption;rls;access_audit	environment_retention_register_pending_legal_approval	delete_or_pseudonymize_after_approved_request_and_retention_expiry	kredit	configured_region;transfer_assessment_required_for_external_processor	Domain Engineering Lead
app	risk_holds	lifted_at	confidential_commercial	business_or_transaction	application_or_authorized_provider	operate_trade_credit_service	pending_legal_approval	tenant_scoped_application;authorized_operations	validated_application_command;authorized_worker	database_encryption;rls;access_audit	environment_retention_register_pending_legal_approval	delete_or_pseudonymize_after_approved_request_and_retention_expiry	kredit	configured_region;transfer_assessment_required_for_external_processor	Domain Engineering Lead
app	risk_holds	version	confidential_commercial	business_or_transaction	application_or_authorized_provider	operate_trade_credit_service	pending_legal_approval	tenant_scoped_application;authorized_operations	validated_application_command;authorized_worker	database_encryption;rls;access_audit	environment_retention_register_pending_legal_approval	delete_or_pseudonymize_after_approved_request_and_retention_expiry	kredit	configured_region;transfer_assessment_required_for_external_processor	Domain Engineering Lead
app	schedule_items	id	confidential_commercial	business_or_transaction	application_or_authorized_provider	operate_trade_credit_service	pending_legal_approval	tenant_scoped_application;authorized_operations	validated_application_command;authorized_worker	database_encryption;rls;access_audit	environment_retention_register_pending_legal_approval	delete_or_pseudonymize_after_approved_request_and_retention_expiry	kredit	configured_region;transfer_assessment_required_for_external_processor	Domain Engineering Lead
app	schedule_items	schedule_id	confidential_commercial	business_or_transaction	application_or_authorized_provider	operate_trade_credit_service	pending_legal_approval	tenant_scoped_application;authorized_operations	validated_application_command;authorized_worker	database_encryption;rls;access_audit	environment_retention_register_pending_legal_approval	delete_or_pseudonymize_after_approved_request_and_retention_expiry	kredit	configured_region;transfer_assessment_required_for_external_processor	Domain Engineering Lead
app	schedule_items	sequence	confidential_commercial	business_or_transaction	application_or_authorized_provider	operate_trade_credit_service	pending_legal_approval	tenant_scoped_application;authorized_operations	validated_application_command;authorized_worker	database_encryption;rls;access_audit	environment_retention_register_pending_legal_approval	delete_or_pseudonymize_after_approved_request_and_retention_expiry	kredit	configured_region;transfer_assessment_required_for_external_processor	Domain Engineering Lead
app	schedule_items	principal_due_kobo	restricted_financial	business_or_transaction	application_or_authorized_provider	operate_trade_credit_service	pending_legal_approval	tenant_scoped_application;authorized_operations	validated_application_command;authorized_worker	database_encryption;rls;access_audit	environment_retention_register_pending_legal_approval	delete_or_pseudonymize_after_approved_request_and_retention_expiry	kredit	configured_region;transfer_assessment_required_for_external_processor	Domain Engineering Lead
app	schedule_items	due_at	confidential_commercial	business_or_transaction	application_or_authorized_provider	operate_trade_credit_service	pending_legal_approval	tenant_scoped_application;authorized_operations	validated_application_command;authorized_worker	database_encryption;rls;access_audit	environment_retention_register_pending_legal_approval	delete_or_pseudonymize_after_approved_request_and_retention_expiry	kredit	configured_region;transfer_assessment_required_for_external_processor	Domain Engineering Lead
app	schedule_items	grace_hours	confidential_commercial	business_or_transaction	application_or_authorized_provider	operate_trade_credit_service	pending_legal_approval	tenant_scoped_application;authorized_operations	validated_application_command;authorized_worker	database_encryption;rls;access_audit	environment_retention_register_pending_legal_approval	delete_or_pseudonymize_after_approved_request_and_retention_expiry	kredit	configured_region;transfer_assessment_required_for_external_processor	Domain Engineering Lead
app	schedule_items	collection_at	confidential_commercial	business_or_transaction	application_or_authorized_provider	operate_trade_credit_service	pending_legal_approval	tenant_scoped_application;authorized_operations	validated_application_command;authorized_worker	database_encryption;rls;access_audit	environment_retention_register_pending_legal_approval	delete_or_pseudonymize_after_approved_request_and_retention_expiry	kredit	configured_region;transfer_assessment_required_for_external_processor	Domain Engineering Lead
app	schedule_items	allocated_kobo	restricted_financial	business_or_transaction	application_or_authorized_provider	operate_trade_credit_service	pending_legal_approval	tenant_scoped_application;authorized_operations	validated_application_command;authorized_worker	database_encryption;rls;access_audit	environment_retention_register_pending_legal_approval	delete_or_pseudonymize_after_approved_request_and_retention_expiry	kredit	configured_region;transfer_assessment_required_for_external_processor	Domain Engineering Lead
app	schedule_items	collected_kobo	restricted_financial	business_or_transaction	application_or_authorized_provider	operate_trade_credit_service	pending_legal_approval	tenant_scoped_application;authorized_operations	validated_application_command;authorized_worker	database_encryption;rls;access_audit	environment_retention_register_pending_legal_approval	delete_or_pseudonymize_after_approved_request_and_retention_expiry	kredit	configured_region;transfer_assessment_required_for_external_processor	Domain Engineering Lead
app	schedule_items	state	confidential_commercial	business_or_transaction	application_or_authorized_provider	operate_trade_credit_service	pending_legal_approval	tenant_scoped_application;authorized_operations	validated_application_command;authorized_worker	database_encryption;rls;access_audit	environment_retention_register_pending_legal_approval	delete_or_pseudonymize_after_approved_request_and_retention_expiry	kredit	configured_region;transfer_assessment_required_for_external_processor	Domain Engineering Lead
app	schedule_items	disputed_kobo	restricted_financial	business_or_transaction	application_or_authorized_provider	operate_trade_credit_service	pending_legal_approval	tenant_scoped_application;authorized_operations	validated_application_command;authorized_worker	database_encryption;rls;access_audit	environment_retention_register_pending_legal_approval	delete_or_pseudonymize_after_approved_request_and_retention_expiry	kredit	configured_region;transfer_assessment_required_for_external_processor	Domain Engineering Lead
app	schedule_items	collection_block_reason	confidential_commercial	business_or_transaction	application_or_authorized_provider	operate_trade_credit_service	pending_legal_approval	tenant_scoped_application;authorized_operations	validated_application_command;authorized_worker	database_encryption;rls;access_audit	environment_retention_register_pending_legal_approval	delete_or_pseudonymize_after_approved_request_and_retention_expiry	kredit	configured_region;transfer_assessment_required_for_external_processor	Domain Engineering Lead
app	sessions	id	confidential_commercial	business_or_transaction	application_or_authorized_provider	account_security	pending_legal_approval	tenant_scoped_application;authorized_operations	validated_application_command;authorized_worker	database_encryption;rls;access_audit	environment_retention_register_pending_legal_approval	delete_or_pseudonymize_after_approved_request_and_retention_expiry	kredit	configured_region;transfer_assessment_required_for_external_processor	Security Engineering Lead
app	sessions	user_id	restricted_identity	account_user	application_or_authorized_provider	account_security	pending_legal_approval	tenant_scoped_application;authorized_operations	validated_application_command;authorized_worker	database_encryption;rls;access_audit	environment_retention_register_pending_legal_approval	delete_or_pseudonymize_after_approved_request_and_retention_expiry	kredit	configured_region;transfer_assessment_required_for_external_processor	Security Engineering Lead
app	sessions	token_hash	restricted_authentication	business_or_transaction	application_or_authorized_provider	account_security	pending_legal_approval	tenant_scoped_application;authorized_operations	validated_application_command;authorized_worker	one_way_hmac_or_hash	environment_retention_register_pending_legal_approval	delete_or_pseudonymize_after_approved_request_and_retention_expiry	kredit	configured_region;transfer_assessment_required_for_external_processor	Security Engineering Lead
app	sessions	device_label	confidential_commercial	business_or_transaction	application_or_authorized_provider	account_security	pending_legal_approval	tenant_scoped_application;authorized_operations	validated_application_command;authorized_worker	database_encryption;rls;access_audit	environment_retention_register_pending_legal_approval	delete_or_pseudonymize_after_approved_request_and_retention_expiry	kredit	configured_region;transfer_assessment_required_for_external_processor	Security Engineering Lead
app	sessions	ip_metadata	confidential_commercial	business_or_transaction	application_or_authorized_provider	account_security	pending_legal_approval	tenant_scoped_application;authorized_operations	validated_application_command;authorized_worker	database_encryption;rls;access_audit	environment_retention_register_pending_legal_approval	delete_or_pseudonymize_after_approved_request_and_retention_expiry	kredit	configured_region;transfer_assessment_required_for_external_processor	Security Engineering Lead
app	sessions	user_agent	confidential_commercial	account_user	application_or_authorized_provider	account_security	pending_legal_approval	tenant_scoped_application;authorized_operations	validated_application_command;authorized_worker	database_encryption;rls;access_audit	environment_retention_register_pending_legal_approval	delete_or_pseudonymize_after_approved_request_and_retention_expiry	kredit	configured_region;transfer_assessment_required_for_external_processor	Security Engineering Lead
app	sessions	authentication_level	confidential_commercial	business_or_transaction	application_or_authorized_provider	account_security	pending_legal_approval	tenant_scoped_application;authorized_operations	validated_application_command;authorized_worker	database_encryption;rls;access_audit	environment_retention_register_pending_legal_approval	delete_or_pseudonymize_after_approved_request_and_retention_expiry	kredit	configured_region;transfer_assessment_required_for_external_processor	Security Engineering Lead
app	sessions	created_at	confidential_commercial	business_or_transaction	application_or_authorized_provider	account_security	pending_legal_approval	tenant_scoped_application;authorized_operations	validated_application_command;authorized_worker	database_encryption;rls;access_audit	environment_retention_register_pending_legal_approval	delete_or_pseudonymize_after_approved_request_and_retention_expiry	kredit	configured_region;transfer_assessment_required_for_external_processor	Security Engineering Lead
app	sessions	expires_at	confidential_commercial	business_or_transaction	application_or_authorized_provider	account_security	pending_legal_approval	tenant_scoped_application;authorized_operations	validated_application_command;authorized_worker	database_encryption;rls;access_audit	environment_retention_register_pending_legal_approval	delete_or_pseudonymize_after_approved_request_and_retention_expiry	kredit	configured_region;transfer_assessment_required_for_external_processor	Security Engineering Lead
app	sessions	revoked_at	confidential_commercial	business_or_transaction	application_or_authorized_provider	account_security	pending_legal_approval	tenant_scoped_application;authorized_operations	validated_application_command;authorized_worker	database_encryption;rls;access_audit	environment_retention_register_pending_legal_approval	delete_or_pseudonymize_after_approved_request_and_retention_expiry	kredit	configured_region;transfer_assessment_required_for_external_processor	Security Engineering Lead
app	sessions	mfa_verified_at	restricted_authentication	business_or_transaction	application_or_authorized_provider	account_security	pending_legal_approval	tenant_scoped_application;authorized_operations	validated_application_command;authorized_worker	database_encryption;rls;access_audit	environment_retention_register_pending_legal_approval	delete_or_pseudonymize_after_approved_request_and_retention_expiry	kredit	configured_region;transfer_assessment_required_for_external_processor	Security Engineering Lead
app	sessions	last_seen_at	confidential_commercial	business_or_transaction	application_or_authorized_provider	account_security	pending_legal_approval	tenant_scoped_application;authorized_operations	validated_application_command;authorized_worker	database_encryption;rls;access_audit	environment_retention_register_pending_legal_approval	delete_or_pseudonymize_after_approved_request_and_retention_expiry	kredit	configured_region;transfer_assessment_required_for_external_processor	Security Engineering Lead
app	settlement_events	id	confidential_commercial	business_or_transaction	application_or_authorized_provider	operate_trade_credit_service	pending_legal_approval	tenant_scoped_application;authorized_operations	validated_application_command;authorized_worker	database_encryption;rls;access_audit	environment_retention_register_pending_legal_approval	delete_or_pseudonymize_after_approved_request_and_retention_expiry	approved_provider_if_configured	configured_region;transfer_assessment_required_for_external_processor	Domain Engineering Lead
app	settlement_events	payment_id	restricted_financial	business_or_transaction	application_or_authorized_provider	operate_trade_credit_service	pending_legal_approval	tenant_scoped_application;authorized_operations	validated_application_command;authorized_worker	database_encryption;rls;access_audit	environment_retention_register_pending_legal_approval	delete_or_pseudonymize_after_approved_request_and_retention_expiry	approved_provider_if_configured	configured_region;transfer_assessment_required_for_external_processor	Domain Engineering Lead
app	settlement_events	supplier_organization_id	confidential_commercial	business_or_transaction	application_or_authorized_provider	operate_trade_credit_service	pending_legal_approval	tenant_scoped_application;authorized_operations	validated_application_command;authorized_worker	database_encryption;rls;access_audit	environment_retention_register_pending_legal_approval	delete_or_pseudonymize_after_approved_request_and_retention_expiry	approved_provider_if_configured	configured_region;transfer_assessment_required_for_external_processor	Domain Engineering Lead
app	settlement_events	provider	confidential_commercial	business_or_transaction	application_or_authorized_provider	operate_trade_credit_service	pending_legal_approval	tenant_scoped_application;authorized_operations	validated_application_command;authorized_worker	database_encryption;rls;access_audit	environment_retention_register_pending_legal_approval	delete_or_pseudonymize_after_approved_request_and_retention_expiry	approved_provider_if_configured	configured_region;transfer_assessment_required_for_external_processor	Domain Engineering Lead
app	settlement_events	provider_settlement_reference	restricted_financial	business_or_transaction	application_or_authorized_provider	operate_trade_credit_service	pending_legal_approval	tenant_scoped_application;authorized_operations	validated_application_command;authorized_worker	database_encryption;rls;access_audit	environment_retention_register_pending_legal_approval	delete_or_pseudonymize_after_approved_request_and_retention_expiry	approved_provider_if_configured	configured_region;transfer_assessment_required_for_external_processor	Domain Engineering Lead
app	settlement_events	gross_amount_kobo	restricted_financial	business_or_transaction	application_or_authorized_provider	operate_trade_credit_service	pending_legal_approval	tenant_scoped_application;authorized_operations	validated_application_command;authorized_worker	database_encryption;rls;access_audit	environment_retention_register_pending_legal_approval	delete_or_pseudonymize_after_approved_request_and_retention_expiry	approved_provider_if_configured	configured_region;transfer_assessment_required_for_external_processor	Domain Engineering Lead
app	settlement_events	fee_amount_kobo	restricted_financial	business_or_transaction	application_or_authorized_provider	operate_trade_credit_service	pending_legal_approval	tenant_scoped_application;authorized_operations	validated_application_command;authorized_worker	database_encryption;rls;access_audit	environment_retention_register_pending_legal_approval	delete_or_pseudonymize_after_approved_request_and_retention_expiry	approved_provider_if_configured	configured_region;transfer_assessment_required_for_external_processor	Domain Engineering Lead
app	settlement_events	net_amount_kobo	restricted_financial	business_or_transaction	application_or_authorized_provider	operate_trade_credit_service	pending_legal_approval	tenant_scoped_application;authorized_operations	validated_application_command;authorized_worker	database_encryption;rls;access_audit	environment_retention_register_pending_legal_approval	delete_or_pseudonymize_after_approved_request_and_retention_expiry	approved_provider_if_configured	configured_region;transfer_assessment_required_for_external_processor	Domain Engineering Lead
app	settlement_events	state	confidential_commercial	business_or_transaction	application_or_authorized_provider	operate_trade_credit_service	pending_legal_approval	tenant_scoped_application;authorized_operations	validated_application_command;authorized_worker	database_encryption;rls;access_audit	environment_retention_register_pending_legal_approval	delete_or_pseudonymize_after_approved_request_and_retention_expiry	approved_provider_if_configured	configured_region;transfer_assessment_required_for_external_processor	Domain Engineering Lead
app	settlement_events	expected_at	confidential_commercial	business_or_transaction	application_or_authorized_provider	operate_trade_credit_service	pending_legal_approval	tenant_scoped_application;authorized_operations	validated_application_command;authorized_worker	database_encryption;rls;access_audit	environment_retention_register_pending_legal_approval	delete_or_pseudonymize_after_approved_request_and_retention_expiry	approved_provider_if_configured	configured_region;transfer_assessment_required_for_external_processor	Domain Engineering Lead
app	settlement_events	actual_at	confidential_commercial	business_or_transaction	application_or_authorized_provider	operate_trade_credit_service	pending_legal_approval	tenant_scoped_application;authorized_operations	validated_application_command;authorized_worker	database_encryption;rls;access_audit	environment_retention_register_pending_legal_approval	delete_or_pseudonymize_after_approved_request_and_retention_expiry	approved_provider_if_configured	configured_region;transfer_assessment_required_for_external_processor	Domain Engineering Lead
app	settlement_events	created_at	confidential_commercial	business_or_transaction	application_or_authorized_provider	operate_trade_credit_service	pending_legal_approval	tenant_scoped_application;authorized_operations	validated_application_command;authorized_worker	database_encryption;rls;access_audit	environment_retention_register_pending_legal_approval	delete_or_pseudonymize_after_approved_request_and_retention_expiry	approved_provider_if_configured	configured_region;transfer_assessment_required_for_external_processor	Domain Engineering Lead
app	supplier_onboarding_profiles	organization_id	confidential_commercial	business_or_transaction	application_or_authorized_provider	operate_trade_credit_service	pending_legal_approval	tenant_scoped_application;authorized_operations	validated_application_command;authorized_worker	database_encryption;rls;access_audit	environment_retention_register_pending_legal_approval	delete_or_pseudonymize_after_approved_request_and_retention_expiry	kredit	configured_region;transfer_assessment_required_for_external_processor	Domain Engineering Lead
app	supplier_onboarding_profiles	version	confidential_commercial	business_or_transaction	application_or_authorized_provider	operate_trade_credit_service	pending_legal_approval	tenant_scoped_application;authorized_operations	validated_application_command;authorized_worker	database_encryption;rls;access_audit	environment_retention_register_pending_legal_approval	delete_or_pseudonymize_after_approved_request_and_retention_expiry	kredit	configured_region;transfer_assessment_required_for_external_processor	Domain Engineering Lead
app	supplier_onboarding_profiles	authorized_representative_name	restricted_identity	business_or_transaction	application_or_authorized_provider	operate_trade_credit_service	pending_legal_approval	tenant_scoped_application;authorized_operations	validated_application_command;authorized_worker	database_encryption;rls;access_audit	environment_retention_register_pending_legal_approval	delete_or_pseudonymize_after_approved_request_and_retention_expiry	kredit	configured_region;transfer_assessment_required_for_external_processor	Domain Engineering Lead
app	supplier_onboarding_profiles	authorized_representative_title	restricted_identity	business_or_transaction	application_or_authorized_provider	operate_trade_credit_service	pending_legal_approval	tenant_scoped_application;authorized_operations	validated_application_command;authorized_worker	database_encryption;rls;access_audit	environment_retention_register_pending_legal_approval	delete_or_pseudonymize_after_approved_request_and_retention_expiry	kredit	configured_region;transfer_assessment_required_for_external_processor	Domain Engineering Lead
app	supplier_onboarding_profiles	owner_email_verified_at	restricted_identity	account_user	application_or_authorized_provider	operate_trade_credit_service	pending_legal_approval	tenant_scoped_application;authorized_operations	validated_application_command;authorized_worker	database_encryption;rls;access_audit	environment_retention_register_pending_legal_approval	delete_or_pseudonymize_after_approved_request_and_retention_expiry	kredit	configured_region;transfer_assessment_required_for_external_processor	Domain Engineering Lead
app	supplier_onboarding_profiles	owner_phone_verified_at	restricted_identity	account_user	application_or_authorized_provider	operate_trade_credit_service	pending_legal_approval	tenant_scoped_application;authorized_operations	validated_application_command;authorized_worker	database_encryption;rls;access_audit	environment_retention_register_pending_legal_approval	delete_or_pseudonymize_after_approved_request_and_retention_expiry	kredit	configured_region;transfer_assessment_required_for_external_processor	Domain Engineering Lead
app	supplier_onboarding_profiles	kyb_state	confidential_commercial	business_or_transaction	application_or_authorized_provider	operate_trade_credit_service	pending_legal_approval	tenant_scoped_application;authorized_operations	validated_application_command;authorized_worker	database_encryption;rls;access_audit	environment_retention_register_pending_legal_approval	delete_or_pseudonymize_after_approved_request_and_retention_expiry	kredit	configured_region;transfer_assessment_required_for_external_processor	Domain Engineering Lead
app	supplier_onboarding_profiles	kyb_provider_reference	confidential_commercial	business_or_transaction	application_or_authorized_provider	operate_trade_credit_service	pending_legal_approval	tenant_scoped_application;authorized_operations	validated_application_command;authorized_worker	database_encryption;rls;access_audit	environment_retention_register_pending_legal_approval	delete_or_pseudonymize_after_approved_request_and_retention_expiry	kredit	configured_region;transfer_assessment_required_for_external_processor	Domain Engineering Lead
app	supplier_onboarding_profiles	kyb_reason_code	confidential_commercial	business_or_transaction	application_or_authorized_provider	operate_trade_credit_service	pending_legal_approval	tenant_scoped_application;authorized_operations	validated_application_command;authorized_worker	database_encryption;rls;access_audit	environment_retention_register_pending_legal_approval	delete_or_pseudonymize_after_approved_request_and_retention_expiry	kredit	configured_region;transfer_assessment_required_for_external_processor	Domain Engineering Lead
app	supplier_onboarding_profiles	kyb_submitted_at	confidential_commercial	business_or_transaction	application_or_authorized_provider	operate_trade_credit_service	pending_legal_approval	tenant_scoped_application;authorized_operations	validated_application_command;authorized_worker	database_encryption;rls;access_audit	environment_retention_register_pending_legal_approval	delete_or_pseudonymize_after_approved_request_and_retention_expiry	kredit	configured_region;transfer_assessment_required_for_external_processor	Domain Engineering Lead
app	supplier_onboarding_profiles	kyb_decided_at	confidential_commercial	business_or_transaction	application_or_authorized_provider	operate_trade_credit_service	pending_legal_approval	tenant_scoped_application;authorized_operations	validated_application_command;authorized_worker	database_encryption;rls;access_audit	environment_retention_register_pending_legal_approval	delete_or_pseudonymize_after_approved_request_and_retention_expiry	kredit	configured_region;transfer_assessment_required_for_external_processor	Domain Engineering Lead
app	supplier_onboarding_profiles	kyb_expires_at	confidential_commercial	business_or_transaction	application_or_authorized_provider	operate_trade_credit_service	pending_legal_approval	tenant_scoped_application;authorized_operations	validated_application_command;authorized_worker	database_encryption;rls;access_audit	environment_retention_register_pending_legal_approval	delete_or_pseudonymize_after_approved_request_and_retention_expiry	kredit	configured_region;transfer_assessment_required_for_external_processor	Domain Engineering Lead
app	supplier_onboarding_profiles	settlement_state	restricted_financial	business_or_transaction	application_or_authorized_provider	operate_trade_credit_service	pending_legal_approval	tenant_scoped_application;authorized_operations	validated_application_command;authorized_worker	database_encryption;rls;access_audit	environment_retention_register_pending_legal_approval	delete_or_pseudonymize_after_approved_request_and_retention_expiry	kredit	configured_region;transfer_assessment_required_for_external_processor	Domain Engineering Lead
app	supplier_onboarding_profiles	settlement_provider	restricted_financial	business_or_transaction	application_or_authorized_provider	operate_trade_credit_service	pending_legal_approval	tenant_scoped_application;authorized_operations	validated_application_command;authorized_worker	database_encryption;rls;access_audit	environment_retention_register_pending_legal_approval	delete_or_pseudonymize_after_approved_request_and_retention_expiry	kredit	configured_region;transfer_assessment_required_for_external_processor	Domain Engineering Lead
app	supplier_onboarding_profiles	settlement_provider_reference	restricted_financial	business_or_transaction	application_or_authorized_provider	operate_trade_credit_service	pending_legal_approval	tenant_scoped_application;authorized_operations	validated_application_command;authorized_worker	database_encryption;rls;access_audit	environment_retention_register_pending_legal_approval	delete_or_pseudonymize_after_approved_request_and_retention_expiry	kredit	configured_region;transfer_assessment_required_for_external_processor	Domain Engineering Lead
app	supplier_onboarding_profiles	settlement_bank_name	restricted_financial	business_or_transaction	application_or_authorized_provider	operate_trade_credit_service	pending_legal_approval	tenant_scoped_application;authorized_operations	validated_application_command;authorized_worker	database_encryption;rls;access_audit	environment_retention_register_pending_legal_approval	delete_or_pseudonymize_after_approved_request_and_retention_expiry	kredit	configured_region;transfer_assessment_required_for_external_processor	Domain Engineering Lead
app	supplier_onboarding_profiles	settlement_account_name	restricted_financial	business_or_transaction	application_or_authorized_provider	operate_trade_credit_service	pending_legal_approval	tenant_scoped_application;authorized_operations	validated_application_command;authorized_worker	database_encryption;rls;access_audit	environment_retention_register_pending_legal_approval	delete_or_pseudonymize_after_approved_request_and_retention_expiry	kredit	configured_region;transfer_assessment_required_for_external_processor	Domain Engineering Lead
app	supplier_onboarding_profiles	settlement_account_last4	restricted_financial	business_or_transaction	application_or_authorized_provider	operate_trade_credit_service	pending_legal_approval	tenant_scoped_application;authorized_operations	validated_application_command;authorized_worker	database_encryption;rls;access_audit	environment_retention_register_pending_legal_approval	delete_or_pseudonymize_after_approved_request_and_retention_expiry	kredit	configured_region;transfer_assessment_required_for_external_processor	Domain Engineering Lead
app	supplier_onboarding_profiles	settlement_reason_code	restricted_financial	business_or_transaction	application_or_authorized_provider	operate_trade_credit_service	pending_legal_approval	tenant_scoped_application;authorized_operations	validated_application_command;authorized_worker	database_encryption;rls;access_audit	environment_retention_register_pending_legal_approval	delete_or_pseudonymize_after_approved_request_and_retention_expiry	kredit	configured_region;transfer_assessment_required_for_external_processor	Domain Engineering Lead
app	supplier_onboarding_profiles	settlement_changed_at	restricted_financial	business_or_transaction	application_or_authorized_provider	operate_trade_credit_service	pending_legal_approval	tenant_scoped_application;authorized_operations	validated_application_command;authorized_worker	database_encryption;rls;access_audit	environment_retention_register_pending_legal_approval	delete_or_pseudonymize_after_approved_request_and_retention_expiry	kredit	configured_region;transfer_assessment_required_for_external_processor	Domain Engineering Lead
app	supplier_onboarding_profiles	billing_state	confidential_commercial	business_or_transaction	application_or_authorized_provider	operate_trade_credit_service	pending_legal_approval	tenant_scoped_application;authorized_operations	validated_application_command;authorized_worker	database_encryption;rls;access_audit	environment_retention_register_pending_legal_approval	delete_or_pseudonymize_after_approved_request_and_retention_expiry	kredit	configured_region;transfer_assessment_required_for_external_processor	Domain Engineering Lead
app	supplier_onboarding_profiles	billing_method	confidential_commercial	business_or_transaction	application_or_authorized_provider	operate_trade_credit_service	pending_legal_approval	tenant_scoped_application;authorized_operations	validated_application_command;authorized_worker	database_encryption;rls;access_audit	environment_retention_register_pending_legal_approval	delete_or_pseudonymize_after_approved_request_and_retention_expiry	kredit	configured_region;transfer_assessment_required_for_external_processor	Domain Engineering Lead
app	supplier_onboarding_profiles	billing_provider_reference	confidential_commercial	business_or_transaction	application_or_authorized_provider	operate_trade_credit_service	pending_legal_approval	tenant_scoped_application;authorized_operations	validated_application_command;authorized_worker	database_encryption;rls;access_audit	environment_retention_register_pending_legal_approval	delete_or_pseudonymize_after_approved_request_and_retention_expiry	kredit	configured_region;transfer_assessment_required_for_external_processor	Domain Engineering Lead
app	supplier_onboarding_profiles	billing_cycle	confidential_commercial	business_or_transaction	application_or_authorized_provider	operate_trade_credit_service	pending_legal_approval	tenant_scoped_application;authorized_operations	validated_application_command;authorized_worker	database_encryption;rls;access_audit	environment_retention_register_pending_legal_approval	delete_or_pseudonymize_after_approved_request_and_retention_expiry	kredit	configured_region;transfer_assessment_required_for_external_processor	Domain Engineering Lead
app	supplier_onboarding_profiles	billing_changed_at	confidential_commercial	business_or_transaction	application_or_authorized_provider	operate_trade_credit_service	pending_legal_approval	tenant_scoped_application;authorized_operations	validated_application_command;authorized_worker	database_encryption;rls;access_audit	environment_retention_register_pending_legal_approval	delete_or_pseudonymize_after_approved_request_and_retention_expiry	kredit	configured_region;transfer_assessment_required_for_external_processor	Domain Engineering Lead
app	supplier_onboarding_profiles	default_credit_limit_kobo	restricted_financial	business_or_transaction	application_or_authorized_provider	operate_trade_credit_service	pending_legal_approval	tenant_scoped_application;authorized_operations	validated_application_command;authorized_worker	database_encryption;rls;access_audit	environment_retention_register_pending_legal_approval	delete_or_pseudonymize_after_approved_request_and_retention_expiry	kredit	configured_region;transfer_assessment_required_for_external_processor	Domain Engineering Lead
app	supplier_onboarding_profiles	default_payment_days	restricted_financial	business_or_transaction	application_or_authorized_provider	operate_trade_credit_service	pending_legal_approval	tenant_scoped_application;authorized_operations	validated_application_command;authorized_worker	database_encryption;rls;access_audit	environment_retention_register_pending_legal_approval	delete_or_pseudonymize_after_approved_request_and_retention_expiry	kredit	configured_region;transfer_assessment_required_for_external_processor	Domain Engineering Lead
app	supplier_onboarding_profiles	default_grace_hours	confidential_commercial	business_or_transaction	application_or_authorized_provider	operate_trade_credit_service	pending_legal_approval	tenant_scoped_application;authorized_operations	validated_application_command;authorized_worker	database_encryption;rls;access_audit	environment_retention_register_pending_legal_approval	delete_or_pseudonymize_after_approved_request_and_retention_expiry	kredit	configured_region;transfer_assessment_required_for_external_processor	Domain Engineering Lead
app	supplier_onboarding_profiles	default_credit_policy_updated_at	confidential_commercial	business_or_transaction	application_or_authorized_provider	operate_trade_credit_service	pending_legal_approval	tenant_scoped_application;authorized_operations	validated_application_command;authorized_worker	database_encryption;rls;access_audit	environment_retention_register_pending_legal_approval	delete_or_pseudonymize_after_approved_request_and_retention_expiry	kredit	configured_region;transfer_assessment_required_for_external_processor	Domain Engineering Lead
app	supplier_onboarding_profiles	terms_version	confidential_commercial	business_or_transaction	application_or_authorized_provider	operate_trade_credit_service	pending_legal_approval	tenant_scoped_application;authorized_operations	validated_application_command;authorized_worker	database_encryption;rls;access_audit	environment_retention_register_pending_legal_approval	delete_or_pseudonymize_after_approved_request_and_retention_expiry	kredit	configured_region;transfer_assessment_required_for_external_processor	Domain Engineering Lead
app	supplier_onboarding_profiles	terms_accepted_at	confidential_commercial	business_or_transaction	application_or_authorized_provider	operate_trade_credit_service	pending_legal_approval	tenant_scoped_application;authorized_operations	validated_application_command;authorized_worker	database_encryption;rls;access_audit	environment_retention_register_pending_legal_approval	delete_or_pseudonymize_after_approved_request_and_retention_expiry	kredit	configured_region;transfer_assessment_required_for_external_processor	Domain Engineering Lead
app	supplier_onboarding_profiles	terms_accepted_by	confidential_commercial	business_or_transaction	application_or_authorized_provider	operate_trade_credit_service	pending_legal_approval	tenant_scoped_application;authorized_operations	validated_application_command;authorized_worker	database_encryption;rls;access_audit	environment_retention_register_pending_legal_approval	delete_or_pseudonymize_after_approved_request_and_retention_expiry	kredit	configured_region;transfer_assessment_required_for_external_processor	Domain Engineering Lead
app	supplier_onboarding_profiles	privacy_version	confidential_commercial	business_or_transaction	application_or_authorized_provider	operate_trade_credit_service	pending_legal_approval	tenant_scoped_application;authorized_operations	validated_application_command;authorized_worker	database_encryption;rls;access_audit	environment_retention_register_pending_legal_approval	delete_or_pseudonymize_after_approved_request_and_retention_expiry	kredit	configured_region;transfer_assessment_required_for_external_processor	Domain Engineering Lead
app	supplier_onboarding_profiles	privacy_accepted_at	confidential_commercial	business_or_transaction	application_or_authorized_provider	operate_trade_credit_service	pending_legal_approval	tenant_scoped_application;authorized_operations	validated_application_command;authorized_worker	database_encryption;rls;access_audit	environment_retention_register_pending_legal_approval	delete_or_pseudonymize_after_approved_request_and_retention_expiry	kredit	configured_region;transfer_assessment_required_for_external_processor	Domain Engineering Lead
app	supplier_onboarding_profiles	privacy_accepted_by	confidential_commercial	business_or_transaction	application_or_authorized_provider	operate_trade_credit_service	pending_legal_approval	tenant_scoped_application;authorized_operations	validated_application_command;authorized_worker	database_encryption;rls;access_audit	environment_retention_register_pending_legal_approval	delete_or_pseudonymize_after_approved_request_and_retention_expiry	kredit	configured_region;transfer_assessment_required_for_external_processor	Domain Engineering Lead
app	supplier_onboarding_profiles	owner_mfa_verified_at	restricted_authentication	business_or_transaction	application_or_authorized_provider	operate_trade_credit_service	pending_legal_approval	tenant_scoped_application;authorized_operations	validated_application_command;authorized_worker	database_encryption;rls;access_audit	environment_retention_register_pending_legal_approval	delete_or_pseudonymize_after_approved_request_and_retention_expiry	kredit	configured_region;transfer_assessment_required_for_external_processor	Domain Engineering Lead
app	supplier_onboarding_profiles	finance_mfa_complete	restricted_authentication	business_or_transaction	application_or_authorized_provider	operate_trade_credit_service	pending_legal_approval	tenant_scoped_application;authorized_operations	validated_application_command;authorized_worker	database_encryption;rls;access_audit	environment_retention_register_pending_legal_approval	delete_or_pseudonymize_after_approved_request_and_retention_expiry	kredit	configured_region;transfer_assessment_required_for_external_processor	Domain Engineering Lead
app	supplier_onboarding_profiles	readiness_state	confidential_commercial	business_or_transaction	application_or_authorized_provider	operate_trade_credit_service	pending_legal_approval	tenant_scoped_application;authorized_operations	validated_application_command;authorized_worker	database_encryption;rls;access_audit	environment_retention_register_pending_legal_approval	delete_or_pseudonymize_after_approved_request_and_retention_expiry	kredit	configured_region;transfer_assessment_required_for_external_processor	Domain Engineering Lead
app	supplier_onboarding_profiles	readiness_changed_at	confidential_commercial	business_or_transaction	application_or_authorized_provider	operate_trade_credit_service	pending_legal_approval	tenant_scoped_application;authorized_operations	validated_application_command;authorized_worker	database_encryption;rls;access_audit	environment_retention_register_pending_legal_approval	delete_or_pseudonymize_after_approved_request_and_retention_expiry	kredit	configured_region;transfer_assessment_required_for_external_processor	Domain Engineering Lead
app	supplier_onboarding_profiles	created_at	confidential_commercial	business_or_transaction	application_or_authorized_provider	operate_trade_credit_service	pending_legal_approval	tenant_scoped_application;authorized_operations	validated_application_command;authorized_worker	database_encryption;rls;access_audit	environment_retention_register_pending_legal_approval	delete_or_pseudonymize_after_approved_request_and_retention_expiry	kredit	configured_region;transfer_assessment_required_for_external_processor	Domain Engineering Lead
app	supplier_onboarding_profiles	updated_at	confidential_commercial	business_or_transaction	application_or_authorized_provider	operate_trade_credit_service	pending_legal_approval	tenant_scoped_application;authorized_operations	validated_application_command;authorized_worker	database_encryption;rls;access_audit	environment_retention_register_pending_legal_approval	delete_or_pseudonymize_after_approved_request_and_retention_expiry	kredit	configured_region;transfer_assessment_required_for_external_processor	Domain Engineering Lead
app	supplier_onboarding_revisions	id	confidential_commercial	business_or_transaction	application_or_authorized_provider	operate_trade_credit_service	pending_legal_approval	tenant_scoped_application;authorized_operations	validated_application_command;authorized_worker	database_encryption;rls;access_audit	environment_retention_register_pending_legal_approval	delete_or_pseudonymize_after_approved_request_and_retention_expiry	kredit	configured_region;transfer_assessment_required_for_external_processor	Domain Engineering Lead
app	supplier_onboarding_revisions	organization_id	confidential_commercial	business_or_transaction	application_or_authorized_provider	operate_trade_credit_service	pending_legal_approval	tenant_scoped_application;authorized_operations	validated_application_command;authorized_worker	database_encryption;rls;access_audit	environment_retention_register_pending_legal_approval	delete_or_pseudonymize_after_approved_request_and_retention_expiry	kredit	configured_region;transfer_assessment_required_for_external_processor	Domain Engineering Lead
app	supplier_onboarding_revisions	profile_version	confidential_commercial	business_or_transaction	application_or_authorized_provider	operate_trade_credit_service	pending_legal_approval	tenant_scoped_application;authorized_operations	validated_application_command;authorized_worker	database_encryption;rls;access_audit	environment_retention_register_pending_legal_approval	delete_or_pseudonymize_after_approved_request_and_retention_expiry	kredit	configured_region;transfer_assessment_required_for_external_processor	Domain Engineering Lead
app	supplier_onboarding_revisions	change_type	confidential_commercial	business_or_transaction	application_or_authorized_provider	operate_trade_credit_service	pending_legal_approval	tenant_scoped_application;authorized_operations	validated_application_command;authorized_worker	database_encryption;rls;access_audit	environment_retention_register_pending_legal_approval	delete_or_pseudonymize_after_approved_request_and_retention_expiry	kredit	configured_region;transfer_assessment_required_for_external_processor	Domain Engineering Lead
app	supplier_onboarding_revisions	actor_user_id	restricted_identity	account_user	application_or_authorized_provider	operate_trade_credit_service	pending_legal_approval	tenant_scoped_application;authorized_operations	validated_application_command;authorized_worker	database_encryption;rls;access_audit	environment_retention_register_pending_legal_approval	delete_or_pseudonymize_after_approved_request_and_retention_expiry	kredit	configured_region;transfer_assessment_required_for_external_processor	Domain Engineering Lead
app	supplier_onboarding_revisions	actor_reference	confidential_commercial	business_or_transaction	application_or_authorized_provider	operate_trade_credit_service	pending_legal_approval	tenant_scoped_application;authorized_operations	validated_application_command;authorized_worker	database_encryption;rls;access_audit	environment_retention_register_pending_legal_approval	delete_or_pseudonymize_after_approved_request_and_retention_expiry	kredit	configured_region;transfer_assessment_required_for_external_processor	Domain Engineering Lead
app	supplier_onboarding_revisions	snapshot	confidential_commercial	business_or_transaction	application_or_authorized_provider	operate_trade_credit_service	pending_legal_approval	tenant_scoped_application;authorized_operations	validated_application_command;authorized_worker	database_encryption;rls;access_audit	environment_retention_register_pending_legal_approval	delete_or_pseudonymize_after_approved_request_and_retention_expiry	kredit	configured_region;transfer_assessment_required_for_external_processor	Domain Engineering Lead
app	supplier_onboarding_revisions	created_at	confidential_commercial	business_or_transaction	application_or_authorized_provider	operate_trade_credit_service	pending_legal_approval	tenant_scoped_application;authorized_operations	validated_application_command;authorized_worker	database_encryption;rls;access_audit	environment_retention_register_pending_legal_approval	delete_or_pseudonymize_after_approved_request_and_retention_expiry	kredit	configured_region;transfer_assessment_required_for_external_processor	Domain Engineering Lead
app	support_case_events	id	confidential_commercial	business_or_transaction	application_or_authorized_provider	operate_trade_credit_service	pending_legal_approval	tenant_scoped_application;authorized_operations	validated_application_command;authorized_worker	database_encryption;rls;access_audit	environment_retention_register_pending_legal_approval	delete_or_pseudonymize_after_approved_request_and_retention_expiry	kredit	configured_region;transfer_assessment_required_for_external_processor	Domain Engineering Lead
app	support_case_events	case_id	confidential_commercial	business_or_transaction	application_or_authorized_provider	operate_trade_credit_service	pending_legal_approval	tenant_scoped_application;authorized_operations	validated_application_command;authorized_worker	database_encryption;rls;access_audit	environment_retention_register_pending_legal_approval	delete_or_pseudonymize_after_approved_request_and_retention_expiry	kredit	configured_region;transfer_assessment_required_for_external_processor	Domain Engineering Lead
app	support_case_events	actor_id	confidential_commercial	business_or_transaction	application_or_authorized_provider	operate_trade_credit_service	pending_legal_approval	tenant_scoped_application;authorized_operations	validated_application_command;authorized_worker	database_encryption;rls;access_audit	environment_retention_register_pending_legal_approval	delete_or_pseudonymize_after_approved_request_and_retention_expiry	kredit	configured_region;transfer_assessment_required_for_external_processor	Domain Engineering Lead
app	support_case_events	action	confidential_commercial	business_or_transaction	application_or_authorized_provider	operate_trade_credit_service	pending_legal_approval	tenant_scoped_application;authorized_operations	validated_application_command;authorized_worker	database_encryption;rls;access_audit	environment_retention_register_pending_legal_approval	delete_or_pseudonymize_after_approved_request_and_retention_expiry	kredit	configured_region;transfer_assessment_required_for_external_processor	Domain Engineering Lead
app	support_case_events	note	confidential_commercial	business_or_transaction	application_or_authorized_provider	operate_trade_credit_service	pending_legal_approval	tenant_scoped_application;authorized_operations	validated_application_command;authorized_worker	database_encryption;rls;access_audit	environment_retention_register_pending_legal_approval	delete_or_pseudonymize_after_approved_request_and_retention_expiry	kredit	configured_region;transfer_assessment_required_for_external_processor	Domain Engineering Lead
app	support_case_events	created_at	confidential_commercial	business_or_transaction	application_or_authorized_provider	operate_trade_credit_service	pending_legal_approval	tenant_scoped_application;authorized_operations	validated_application_command;authorized_worker	database_encryption;rls;access_audit	environment_retention_register_pending_legal_approval	delete_or_pseudonymize_after_approved_request_and_retention_expiry	kredit	configured_region;transfer_assessment_required_for_external_processor	Domain Engineering Lead
app	support_cases	id	confidential_commercial	business_or_transaction	application_or_authorized_provider	operate_trade_credit_service	pending_legal_approval	tenant_scoped_application;authorized_operations	validated_application_command;authorized_worker	database_encryption;rls;access_audit	environment_retention_register_pending_legal_approval	delete_or_pseudonymize_after_approved_request_and_retention_expiry	kredit	configured_region;transfer_assessment_required_for_external_processor	Domain Engineering Lead
app	support_cases	organization_id	confidential_commercial	business_or_transaction	application_or_authorized_provider	operate_trade_credit_service	pending_legal_approval	tenant_scoped_application;authorized_operations	validated_application_command;authorized_worker	database_encryption;rls;access_audit	environment_retention_register_pending_legal_approval	delete_or_pseudonymize_after_approved_request_and_retention_expiry	kredit	configured_region;transfer_assessment_required_for_external_processor	Domain Engineering Lead
app	support_cases	subject_type	confidential_commercial	business_or_transaction	application_or_authorized_provider	operate_trade_credit_service	pending_legal_approval	tenant_scoped_application;authorized_operations	validated_application_command;authorized_worker	database_encryption;rls;access_audit	environment_retention_register_pending_legal_approval	delete_or_pseudonymize_after_approved_request_and_retention_expiry	kredit	configured_region;transfer_assessment_required_for_external_processor	Domain Engineering Lead
app	support_cases	subject_id	confidential_commercial	business_or_transaction	application_or_authorized_provider	operate_trade_credit_service	pending_legal_approval	tenant_scoped_application;authorized_operations	validated_application_command;authorized_worker	database_encryption;rls;access_audit	environment_retention_register_pending_legal_approval	delete_or_pseudonymize_after_approved_request_and_retention_expiry	kredit	configured_region;transfer_assessment_required_for_external_processor	Domain Engineering Lead
app	support_cases	opened_by	confidential_commercial	business_or_transaction	application_or_authorized_provider	operate_trade_credit_service	pending_legal_approval	tenant_scoped_application;authorized_operations	validated_application_command;authorized_worker	database_encryption;rls;access_audit	environment_retention_register_pending_legal_approval	delete_or_pseudonymize_after_approved_request_and_retention_expiry	kredit	configured_region;transfer_assessment_required_for_external_processor	Domain Engineering Lead
app	support_cases	state	confidential_commercial	business_or_transaction	application_or_authorized_provider	operate_trade_credit_service	pending_legal_approval	tenant_scoped_application;authorized_operations	validated_application_command;authorized_worker	database_encryption;rls;access_audit	environment_retention_register_pending_legal_approval	delete_or_pseudonymize_after_approved_request_and_retention_expiry	kredit	configured_region;transfer_assessment_required_for_external_processor	Domain Engineering Lead
app	support_cases	break_glass	confidential_commercial	business_or_transaction	application_or_authorized_provider	operate_trade_credit_service	pending_legal_approval	tenant_scoped_application;authorized_operations	validated_application_command;authorized_worker	database_encryption;rls;access_audit	environment_retention_register_pending_legal_approval	delete_or_pseudonymize_after_approved_request_and_retention_expiry	kredit	configured_region;transfer_assessment_required_for_external_processor	Domain Engineering Lead
app	support_cases	created_at	confidential_commercial	business_or_transaction	application_or_authorized_provider	operate_trade_credit_service	pending_legal_approval	tenant_scoped_application;authorized_operations	validated_application_command;authorized_worker	database_encryption;rls;access_audit	environment_retention_register_pending_legal_approval	delete_or_pseudonymize_after_approved_request_and_retention_expiry	kredit	configured_region;transfer_assessment_required_for_external_processor	Domain Engineering Lead
app	support_cases	updated_at	confidential_commercial	business_or_transaction	application_or_authorized_provider	operate_trade_credit_service	pending_legal_approval	tenant_scoped_application;authorized_operations	validated_application_command;authorized_worker	database_encryption;rls;access_audit	environment_retention_register_pending_legal_approval	delete_or_pseudonymize_after_approved_request_and_retention_expiry	kredit	configured_region;transfer_assessment_required_for_external_processor	Domain Engineering Lead
app	trade_lines	id	confidential_commercial	business_or_transaction	application_or_authorized_provider	operate_trade_credit_service	pending_legal_approval	tenant_scoped_application;authorized_operations	validated_application_command;authorized_worker	database_encryption;rls;access_audit	environment_retention_register_pending_legal_approval	delete_or_pseudonymize_after_approved_request_and_retention_expiry	kredit	configured_region;transfer_assessment_required_for_external_processor	Domain Engineering Lead
app	trade_lines	supplier_organization_id	confidential_commercial	business_or_transaction	application_or_authorized_provider	operate_trade_credit_service	pending_legal_approval	tenant_scoped_application;authorized_operations	validated_application_command;authorized_worker	database_encryption;rls;access_audit	environment_retention_register_pending_legal_approval	delete_or_pseudonymize_after_approved_request_and_retention_expiry	kredit	configured_region;transfer_assessment_required_for_external_processor	Domain Engineering Lead
app	trade_lines	buyer_user_id	restricted_identity	account_user	application_or_authorized_provider	operate_trade_credit_service	pending_legal_approval	tenant_scoped_application;authorized_operations	validated_application_command;authorized_worker	database_encryption;rls;access_audit	environment_retention_register_pending_legal_approval	delete_or_pseudonymize_after_approved_request_and_retention_expiry	kredit	configured_region;transfer_assessment_required_for_external_processor	Domain Engineering Lead
app	trade_lines	buyer_business_id	confidential_commercial	business_or_transaction	application_or_authorized_provider	operate_trade_credit_service	pending_legal_approval	tenant_scoped_application;authorized_operations	validated_application_command;authorized_worker	database_encryption;rls;access_audit	environment_retention_register_pending_legal_approval	delete_or_pseudonymize_after_approved_request_and_retention_expiry	kredit	configured_region;transfer_assessment_required_for_external_processor	Domain Engineering Lead
app	trade_lines	approved_limit_kobo	restricted_financial	business_or_transaction	application_or_authorized_provider	operate_trade_credit_service	pending_legal_approval	tenant_scoped_application;authorized_operations	validated_application_command;authorized_worker	database_encryption;rls;access_audit	environment_retention_register_pending_legal_approval	delete_or_pseudonymize_after_approved_request_and_retention_expiry	kredit	configured_region;transfer_assessment_required_for_external_processor	Domain Engineering Lead
app	trade_lines	current_exposure_kobo	restricted_financial	business_or_transaction	application_or_authorized_provider	operate_trade_credit_service	pending_legal_approval	tenant_scoped_application;authorized_operations	validated_application_command;authorized_worker	database_encryption;rls;access_audit	environment_retention_register_pending_legal_approval	delete_or_pseudonymize_after_approved_request_and_retention_expiry	kredit	configured_region;transfer_assessment_required_for_external_processor	Domain Engineering Lead
app	trade_lines	reserved_pending_kobo	restricted_financial	business_or_transaction	application_or_authorized_provider	operate_trade_credit_service	pending_legal_approval	tenant_scoped_application;authorized_operations	validated_application_command;authorized_worker	database_encryption;rls;access_audit	environment_retention_register_pending_legal_approval	delete_or_pseudonymize_after_approved_request_and_retention_expiry	kredit	configured_region;transfer_assessment_required_for_external_processor	Domain Engineering Lead
app	trade_lines	available_limit_kobo	restricted_financial	business_or_transaction	application_or_authorized_provider	operate_trade_credit_service	pending_legal_approval	tenant_scoped_application;authorized_operations	validated_application_command;authorized_worker	database_encryption;rls;access_audit	environment_retention_register_pending_legal_approval	delete_or_pseudonymize_after_approved_request_and_retention_expiry	kredit	configured_region;transfer_assessment_required_for_external_processor	Domain Engineering Lead
app	trade_lines	cadence	confidential_commercial	business_or_transaction	application_or_authorized_provider	operate_trade_credit_service	pending_legal_approval	tenant_scoped_application;authorized_operations	validated_application_command;authorized_worker	database_encryption;rls;access_audit	environment_retention_register_pending_legal_approval	delete_or_pseudonymize_after_approved_request_and_retention_expiry	kredit	configured_region;transfer_assessment_required_for_external_processor	Domain Engineering Lead
app	trade_lines	default_grace_hours	confidential_commercial	business_or_transaction	application_or_authorized_provider	operate_trade_credit_service	pending_legal_approval	tenant_scoped_application;authorized_operations	validated_application_command;authorized_worker	database_encryption;rls;access_audit	environment_retention_register_pending_legal_approval	delete_or_pseudonymize_after_approved_request_and_retention_expiry	kredit	configured_region;transfer_assessment_required_for_external_processor	Domain Engineering Lead
app	trade_lines	start_at	confidential_commercial	business_or_transaction	application_or_authorized_provider	operate_trade_credit_service	pending_legal_approval	tenant_scoped_application;authorized_operations	validated_application_command;authorized_worker	database_encryption;rls;access_audit	environment_retention_register_pending_legal_approval	delete_or_pseudonymize_after_approved_request_and_retention_expiry	kredit	configured_region;transfer_assessment_required_for_external_processor	Domain Engineering Lead
app	trade_lines	end_at	confidential_commercial	business_or_transaction	application_or_authorized_provider	operate_trade_credit_service	pending_legal_approval	tenant_scoped_application;authorized_operations	validated_application_command;authorized_worker	database_encryption;rls;access_audit	environment_retention_register_pending_legal_approval	delete_or_pseudonymize_after_approved_request_and_retention_expiry	kredit	configured_region;transfer_assessment_required_for_external_processor	Domain Engineering Lead
app	trade_lines	state	confidential_commercial	business_or_transaction	application_or_authorized_provider	operate_trade_credit_service	pending_legal_approval	tenant_scoped_application;authorized_operations	validated_application_command;authorized_worker	database_encryption;rls;access_audit	environment_retention_register_pending_legal_approval	delete_or_pseudonymize_after_approved_request_and_retention_expiry	kredit	configured_region;transfer_assessment_required_for_external_processor	Domain Engineering Lead
app	trade_lines	mandate_id	restricted_financial	business_or_transaction	application_or_authorized_provider	operate_trade_credit_service	pending_legal_approval	tenant_scoped_application;authorized_operations	validated_application_command;authorized_worker	database_encryption;rls;access_audit	environment_retention_register_pending_legal_approval	delete_or_pseudonymize_after_approved_request_and_retention_expiry	kredit	configured_region;transfer_assessment_required_for_external_processor	Domain Engineering Lead
app	trade_lines	mandate_active	restricted_financial	business_or_transaction	application_or_authorized_provider	operate_trade_credit_service	pending_legal_approval	tenant_scoped_application;authorized_operations	validated_application_command;authorized_worker	database_encryption;rls;access_audit	environment_retention_register_pending_legal_approval	delete_or_pseudonymize_after_approved_request_and_retention_expiry	kredit	configured_region;transfer_assessment_required_for_external_processor	Domain Engineering Lead
app	trade_lines	suspension_reason	confidential_commercial	business_or_transaction	application_or_authorized_provider	operate_trade_credit_service	pending_legal_approval	tenant_scoped_application;authorized_operations	validated_application_command;authorized_worker	database_encryption;rls;access_audit	environment_retention_register_pending_legal_approval	delete_or_pseudonymize_after_approved_request_and_retention_expiry	kredit	configured_region;transfer_assessment_required_for_external_processor	Domain Engineering Lead
app	trade_lines	terms_version	confidential_commercial	business_or_transaction	application_or_authorized_provider	operate_trade_credit_service	pending_legal_approval	tenant_scoped_application;authorized_operations	validated_application_command;authorized_worker	database_encryption;rls;access_audit	environment_retention_register_pending_legal_approval	delete_or_pseudonymize_after_approved_request_and_retention_expiry	kredit	configured_region;transfer_assessment_required_for_external_processor	Domain Engineering Lead
app	trade_lines	version	confidential_commercial	business_or_transaction	application_or_authorized_provider	operate_trade_credit_service	pending_legal_approval	tenant_scoped_application;authorized_operations	validated_application_command;authorized_worker	database_encryption;rls;access_audit	environment_retention_register_pending_legal_approval	delete_or_pseudonymize_after_approved_request_and_retention_expiry	kredit	configured_region;transfer_assessment_required_for_external_processor	Domain Engineering Lead
app	trade_lines	created_at	confidential_commercial	business_or_transaction	application_or_authorized_provider	operate_trade_credit_service	pending_legal_approval	tenant_scoped_application;authorized_operations	validated_application_command;authorized_worker	database_encryption;rls;access_audit	environment_retention_register_pending_legal_approval	delete_or_pseudonymize_after_approved_request_and_retention_expiry	kredit	configured_region;transfer_assessment_required_for_external_processor	Domain Engineering Lead
app	trade_lines	updated_at	confidential_commercial	business_or_transaction	application_or_authorized_provider	operate_trade_credit_service	pending_legal_approval	tenant_scoped_application;authorized_operations	validated_application_command;authorized_worker	database_encryption;rls;access_audit	environment_retention_register_pending_legal_approval	delete_or_pseudonymize_after_approved_request_and_retention_expiry	kredit	configured_region;transfer_assessment_required_for_external_processor	Domain Engineering Lead
app	trade_relationships	id	confidential_commercial	business_or_transaction	application_or_authorized_provider	operate_trade_credit_service	pending_legal_approval	tenant_scoped_application;authorized_operations	validated_application_command;authorized_worker	database_encryption;rls;access_audit	environment_retention_register_pending_legal_approval	delete_or_pseudonymize_after_approved_request_and_retention_expiry	kredit	configured_region;transfer_assessment_required_for_external_processor	Domain Engineering Lead
app	trade_relationships	supplier_organization_id	confidential_commercial	business_or_transaction	application_or_authorized_provider	operate_trade_credit_service	pending_legal_approval	tenant_scoped_application;authorized_operations	validated_application_command;authorized_worker	database_encryption;rls;access_audit	environment_retention_register_pending_legal_approval	delete_or_pseudonymize_after_approved_request_and_retention_expiry	kredit	configured_region;transfer_assessment_required_for_external_processor	Domain Engineering Lead
app	trade_relationships	buyer_business_id	confidential_commercial	business_or_transaction	application_or_authorized_provider	operate_trade_credit_service	pending_legal_approval	tenant_scoped_application;authorized_operations	validated_application_command;authorized_worker	database_encryption;rls;access_audit	environment_retention_register_pending_legal_approval	delete_or_pseudonymize_after_approved_request_and_retention_expiry	kredit	configured_region;transfer_assessment_required_for_external_processor	Domain Engineering Lead
app	trade_relationships	status	confidential_commercial	business_or_transaction	application_or_authorized_provider	operate_trade_credit_service	pending_legal_approval	tenant_scoped_application;authorized_operations	validated_application_command;authorized_worker	database_encryption;rls;access_audit	environment_retention_register_pending_legal_approval	delete_or_pseudonymize_after_approved_request_and_retention_expiry	kredit	configured_region;transfer_assessment_required_for_external_processor	Domain Engineering Lead
app	trade_relationships	first_transaction_at	confidential_commercial	business_or_transaction	application_or_authorized_provider	operate_trade_credit_service	pending_legal_approval	tenant_scoped_application;authorized_operations	validated_application_command;authorized_worker	database_encryption;rls;access_audit	environment_retention_register_pending_legal_approval	delete_or_pseudonymize_after_approved_request_and_retention_expiry	kredit	configured_region;transfer_assessment_required_for_external_processor	Domain Engineering Lead
app	trade_relationships	last_transaction_at	confidential_commercial	business_or_transaction	application_or_authorized_provider	operate_trade_credit_service	pending_legal_approval	tenant_scoped_application;authorized_operations	validated_application_command;authorized_worker	database_encryption;rls;access_audit	environment_retention_register_pending_legal_approval	delete_or_pseudonymize_after_approved_request_and_retention_expiry	kredit	configured_region;transfer_assessment_required_for_external_processor	Domain Engineering Lead
app	trade_relationships	supplier_customer_code	confidential_commercial	business_or_transaction	application_or_authorized_provider	operate_trade_credit_service	pending_legal_approval	tenant_scoped_application;authorized_operations	validated_application_command;authorized_worker	database_encryption;rls;access_audit	environment_retention_register_pending_legal_approval	delete_or_pseudonymize_after_approved_request_and_retention_expiry	kredit	configured_region;transfer_assessment_required_for_external_processor	Domain Engineering Lead
app	trade_relationships	supplier_private_notes	confidential_commercial	business_or_transaction	application_or_authorized_provider	operate_trade_credit_service	pending_legal_approval	tenant_scoped_application;authorized_operations	validated_application_command;authorized_worker	database_encryption;rls;access_audit	environment_retention_register_pending_legal_approval	delete_or_pseudonymize_after_approved_request_and_retention_expiry	kredit	configured_region;transfer_assessment_required_for_external_processor	Domain Engineering Lead
app	trade_relationships	default_policy_reference	confidential_commercial	business_or_transaction	application_or_authorized_provider	operate_trade_credit_service	pending_legal_approval	tenant_scoped_application;authorized_operations	validated_application_command;authorized_worker	database_encryption;rls;access_audit	environment_retention_register_pending_legal_approval	delete_or_pseudonymize_after_approved_request_and_retention_expiry	kredit	configured_region;transfer_assessment_required_for_external_processor	Domain Engineering Lead
app	trade_relationships	created_at	confidential_commercial	business_or_transaction	application_or_authorized_provider	operate_trade_credit_service	pending_legal_approval	tenant_scoped_application;authorized_operations	validated_application_command;authorized_worker	database_encryption;rls;access_audit	environment_retention_register_pending_legal_approval	delete_or_pseudonymize_after_approved_request_and_retention_expiry	kredit	configured_region;transfer_assessment_required_for_external_processor	Domain Engineering Lead
app	trade_relationships	updated_at	confidential_commercial	business_or_transaction	application_or_authorized_provider	operate_trade_credit_service	pending_legal_approval	tenant_scoped_application;authorized_operations	validated_application_command;authorized_worker	database_encryption;rls;access_audit	environment_retention_register_pending_legal_approval	delete_or_pseudonymize_after_approved_request_and_retention_expiry	kredit	configured_region;transfer_assessment_required_for_external_processor	Domain Engineering Lead
app	users	id	confidential_commercial	business_or_transaction	application_or_authorized_provider	operate_trade_credit_service	pending_legal_approval	tenant_scoped_application;authorized_operations	validated_application_command;authorized_worker	database_encryption;rls;access_audit	environment_retention_register_pending_legal_approval	delete_or_pseudonymize_after_approved_request_and_retention_expiry	kredit	configured_region;transfer_assessment_required_for_external_processor	Domain Engineering Lead
app	users	normalized_email	restricted_identity	account_user	application_or_authorized_provider	operate_trade_credit_service	pending_legal_approval	tenant_scoped_application;authorized_operations	validated_application_command;authorized_worker	database_encryption;rls;access_audit	environment_retention_register_pending_legal_approval	delete_or_pseudonymize_after_approved_request_and_retention_expiry	kredit	configured_region;transfer_assessment_required_for_external_processor	Domain Engineering Lead
app	users	normalized_phone	restricted_identity	account_user	application_or_authorized_provider	operate_trade_credit_service	pending_legal_approval	tenant_scoped_application;authorized_operations	validated_application_command;authorized_worker	database_encryption;rls;access_audit	environment_retention_register_pending_legal_approval	delete_or_pseudonymize_after_approved_request_and_retention_expiry	kredit	configured_region;transfer_assessment_required_for_external_processor	Domain Engineering Lead
app	users	display_name	restricted_identity	business_or_transaction	application_or_authorized_provider	operate_trade_credit_service	pending_legal_approval	tenant_scoped_application;authorized_operations	validated_application_command;authorized_worker	database_encryption;rls;access_audit	environment_retention_register_pending_legal_approval	delete_or_pseudonymize_after_approved_request_and_retention_expiry	kredit	configured_region;transfer_assessment_required_for_external_processor	Domain Engineering Lead
app	users	status	confidential_commercial	business_or_transaction	application_or_authorized_provider	operate_trade_credit_service	pending_legal_approval	tenant_scoped_application;authorized_operations	validated_application_command;authorized_worker	database_encryption;rls;access_audit	environment_retention_register_pending_legal_approval	delete_or_pseudonymize_after_approved_request_and_retention_expiry	kredit	configured_region;transfer_assessment_required_for_external_processor	Domain Engineering Lead
app	users	last_authenticated_at	confidential_commercial	business_or_transaction	application_or_authorized_provider	operate_trade_credit_service	pending_legal_approval	tenant_scoped_application;authorized_operations	validated_application_command;authorized_worker	database_encryption;rls;access_audit	environment_retention_register_pending_legal_approval	delete_or_pseudonymize_after_approved_request_and_retention_expiry	kredit	configured_region;transfer_assessment_required_for_external_processor	Domain Engineering Lead
app	users	created_at	confidential_commercial	business_or_transaction	application_or_authorized_provider	operate_trade_credit_service	pending_legal_approval	tenant_scoped_application;authorized_operations	validated_application_command;authorized_worker	database_encryption;rls;access_audit	environment_retention_register_pending_legal_approval	delete_or_pseudonymize_after_approved_request_and_retention_expiry	kredit	configured_region;transfer_assessment_required_for_external_processor	Domain Engineering Lead
app	users	version	confidential_commercial	business_or_transaction	application_or_authorized_provider	operate_trade_credit_service	pending_legal_approval	tenant_scoped_application;authorized_operations	validated_application_command;authorized_worker	database_encryption;rls;access_audit	environment_retention_register_pending_legal_approval	delete_or_pseudonymize_after_approved_request_and_retention_expiry	kredit	configured_region;transfer_assessment_required_for_external_processor	Domain Engineering Lead
app	verification_cases	id	confidential_commercial	business_or_transaction	application_or_authorized_provider	operate_trade_credit_service	pending_legal_approval	authorized_user;case_bound_compliance	validated_application_command;authorized_worker	database_encryption;rls;access_audit	environment_retention_register_pending_legal_approval	delete_or_pseudonymize_after_approved_request_and_retention_expiry	kredit	configured_region;transfer_assessment_required_for_external_processor	Domain Engineering Lead
app	verification_cases	subject_type	confidential_commercial	business_or_transaction	application_or_authorized_provider	operate_trade_credit_service	pending_legal_approval	authorized_user;case_bound_compliance	validated_application_command;authorized_worker	database_encryption;rls;access_audit	environment_retention_register_pending_legal_approval	delete_or_pseudonymize_after_approved_request_and_retention_expiry	kredit	configured_region;transfer_assessment_required_for_external_processor	Domain Engineering Lead
app	verification_cases	subject_id	confidential_commercial	business_or_transaction	application_or_authorized_provider	operate_trade_credit_service	pending_legal_approval	authorized_user;case_bound_compliance	validated_application_command;authorized_worker	database_encryption;rls;access_audit	environment_retention_register_pending_legal_approval	delete_or_pseudonymize_after_approved_request_and_retention_expiry	kredit	configured_region;transfer_assessment_required_for_external_processor	Domain Engineering Lead
app	verification_cases	provider	confidential_commercial	business_or_transaction	application_or_authorized_provider	operate_trade_credit_service	pending_legal_approval	authorized_user;case_bound_compliance	validated_application_command;authorized_worker	database_encryption;rls;access_audit	environment_retention_register_pending_legal_approval	delete_or_pseudonymize_after_approved_request_and_retention_expiry	kredit	configured_region;transfer_assessment_required_for_external_processor	Domain Engineering Lead
app	verification_cases	provider_reference	confidential_commercial	business_or_transaction	application_or_authorized_provider	operate_trade_credit_service	pending_legal_approval	authorized_user;case_bound_compliance	validated_application_command;authorized_worker	database_encryption;rls;access_audit	environment_retention_register_pending_legal_approval	delete_or_pseudonymize_after_approved_request_and_retention_expiry	kredit	configured_region;transfer_assessment_required_for_external_processor	Domain Engineering Lead
app	verification_cases	verification_level	confidential_commercial	business_or_transaction	application_or_authorized_provider	operate_trade_credit_service	pending_legal_approval	authorized_user;case_bound_compliance	validated_application_command;authorized_worker	database_encryption;rls;access_audit	environment_retention_register_pending_legal_approval	delete_or_pseudonymize_after_approved_request_and_retention_expiry	kredit	configured_region;transfer_assessment_required_for_external_processor	Domain Engineering Lead
app	verification_cases	state	confidential_commercial	business_or_transaction	application_or_authorized_provider	operate_trade_credit_service	pending_legal_approval	authorized_user;case_bound_compliance	validated_application_command;authorized_worker	database_encryption;rls;access_audit	environment_retention_register_pending_legal_approval	delete_or_pseudonymize_after_approved_request_and_retention_expiry	kredit	configured_region;transfer_assessment_required_for_external_processor	Domain Engineering Lead
app	verification_cases	reasons	confidential_commercial	business_or_transaction	application_or_authorized_provider	operate_trade_credit_service	pending_legal_approval	authorized_user;case_bound_compliance	validated_application_command;authorized_worker	database_encryption;rls;access_audit	environment_retention_register_pending_legal_approval	delete_or_pseudonymize_after_approved_request_and_retention_expiry	kredit	configured_region;transfer_assessment_required_for_external_processor	Domain Engineering Lead
app	verification_cases	safe_result	confidential_commercial	business_or_transaction	application_or_authorized_provider	operate_trade_credit_service	pending_legal_approval	authorized_user;case_bound_compliance	validated_application_command;authorized_worker	database_encryption;rls;access_audit	environment_retention_register_pending_legal_approval	delete_or_pseudonymize_after_approved_request_and_retention_expiry	kredit	configured_region;transfer_assessment_required_for_external_processor	Domain Engineering Lead
app	verification_cases	started_at	confidential_commercial	business_or_transaction	application_or_authorized_provider	operate_trade_credit_service	pending_legal_approval	authorized_user;case_bound_compliance	validated_application_command;authorized_worker	database_encryption;rls;access_audit	environment_retention_register_pending_legal_approval	delete_or_pseudonymize_after_approved_request_and_retention_expiry	kredit	configured_region;transfer_assessment_required_for_external_processor	Domain Engineering Lead
app	verification_cases	completed_at	confidential_commercial	business_or_transaction	application_or_authorized_provider	operate_trade_credit_service	pending_legal_approval	authorized_user;case_bound_compliance	validated_application_command;authorized_worker	database_encryption;rls;access_audit	environment_retention_register_pending_legal_approval	delete_or_pseudonymize_after_approved_request_and_retention_expiry	kredit	configured_region;transfer_assessment_required_for_external_processor	Domain Engineering Lead
app	verification_cases	expires_at	confidential_commercial	business_or_transaction	application_or_authorized_provider	operate_trade_credit_service	pending_legal_approval	authorized_user;case_bound_compliance	validated_application_command;authorized_worker	database_encryption;rls;access_audit	environment_retention_register_pending_legal_approval	delete_or_pseudonymize_after_approved_request_and_retention_expiry	kredit	configured_region;transfer_assessment_required_for_external_processor	Domain Engineering Lead
jobs	river_client	id	confidential_commercial	platform_operator	application_or_authorized_provider	operate_trade_credit_service	pending_legal_approval	tenant_scoped_application;authorized_operations	validated_application_command;authorized_worker	database_encryption;runtime_role_grants	environment_retention_register_pending_legal_approval	delete_or_pseudonymize_after_approved_request_and_retention_expiry	kredit	configured_region;transfer_assessment_required_for_external_processor	Domain Engineering Lead
jobs	river_client	created_at	confidential_commercial	platform_operator	application_or_authorized_provider	operate_trade_credit_service	pending_legal_approval	tenant_scoped_application;authorized_operations	validated_application_command;authorized_worker	database_encryption;runtime_role_grants	environment_retention_register_pending_legal_approval	delete_or_pseudonymize_after_approved_request_and_retention_expiry	kredit	configured_region;transfer_assessment_required_for_external_processor	Domain Engineering Lead
jobs	river_client	metadata	restricted_financial	platform_operator	application_or_authorized_provider	operate_trade_credit_service	pending_legal_approval	tenant_scoped_application;authorized_operations	validated_application_command;authorized_worker	database_encryption;runtime_role_grants	environment_retention_register_pending_legal_approval	delete_or_pseudonymize_after_approved_request_and_retention_expiry	kredit	configured_region;transfer_assessment_required_for_external_processor	Domain Engineering Lead
jobs	river_client	paused_at	confidential_commercial	platform_operator	application_or_authorized_provider	operate_trade_credit_service	pending_legal_approval	tenant_scoped_application;authorized_operations	validated_application_command;authorized_worker	database_encryption;runtime_role_grants	environment_retention_register_pending_legal_approval	delete_or_pseudonymize_after_approved_request_and_retention_expiry	kredit	configured_region;transfer_assessment_required_for_external_processor	Domain Engineering Lead
jobs	river_client	updated_at	confidential_commercial	platform_operator	application_or_authorized_provider	operate_trade_credit_service	pending_legal_approval	tenant_scoped_application;authorized_operations	validated_application_command;authorized_worker	database_encryption;runtime_role_grants	environment_retention_register_pending_legal_approval	delete_or_pseudonymize_after_approved_request_and_retention_expiry	kredit	configured_region;transfer_assessment_required_for_external_processor	Domain Engineering Lead
jobs	river_client_queue	river_client_id	confidential_commercial	platform_operator	application_or_authorized_provider	operate_trade_credit_service	pending_legal_approval	tenant_scoped_application;authorized_operations	validated_application_command;authorized_worker	database_encryption;runtime_role_grants	environment_retention_register_pending_legal_approval	delete_or_pseudonymize_after_approved_request_and_retention_expiry	kredit	configured_region;transfer_assessment_required_for_external_processor	Domain Engineering Lead
jobs	river_client_queue	name	restricted_identity	platform_operator	application_or_authorized_provider	operate_trade_credit_service	pending_legal_approval	tenant_scoped_application;authorized_operations	validated_application_command;authorized_worker	database_encryption;runtime_role_grants	environment_retention_register_pending_legal_approval	delete_or_pseudonymize_after_approved_request_and_retention_expiry	kredit	configured_region;transfer_assessment_required_for_external_processor	Domain Engineering Lead
jobs	river_client_queue	created_at	confidential_commercial	platform_operator	application_or_authorized_provider	operate_trade_credit_service	pending_legal_approval	tenant_scoped_application;authorized_operations	validated_application_command;authorized_worker	database_encryption;runtime_role_grants	environment_retention_register_pending_legal_approval	delete_or_pseudonymize_after_approved_request_and_retention_expiry	kredit	configured_region;transfer_assessment_required_for_external_processor	Domain Engineering Lead
jobs	river_client_queue	max_workers	confidential_commercial	platform_operator	application_or_authorized_provider	operate_trade_credit_service	pending_legal_approval	tenant_scoped_application;authorized_operations	validated_application_command;authorized_worker	database_encryption;runtime_role_grants	environment_retention_register_pending_legal_approval	delete_or_pseudonymize_after_approved_request_and_retention_expiry	kredit	configured_region;transfer_assessment_required_for_external_processor	Domain Engineering Lead
jobs	river_client_queue	metadata	restricted_financial	platform_operator	application_or_authorized_provider	operate_trade_credit_service	pending_legal_approval	tenant_scoped_application;authorized_operations	validated_application_command;authorized_worker	database_encryption;runtime_role_grants	environment_retention_register_pending_legal_approval	delete_or_pseudonymize_after_approved_request_and_retention_expiry	kredit	configured_region;transfer_assessment_required_for_external_processor	Domain Engineering Lead
jobs	river_client_queue	num_jobs_completed	confidential_commercial	platform_operator	application_or_authorized_provider	operate_trade_credit_service	pending_legal_approval	tenant_scoped_application;authorized_operations	validated_application_command;authorized_worker	database_encryption;runtime_role_grants	environment_retention_register_pending_legal_approval	delete_or_pseudonymize_after_approved_request_and_retention_expiry	kredit	configured_region;transfer_assessment_required_for_external_processor	Domain Engineering Lead
jobs	river_client_queue	num_jobs_running	restricted_identity	platform_operator	application_or_authorized_provider	operate_trade_credit_service	pending_legal_approval	tenant_scoped_application;authorized_operations	validated_application_command;authorized_worker	database_encryption;runtime_role_grants	environment_retention_register_pending_legal_approval	delete_or_pseudonymize_after_approved_request_and_retention_expiry	kredit	configured_region;transfer_assessment_required_for_external_processor	Domain Engineering Lead
jobs	river_client_queue	updated_at	confidential_commercial	platform_operator	application_or_authorized_provider	operate_trade_credit_service	pending_legal_approval	tenant_scoped_application;authorized_operations	validated_application_command;authorized_worker	database_encryption;runtime_role_grants	environment_retention_register_pending_legal_approval	delete_or_pseudonymize_after_approved_request_and_retention_expiry	kredit	configured_region;transfer_assessment_required_for_external_processor	Domain Engineering Lead
jobs	river_job	id	confidential_commercial	platform_operator	application_or_authorized_provider	operate_trade_credit_service	pending_legal_approval	tenant_scoped_application;authorized_operations	validated_application_command;authorized_worker	database_encryption;runtime_role_grants	environment_retention_register_pending_legal_approval	delete_or_pseudonymize_after_approved_request_and_retention_expiry	kredit	configured_region;transfer_assessment_required_for_external_processor	Domain Engineering Lead
jobs	river_job	state	confidential_commercial	platform_operator	application_or_authorized_provider	operate_trade_credit_service	pending_legal_approval	tenant_scoped_application;authorized_operations	validated_application_command;authorized_worker	database_encryption;runtime_role_grants	environment_retention_register_pending_legal_approval	delete_or_pseudonymize_after_approved_request_and_retention_expiry	kredit	configured_region;transfer_assessment_required_for_external_processor	Domain Engineering Lead
jobs	river_job	attempt	confidential_commercial	platform_operator	application_or_authorized_provider	operate_trade_credit_service	pending_legal_approval	tenant_scoped_application;authorized_operations	validated_application_command;authorized_worker	database_encryption;runtime_role_grants	environment_retention_register_pending_legal_approval	delete_or_pseudonymize_after_approved_request_and_retention_expiry	kredit	configured_region;transfer_assessment_required_for_external_processor	Domain Engineering Lead
jobs	river_job	max_attempts	confidential_commercial	platform_operator	application_or_authorized_provider	operate_trade_credit_service	pending_legal_approval	tenant_scoped_application;authorized_operations	validated_application_command;authorized_worker	database_encryption;runtime_role_grants	environment_retention_register_pending_legal_approval	delete_or_pseudonymize_after_approved_request_and_retention_expiry	kredit	configured_region;transfer_assessment_required_for_external_processor	Domain Engineering Lead
jobs	river_job	attempted_at	confidential_commercial	platform_operator	application_or_authorized_provider	operate_trade_credit_service	pending_legal_approval	tenant_scoped_application;authorized_operations	validated_application_command;authorized_worker	database_encryption;runtime_role_grants	environment_retention_register_pending_legal_approval	delete_or_pseudonymize_after_approved_request_and_retention_expiry	kredit	configured_region;transfer_assessment_required_for_external_processor	Domain Engineering Lead
jobs	river_job	created_at	confidential_commercial	platform_operator	application_or_authorized_provider	operate_trade_credit_service	pending_legal_approval	tenant_scoped_application;authorized_operations	validated_application_command;authorized_worker	database_encryption;runtime_role_grants	environment_retention_register_pending_legal_approval	delete_or_pseudonymize_after_approved_request_and_retention_expiry	kredit	configured_region;transfer_assessment_required_for_external_processor	Domain Engineering Lead
jobs	river_job	finalized_at	confidential_commercial	platform_operator	application_or_authorized_provider	operate_trade_credit_service	pending_legal_approval	tenant_scoped_application;authorized_operations	validated_application_command;authorized_worker	database_encryption;runtime_role_grants	environment_retention_register_pending_legal_approval	delete_or_pseudonymize_after_approved_request_and_retention_expiry	kredit	configured_region;transfer_assessment_required_for_external_processor	Domain Engineering Lead
jobs	river_job	scheduled_at	confidential_commercial	platform_operator	application_or_authorized_provider	operate_trade_credit_service	pending_legal_approval	tenant_scoped_application;authorized_operations	validated_application_command;authorized_worker	database_encryption;runtime_role_grants	environment_retention_register_pending_legal_approval	delete_or_pseudonymize_after_approved_request_and_retention_expiry	kredit	configured_region;transfer_assessment_required_for_external_processor	Domain Engineering Lead
jobs	river_job	priority	confidential_commercial	platform_operator	application_or_authorized_provider	operate_trade_credit_service	pending_legal_approval	tenant_scoped_application;authorized_operations	validated_application_command;authorized_worker	database_encryption;runtime_role_grants	environment_retention_register_pending_legal_approval	delete_or_pseudonymize_after_approved_request_and_retention_expiry	kredit	configured_region;transfer_assessment_required_for_external_processor	Domain Engineering Lead
jobs	river_job	args	restricted_financial	platform_operator	application_or_authorized_provider	operate_trade_credit_service	pending_legal_approval	tenant_scoped_application;authorized_operations	validated_application_command;authorized_worker	database_encryption;runtime_role_grants	environment_retention_register_pending_legal_approval	delete_or_pseudonymize_after_approved_request_and_retention_expiry	kredit	configured_region;transfer_assessment_required_for_external_processor	Domain Engineering Lead
jobs	river_job	attempted_by	confidential_commercial	platform_operator	application_or_authorized_provider	operate_trade_credit_service	pending_legal_approval	tenant_scoped_application;authorized_operations	validated_application_command;authorized_worker	database_encryption;runtime_role_grants	environment_retention_register_pending_legal_approval	delete_or_pseudonymize_after_approved_request_and_retention_expiry	kredit	configured_region;transfer_assessment_required_for_external_processor	Domain Engineering Lead
jobs	river_job	errors	restricted_financial	platform_operator	application_or_authorized_provider	operate_trade_credit_service	pending_legal_approval	tenant_scoped_application;authorized_operations	validated_application_command;authorized_worker	database_encryption;runtime_role_grants	environment_retention_register_pending_legal_approval	delete_or_pseudonymize_after_approved_request_and_retention_expiry	kredit	configured_region;transfer_assessment_required_for_external_processor	Domain Engineering Lead
jobs	river_job	kind	confidential_commercial	platform_operator	application_or_authorized_provider	operate_trade_credit_service	pending_legal_approval	tenant_scoped_application;authorized_operations	validated_application_command;authorized_worker	database_encryption;runtime_role_grants	environment_retention_register_pending_legal_approval	delete_or_pseudonymize_after_approved_request_and_retention_expiry	kredit	configured_region;transfer_assessment_required_for_external_processor	Domain Engineering Lead
jobs	river_job	metadata	restricted_financial	platform_operator	application_or_authorized_provider	operate_trade_credit_service	pending_legal_approval	tenant_scoped_application;authorized_operations	validated_application_command;authorized_worker	database_encryption;runtime_role_grants	environment_retention_register_pending_legal_approval	delete_or_pseudonymize_after_approved_request_and_retention_expiry	kredit	configured_region;transfer_assessment_required_for_external_processor	Domain Engineering Lead
jobs	river_job	queue	confidential_commercial	platform_operator	application_or_authorized_provider	operate_trade_credit_service	pending_legal_approval	tenant_scoped_application;authorized_operations	validated_application_command;authorized_worker	database_encryption;runtime_role_grants	environment_retention_register_pending_legal_approval	delete_or_pseudonymize_after_approved_request_and_retention_expiry	kredit	configured_region;transfer_assessment_required_for_external_processor	Domain Engineering Lead
jobs	river_job	tags	confidential_commercial	platform_operator	application_or_authorized_provider	operate_trade_credit_service	pending_legal_approval	tenant_scoped_application;authorized_operations	validated_application_command;authorized_worker	database_encryption;runtime_role_grants	environment_retention_register_pending_legal_approval	delete_or_pseudonymize_after_approved_request_and_retention_expiry	kredit	configured_region;transfer_assessment_required_for_external_processor	Domain Engineering Lead
jobs	river_job	unique_key	confidential_commercial	platform_operator	application_or_authorized_provider	operate_trade_credit_service	pending_legal_approval	tenant_scoped_application;authorized_operations	validated_application_command;authorized_worker	database_encryption;runtime_role_grants	environment_retention_register_pending_legal_approval	delete_or_pseudonymize_after_approved_request_and_retention_expiry	kredit	configured_region;transfer_assessment_required_for_external_processor	Domain Engineering Lead
jobs	river_job	unique_states	confidential_commercial	platform_operator	application_or_authorized_provider	operate_trade_credit_service	pending_legal_approval	tenant_scoped_application;authorized_operations	validated_application_command;authorized_worker	database_encryption;runtime_role_grants	environment_retention_register_pending_legal_approval	delete_or_pseudonymize_after_approved_request_and_retention_expiry	kredit	configured_region;transfer_assessment_required_for_external_processor	Domain Engineering Lead
jobs	river_leader	elected_at	confidential_commercial	platform_operator	application_or_authorized_provider	operate_trade_credit_service	pending_legal_approval	tenant_scoped_application;authorized_operations	validated_application_command;authorized_worker	database_encryption;runtime_role_grants	environment_retention_register_pending_legal_approval	delete_or_pseudonymize_after_approved_request_and_retention_expiry	kredit	configured_region;transfer_assessment_required_for_external_processor	Domain Engineering Lead
jobs	river_leader	expires_at	confidential_commercial	platform_operator	application_or_authorized_provider	operate_trade_credit_service	pending_legal_approval	tenant_scoped_application;authorized_operations	validated_application_command;authorized_worker	database_encryption;runtime_role_grants	environment_retention_register_pending_legal_approval	delete_or_pseudonymize_after_approved_request_and_retention_expiry	kredit	configured_region;transfer_assessment_required_for_external_processor	Domain Engineering Lead
jobs	river_leader	leader_id	confidential_commercial	platform_operator	application_or_authorized_provider	operate_trade_credit_service	pending_legal_approval	tenant_scoped_application;authorized_operations	validated_application_command;authorized_worker	database_encryption;runtime_role_grants	environment_retention_register_pending_legal_approval	delete_or_pseudonymize_after_approved_request_and_retention_expiry	kredit	configured_region;transfer_assessment_required_for_external_processor	Domain Engineering Lead
jobs	river_leader	name	restricted_identity	platform_operator	application_or_authorized_provider	operate_trade_credit_service	pending_legal_approval	tenant_scoped_application;authorized_operations	validated_application_command;authorized_worker	database_encryption;runtime_role_grants	environment_retention_register_pending_legal_approval	delete_or_pseudonymize_after_approved_request_and_retention_expiry	kredit	configured_region;transfer_assessment_required_for_external_processor	Domain Engineering Lead
jobs	river_migration	line	confidential_commercial	platform_operator	application_or_authorized_provider	operate_trade_credit_service	pending_legal_approval	tenant_scoped_application;authorized_operations	validated_application_command;authorized_worker	database_encryption;runtime_role_grants	environment_retention_register_pending_legal_approval	delete_or_pseudonymize_after_approved_request_and_retention_expiry	kredit	configured_region;transfer_assessment_required_for_external_processor	Domain Engineering Lead
jobs	river_migration	version	confidential_commercial	platform_operator	application_or_authorized_provider	operate_trade_credit_service	pending_legal_approval	tenant_scoped_application;authorized_operations	validated_application_command;authorized_worker	database_encryption;runtime_role_grants	environment_retention_register_pending_legal_approval	delete_or_pseudonymize_after_approved_request_and_retention_expiry	kredit	configured_region;transfer_assessment_required_for_external_processor	Domain Engineering Lead
jobs	river_migration	created_at	confidential_commercial	platform_operator	application_or_authorized_provider	operate_trade_credit_service	pending_legal_approval	tenant_scoped_application;authorized_operations	validated_application_command;authorized_worker	database_encryption;runtime_role_grants	environment_retention_register_pending_legal_approval	delete_or_pseudonymize_after_approved_request_and_retention_expiry	kredit	configured_region;transfer_assessment_required_for_external_processor	Domain Engineering Lead
jobs	river_queue	name	restricted_identity	platform_operator	application_or_authorized_provider	operate_trade_credit_service	pending_legal_approval	tenant_scoped_application;authorized_operations	validated_application_command;authorized_worker	database_encryption;runtime_role_grants	environment_retention_register_pending_legal_approval	delete_or_pseudonymize_after_approved_request_and_retention_expiry	kredit	configured_region;transfer_assessment_required_for_external_processor	Domain Engineering Lead
jobs	river_queue	created_at	confidential_commercial	platform_operator	application_or_authorized_provider	operate_trade_credit_service	pending_legal_approval	tenant_scoped_application;authorized_operations	validated_application_command;authorized_worker	database_encryption;runtime_role_grants	environment_retention_register_pending_legal_approval	delete_or_pseudonymize_after_approved_request_and_retention_expiry	kredit	configured_region;transfer_assessment_required_for_external_processor	Domain Engineering Lead
jobs	river_queue	metadata	restricted_financial	platform_operator	application_or_authorized_provider	operate_trade_credit_service	pending_legal_approval	tenant_scoped_application;authorized_operations	validated_application_command;authorized_worker	database_encryption;runtime_role_grants	environment_retention_register_pending_legal_approval	delete_or_pseudonymize_after_approved_request_and_retention_expiry	kredit	configured_region;transfer_assessment_required_for_external_processor	Domain Engineering Lead
jobs	river_queue	paused_at	confidential_commercial	platform_operator	application_or_authorized_provider	operate_trade_credit_service	pending_legal_approval	tenant_scoped_application;authorized_operations	validated_application_command;authorized_worker	database_encryption;runtime_role_grants	environment_retention_register_pending_legal_approval	delete_or_pseudonymize_after_approved_request_and_retention_expiry	kredit	configured_region;transfer_assessment_required_for_external_processor	Domain Engineering Lead
jobs	river_queue	updated_at	confidential_commercial	platform_operator	application_or_authorized_provider	operate_trade_credit_service	pending_legal_approval	tenant_scoped_application;authorized_operations	validated_application_command;authorized_worker	database_encryption;runtime_role_grants	environment_retention_register_pending_legal_approval	delete_or_pseudonymize_after_approved_request_and_retention_expiry	kredit	configured_region;transfer_assessment_required_for_external_processor	Domain Engineering Lead
ledger	accounts	id	restricted_financial	business_or_transaction	application_or_authorized_provider	financial_accounting	pending_legal_approval	tenant_scoped_application;authorized_operations	validated_application_command;authorized_worker	database_encryption;rls;access_audit	environment_retention_register_pending_legal_approval	retain_under_financial_or_legal_hold;restrict_or_pseudonymize	kredit	configured_region;transfer_assessment_required_for_external_processor	Financial Systems Lead
ledger	accounts	code	restricted_financial	business_or_transaction	application_or_authorized_provider	financial_accounting	pending_legal_approval	tenant_scoped_application;authorized_operations	validated_application_command;authorized_worker	database_encryption;rls;access_audit	environment_retention_register_pending_legal_approval	retain_under_financial_or_legal_hold;restrict_or_pseudonymize	kredit	configured_region;transfer_assessment_required_for_external_processor	Financial Systems Lead
ledger	accounts	name	restricted_financial	business_or_transaction	application_or_authorized_provider	financial_accounting	pending_legal_approval	tenant_scoped_application;authorized_operations	validated_application_command;authorized_worker	database_encryption;rls;access_audit	environment_retention_register_pending_legal_approval	retain_under_financial_or_legal_hold;restrict_or_pseudonymize	kredit	configured_region;transfer_assessment_required_for_external_processor	Financial Systems Lead
ledger	accounts	normal_balance	restricted_financial	business_or_transaction	application_or_authorized_provider	financial_accounting	pending_legal_approval	tenant_scoped_application;authorized_operations	validated_application_command;authorized_worker	database_encryption;rls;access_audit	environment_retention_register_pending_legal_approval	retain_under_financial_or_legal_hold;restrict_or_pseudonymize	kredit	configured_region;transfer_assessment_required_for_external_processor	Financial Systems Lead
ledger	postings	id	restricted_financial	business_or_transaction	application_or_authorized_provider	financial_accounting	pending_legal_approval	tenant_scoped_application;authorized_operations	validated_application_command;authorized_worker	database_encryption;rls;access_audit	environment_retention_register_pending_legal_approval	retain_under_financial_or_legal_hold;restrict_or_pseudonymize	kredit	configured_region;transfer_assessment_required_for_external_processor	Financial Systems Lead
ledger	postings	transaction_id	restricted_financial	business_or_transaction	application_or_authorized_provider	financial_accounting	pending_legal_approval	tenant_scoped_application;authorized_operations	validated_application_command;authorized_worker	database_encryption;rls;access_audit	environment_retention_register_pending_legal_approval	retain_under_financial_or_legal_hold;restrict_or_pseudonymize	kredit	configured_region;transfer_assessment_required_for_external_processor	Financial Systems Lead
ledger	postings	account_id	restricted_financial	business_or_transaction	application_or_authorized_provider	financial_accounting	pending_legal_approval	tenant_scoped_application;authorized_operations	validated_application_command;authorized_worker	database_encryption;rls;access_audit	environment_retention_register_pending_legal_approval	retain_under_financial_or_legal_hold;restrict_or_pseudonymize	kredit	configured_region;transfer_assessment_required_for_external_processor	Financial Systems Lead
ledger	postings	debit_kobo	restricted_financial	business_or_transaction	application_or_authorized_provider	financial_accounting	pending_legal_approval	tenant_scoped_application;authorized_operations	validated_application_command;authorized_worker	database_encryption;rls;access_audit	environment_retention_register_pending_legal_approval	retain_under_financial_or_legal_hold;restrict_or_pseudonymize	kredit	configured_region;transfer_assessment_required_for_external_processor	Financial Systems Lead
ledger	postings	credit_kobo	restricted_financial	business_or_transaction	application_or_authorized_provider	financial_accounting	pending_legal_approval	tenant_scoped_application;authorized_operations	validated_application_command;authorized_worker	database_encryption;rls;access_audit	environment_retention_register_pending_legal_approval	retain_under_financial_or_legal_hold;restrict_or_pseudonymize	kredit	configured_region;transfer_assessment_required_for_external_processor	Financial Systems Lead
ledger	transactions	id	restricted_financial	business_or_transaction	application_or_authorized_provider	financial_accounting	pending_legal_approval	tenant_scoped_application;authorized_operations	validated_application_command;authorized_worker	database_encryption;rls;access_audit	environment_retention_register_pending_legal_approval	retain_under_financial_or_legal_hold;restrict_or_pseudonymize	kredit	configured_region;transfer_assessment_required_for_external_processor	Financial Systems Lead
ledger	transactions	event_type	restricted_financial	business_or_transaction	application_or_authorized_provider	financial_accounting	pending_legal_approval	tenant_scoped_application;authorized_operations	validated_application_command;authorized_worker	database_encryption;rls;access_audit	environment_retention_register_pending_legal_approval	retain_under_financial_or_legal_hold;restrict_or_pseudonymize	kredit	configured_region;transfer_assessment_required_for_external_processor	Financial Systems Lead
ledger	transactions	reference_type	restricted_financial	business_or_transaction	application_or_authorized_provider	financial_accounting	pending_legal_approval	tenant_scoped_application;authorized_operations	validated_application_command;authorized_worker	database_encryption;rls;access_audit	environment_retention_register_pending_legal_approval	retain_under_financial_or_legal_hold;restrict_or_pseudonymize	kredit	configured_region;transfer_assessment_required_for_external_processor	Financial Systems Lead
ledger	transactions	reference_id	restricted_financial	business_or_transaction	application_or_authorized_provider	financial_accounting	pending_legal_approval	tenant_scoped_application;authorized_operations	validated_application_command;authorized_worker	database_encryption;rls;access_audit	environment_retention_register_pending_legal_approval	retain_under_financial_or_legal_hold;restrict_or_pseudonymize	kredit	configured_region;transfer_assessment_required_for_external_processor	Financial Systems Lead
ledger	transactions	idempotency_key	restricted_financial	business_or_transaction	application_or_authorized_provider	financial_accounting	pending_legal_approval	tenant_scoped_application;authorized_operations	validated_application_command;authorized_worker	database_encryption;rls;access_audit	environment_retention_register_pending_legal_approval	retain_under_financial_or_legal_hold;restrict_or_pseudonymize	kredit	configured_region;transfer_assessment_required_for_external_processor	Financial Systems Lead
ledger	transactions	effective_at	restricted_financial	business_or_transaction	application_or_authorized_provider	financial_accounting	pending_legal_approval	tenant_scoped_application;authorized_operations	validated_application_command;authorized_worker	database_encryption;rls;access_audit	environment_retention_register_pending_legal_approval	retain_under_financial_or_legal_hold;restrict_or_pseudonymize	kredit	configured_region;transfer_assessment_required_for_external_processor	Financial Systems Lead
ledger	transactions	recorded_at	restricted_financial	business_or_transaction	application_or_authorized_provider	financial_accounting	pending_legal_approval	tenant_scoped_application;authorized_operations	validated_application_command;authorized_worker	database_encryption;rls;access_audit	environment_retention_register_pending_legal_approval	retain_under_financial_or_legal_hold;restrict_or_pseudonymize	kredit	configured_region;transfer_assessment_required_for_external_processor	Financial Systems Lead
