file,review_method,review_focus,finding_ids,sha256,status,verification
.dockerignore,Direct operational source/configuration review; not executed,".dockerignore: deployment, boundaries, failure handling and referenced paths",F039,db593ce66d2d058a68c498f7f62b102d069b8f68010e79bc58f74c7b319cfadd,inspected; findings open,Not executed; static audit only
.env.example,Direct source or complete structured record review,.env.example: configuration/data and current consumers,,0a048cbe2967767d87b44c5f60ee802bd8a7c2c7c65dffc16402529340d8228b,inspected; no separate finding recorded,Not executed; static audit only
.github/workflows/ci.yml,Direct operational source/configuration review; not executed,"ci.yml: deployment, boundaries, failure handling and referenced paths",,d3f10719e544247c63e3b9800397af8d56851e0889e34e1632dd881e95dbf397,inspected; no separate finding recorded,Not executed; static audit only
.github/workflows/phase2-tenant-isolation.yml,Direct operational source/configuration review; not executed,"phase2-tenant-isolation.yml: deployment, boundaries, failure handling and referenced paths",,9c708bcf8d2ff7f6ab0b5dfa62261c13c8a413788058ec7238fc951eac21b1b9,inspected; no separate finding recorded,Not executed; static audit only
.github/workflows/phase3-financial-proof.yml,Direct operational source/configuration review; not executed,"phase3-financial-proof.yml: deployment, boundaries, failure handling and referenced paths",,71bdc14edf511058834770a78108be0c60fa45d1f19aa59dfeb5b261d4f9bbf9,inspected; no separate finding recorded,Not executed; static audit only
.github/workflows/phase4-provider-verification.yml,Direct operational source/configuration review; not executed,"phase4-provider-verification.yml: deployment, boundaries, failure handling and referenced paths",,c953a211f206cc043d2b2c40e9a6819327b92acc26556f7693c7633b0a2fa14e,inspected; no separate finding recorded,Not executed; static audit only
.github/workflows/phase5-production-assurance.yml,Direct operational source/configuration review; not executed,"phase5-production-assurance.yml: deployment, boundaries, failure handling and referenced paths",F036,8e58a7dc89dfd5807461b79c2985f82f94537ba0c31a0fb1ec6e81819faf817b,inspected; findings open,Not executed; static audit only
.github/workflows/phase6-context-audit.yml,Direct operational source/configuration review; not executed,"phase6-context-audit.yml: deployment, boundaries, failure handling and referenced paths",,fddcb943a628bf3d65f59d45cb636187e50cdf35e1dd0c909eef666897b24ecb,inspected; no separate finding recorded,Not executed; static audit only
.github/workflows/product-audit.yml,Direct operational source/configuration review; not executed,"product-audit.yml: deployment, boundaries, failure handling and referenced paths",,c1a6305ddc8794599087ce58674b0d6f529f17d9b2acd7725b3ee6f201d7037a,inspected; no separate finding recorded,Not executed; static audit only
.gitignore,Direct operational source/configuration review; not executed,".gitignore: deployment, boundaries, failure handling and referenced paths",F039,e3d1eb2170c7abaa4ff970cbc3b27f122f50744859865e2c3be705f1c833ff24,inspected; findings open,Not executed; static audit only
.go-version,Direct source or complete structured record review,.go-version: configuration/data and current consumers,,a90ffbb66539d182e63c702902d74fe39f1c24ef9de746b2b756b856d1ccffba,inspected; no separate finding recorded,Not executed; static audit only
.golangci.yml,Direct source or complete structured record review,.golangci.yml: configuration/data and current consumers,,bdea0d04e06eaab6cc20a91556d749ad2b57ba9cc170ff4fb9237af5db19326e,inspected; no separate finding recorded,Not executed; static audit only
.node-version,Direct source or complete structured record review,.node-version: configuration/data and current consumers,,423b5a2d829f35f2b534f93ad6ae9a59ac2b67fa09e069c704c26c0e435b316f,inspected; no separate finding recorded,Not executed; static audit only
.pnpm-version,Direct source or complete structured record review,.pnpm-version: configuration/data and current consumers,,148e8c8cd9a8711efac1e9279f319d9d7f2e9657b20f2976f06ddfc328b9377c,inspected; no separate finding recorded,Not executed; static audit only
CHANGELOG.md,Direct document review; historical claims not current proof,Changelog: source consistency and evidence limits,,8b3540cf01e85dd3a8a5b8d47963651ded3949ad98a0c31a5ff2666d7bbab077,inspected; no separate finding recorded,Not executed; static audit only
IMPLEMENTATION_PLAN.md,Direct document review; historical claims not current proof,Kredit Production V1 Implementation Plan: source consistency and evidence limits,,6a8c0c2c52b2789d9bd851f47f696c1ae61fd567e9d4ab5410bd146f7e72dfde,inspected; no separate finding recorded,Not executed; static audit only
IMPLEMENTATION_STATUS.md,Direct document review; historical claims not current proof,Implementation Status: source consistency and evidence limits,,6b2dac0513be8c3fc49eafb92dabee163e779bf8d383b63c0bdecd038cc61963,inspected; no separate finding recorded,Not executed; static audit only
KREDIT-CODE-AUDIT.md,Direct document review; historical claims not current proof,Kredit — full platform code audit: source consistency and evidence limits,,050356645060178bcc41fdeec764e21cb52f11f1673754feefbd4ed0301505ff,inspected; no separate finding recorded,Not executed; static audit only
KREDIT-LAUNCH-HANDOVER.md,Direct document review; historical claims not current proof,"Kredit — what changed, and what you must run before you deploy: source consistency and evidence limits",,a345e3cc66949454a9fdb386c6e552e2e8b3f7330f6f2ef937a7d6b2adf271fa,inspected; no separate finding recorded,Not executed; static audit only
KREDIT-TEST-FIXES-ROUND-2.md,Direct document review; historical claims not current proof,Round two: the ten remaining browser failures: source consistency and evidence limits,,525f4f1747edbcc00f5e8cf5f30b7b6ad7583932a55849d37c1b118ab969efb2,inspected; no separate finding recorded,Not executed; static audit only
KREDIT-TEST-FIXES.md,Direct document review; historical claims not current proof,"What the first full test run found, and what I changed: source consistency and evidence limits",,32a8f15b897802de872df27f229e877ea339eacb9fe0b43f148fc79ec4112f7d,inspected; no separate finding recorded,Not executed; static audit only
Kredit_Local_Launch_Master_Prompt_v2_2026-09-07.md,Direct document review; historical claims not current proof,Kredit — Local launch implementation and full design/content overhaul: source consistency and evidence limits,,d9624bf18767443c7b87a66cb78633b9f57ca89220b29f997e6a73644f761d29,inspected; no separate finding recorded,Not executed; static audit only
README.local.md,Direct document review; historical claims not current proof,Local development quick start: source consistency and evidence limits,,e00a780169bbe3b75207382e6398ea8bca61be78880d9180a72fc5b9d3b16af6,inspected; no separate finding recorded,Not executed; static audit only
README.md,Direct document review; historical claims not current proof,Kredit: source consistency and evidence limits,F002,60f5425c789de3a22c7cf506e2dca801e38e183b1cf0c6e23cc88255d40f4ed7,inspected; findings open,Not executed; static audit only
SECURITY.md,Direct document review; historical claims not current proof,Security policy: source consistency and evidence limits,,b6896156fee300ea36488d8f24249cc7ec24f66080149425ae2961190fd2cc1a,inspected; no separate finding recorded,Not executed; static audit only
Taskfile.yml,Direct operational source/configuration review; not executed,"Taskfile.yml: deployment, boundaries, failure handling and referenced paths",F037,27a6e74bb63eb365fdf5114258cf94769b45e0b711795595cfaccb55a6570f34,inspected; findings open,Not executed; static audit only
api/openapi.yaml,Direct source or complete structured record review,openapi.yaml: configuration/data and current consumers,,2a454b41e9faeac14f97d49b375fcd8fa4a2391e9254770580c598a356c3459d,inspected; no separate finding recorded,Not executed; static audit only
cmd/api/main.go,Direct source or complete structured record review,main.go: configuration/data and current consumers,,7e2ad155ab4238a652cabb166c6156ce90eb1cc49a4d1e333a8c524739c06003,inspected; no separate finding recorded,Not executed; static audit only
cmd/api/main_test.go,Test source read; not executed,"main_test: fixtures, assertions and production equivalence",,3e7cb8f5f38044f6a42f76abd98e59d7cff3b31ac56f4c0d801bc41d965d4eec,inspected; no separate finding recorded,Not executed; static audit only
cmd/bootstrap-owner/main.go,Direct source or complete structured record review,main.go: configuration/data and current consumers,,3697f5359a6314abd241ffb23699184dc37952433ec8865beb6600c51ecdba4f,inspected; no separate finding recorded,Not executed; static audit only
cmd/bootstrap-owner/main_test.go,Test source read; not executed,"main_test: fixtures, assertions and production equivalence",,f54f0ba70e98f7572ff9c7b91a238b8a77f9f84ccc976f116abc55aed1dfe7a9,inspected; no separate finding recorded,Not executed; static audit only
cmd/configcheck/main.go,Direct source or complete structured record review,main.go: configuration/data and current consumers,,05be9f1e756c81a8f852d569c7e1482ac86ba74f5ca0667246fd0d54cca6fa16,inspected; no separate finding recorded,Not executed; static audit only
cmd/configcheck/main_test.go,Test source read; not executed,"main_test: fixtures, assertions and production equivalence",,fc3d7499f64f560596a8e4d8b9f30de85e65210f4bb24bbea63b5897b8ddbec8,inspected; no separate finding recorded,Not executed; static audit only
cmd/migrate/main.go,Direct source or complete structured record review,main.go: configuration/data and current consumers,,c1044c424e4c6d6f16044d851013c88d3cfadfabf405423e0dd46964a5e2afd1,inspected; no separate finding recorded,Not executed; static audit only
cmd/migrate/main_test.go,Test source read; not executed,"main_test: fixtures, assertions and production equivalence",,ffc184d2433a337995691e8b52f8f1fadd2755e56c8998e3f668fdbf6b546c82,inspected; no separate finding recorded,Not executed; static audit only
cmd/provider-simulator/main.go,Direct source or complete structured record review,main.go: configuration/data and current consumers,,adf4b1417475adfbfb0b0257ef6b960ab60ea2661687628875e1c400c0a8c61d,inspected; no separate finding recorded,Not executed; static audit only
cmd/provider-simulator/main_test.go,Test source read; not executed,"main_test: fixtures, assertions and production equivalence",,b54b4c6f13f8eaa54c015cea1932be754c595a6782dcba4b09e0a08b9fe62e06,inspected; no separate finding recorded,Not executed; static audit only
cmd/reconcile/main.go,Direct source or complete structured record review,main.go: configuration/data and current consumers,,411e17bb6d6564521fc884dfeb4c27e5a08b0020b56e07484ace4d0ab7194d2b,inspected; no separate finding recorded,Not executed; static audit only
cmd/reconcile/main_test.go,Test source read; not executed,"main_test: fixtures, assertions and production equivalence",,762b439db644e39de1f7c6b7ea12157be35f23e205d5d74dca31a3229d67cdcb,inspected; no separate finding recorded,Not executed; static audit only
cmd/seed/main.go,Direct source or complete structured record review,main.go: configuration/data and current consumers,,1dd553663628cf5551c04959bd710b6b33deecd3d7cbf27b27d23afc18687e86,inspected; no separate finding recorded,Not executed; static audit only
cmd/seed/main_test.go,Test source read; not executed,"main_test: fixtures, assertions and production equivalence",,ce5951811b5dbfa1792389d4462188465ef919653a9802dd50ea856ee4dbc0eb,inspected; no separate finding recorded,Not executed; static audit only
cmd/worker/main.go,Direct source or complete structured record review,main.go: configuration/data and current consumers,,8632568988f2a63434e09d175b04de50e53ce25381a5d9cd4d54198c4794c0e8,inspected; no separate finding recorded,Not executed; static audit only
cmd/worker/main_test.go,Test source read; not executed,"main_test: fixtures, assertions and production equivalence",,94c81e805ba8bed55852fc99b65c70a6f04ccf50c905c13b558f0681e35677bc,inspected; no separate finding recorded,Not executed; static audit only
db/migrations/001_initial.sql,Full SQL source review; not applied,"Migration 001: initial; Up/Down, policies and later definitions",,a65395da301cd356eb0b9f5d367522e8e252be8c2668728147981e0657d8954f,inspected; no separate finding recorded,Not executed; static audit only
db/migrations/002_milestone1_auth_org.sql,Full SQL source review; not applied,"Migration 002: milestone1 auth org; Up/Down, policies and later definitions",,185630a21d73ad76e9843652bf29d4bf8772481ac2d75038ef8b0125d85666cd,inspected; no separate finding recorded,Not executed; static audit only
db/migrations/003_milestone2_buyers_identity.sql,Full SQL source review; not applied,"Migration 003: milestone2 buyers identity; Up/Down, policies and later definitions",,a30afc81e5ee961477aac0b458d0022c761b8d6195024fac2bb258f5cc61fc19,inspected; no separate finding recorded,Not executed; static audit only
db/migrations/004_milestone3_credit_ledger.sql,Full SQL source review; not applied,"Migration 004: milestone3 credit ledger; Up/Down, policies and later definitions",,0910dcc5f2f3fb09e94d240913faa6e71eb40d822eed7516c46b8678d7b46766,inspected; no separate finding recorded,Not executed; static audit only
db/migrations/005_milestone4_payments.sql,Full SQL source review; not applied,"Migration 005: milestone4 payments; Up/Down, policies and later definitions",,62538a8e3be4dfc05f136d9afe192fa6a8ed75d4b53e585f3e294b8d4cc2cf76,inspected; no separate finding recorded,Not executed; static audit only
db/migrations/006_milestone5_schedules.sql,Full SQL source review; not applied,"Migration 006: milestone5 schedules; Up/Down, policies and later definitions",,33b4911a0402ad6c8145a9c8dea87abcc1ff048190e4050a718f2c2ddbe02cc2,inspected; no separate finding recorded,Not executed; static audit only
db/migrations/007_milestone6_trade_lines.sql,Full SQL source review; not applied,"Migration 007: milestone6 trade lines; Up/Down, policies and later definitions",,617e9b61767de34442a048f76c7c7d45ef9112c142d62d7833373d6a1eedb2f6,inspected; no separate finding recorded,Not executed; static audit only
db/migrations/008_milestone7_collections.sql,Full SQL source review; not applied,"Migration 008: milestone7 collections; Up/Down, policies and later definitions",,a1cf19ce341a1705b95c23c2bab04c25653175cda2ae90935b8bdd70bb4caba4,inspected; no separate finding recorded,Not executed; static audit only
db/migrations/009_milestone8_disputes_operations.sql,Full SQL source review; not applied,"Migration 009: milestone8 disputes operations; Up/Down, policies and later definitions",,bd73d2a615ae0f3ffece074afb522c5500631317ae8a8824bb3d8259cac807c0,inspected; no separate finding recorded,Not executed; static audit only
db/migrations/010_milestone9_notifications_whatsapp.sql,Full SQL source review; not applied,"Migration 010: milestone9 notifications whatsapp; Up/Down, policies and later definitions",,6fc68ce73a56114d3fdae00e2648fd3faefc962b57e962a4f8c2d2131bd7cd6b,inspected; no separate finding recorded,Not executed; static audit only
db/migrations/011_milestone10_reporting_history.sql,Full SQL source review; not applied,"Migration 011: milestone10 reporting history; Up/Down, policies and later definitions",,6ea1d63ecff8a6d4aa9e7477d5ee75fbbaec12860839fac30cddb95cbd475b42,inspected; no separate finding recorded,Not executed; static audit only
db/migrations/012_milestone11_provider_adapter.sql,Full SQL source review; not applied,"Migration 012: milestone11 provider adapter; Up/Down, policies and later definitions",,7f324dd5c7d5d4952419e215a791c7e0bc3973aec2aaced4c495590596b7e8df,inspected; no separate finding recorded,Not executed; static audit only
db/migrations/013_milestone12_release_readiness.sql,Full SQL source review; not applied,"Migration 013: milestone12 release readiness; Up/Down, policies and later definitions",,987c2c87a70d2a2ceeae9cbba9ffef3072a2644c74ae38ed354d6e500ca048dc,inspected; no separate finding recorded,Not executed; static audit only
db/migrations/014_river_jobs_schema.sql,Full SQL source review; not applied,"Migration 014: river jobs schema; Up/Down, policies and later definitions",,6f3cd97fd865790b0944fe2ebea32b210b31df86afa5272ac99594258f65a2b1,inspected; no separate finding recorded,Not executed; static audit only
db/migrations/015_missing_domain_tables.sql,Full SQL source review; not applied,"Migration 015: missing domain tables; Up/Down, policies and later definitions",,e7dc1f5b50aaa736233bbdee35d7bc99c28f26e51a57cb94fb0e9ca0248e9f40,inspected; no separate finding recorded,Not executed; static audit only
db/migrations/016_financial_core_hardening.sql,Full SQL source review; not applied,"Migration 016: financial core hardening; Up/Down, policies and later definitions",,713b02f2899c032fc45093fb5295e9105dd77def5e7155d4851c47836ba63dae,inspected; no separate finding recorded,Not executed; static audit only
db/migrations/017_worker_operations.sql,Full SQL source review; not applied,"Migration 017: worker operations; Up/Down, policies and later definitions",,681b1f4b09eb4eeff6a5019cbc437ed301019adeadaeada3045d355a8523be04,inspected; no separate finding recorded,Not executed; static audit only
db/migrations/018_security_hardening.sql,Full SQL source review; not applied,"Migration 018: security hardening; Up/Down, policies and later definitions",,e07a6f0582f42a566ece22f788c62060343388c94b5ddde2d2c80ae846f25ece,inspected; no separate finding recorded,Not executed; static audit only
db/migrations/019_runtime_role_policies.sql,Full SQL source review; not applied,"Migration 019: runtime role policies; Up/Down, policies and later definitions",,a75ce580ffcbe53a3c0bc5b4e7f5259e9ed564b0e7ee71d8656f58ad756bf629,inspected; no separate finding recorded,Not executed; static audit only
db/migrations/020_auth_persistence_primitives.sql,Full SQL source review; not applied,"Migration 020: auth persistence primitives; Up/Down, policies and later definitions",,d292bc0501de59c662f2bf1a60072828fcdd507310efd3fb70e2648f61735e7c,inspected; no separate finding recorded,Not executed; static audit only
db/migrations/021_organization_persistence_primitives.sql,Full SQL source review; not applied,"Migration 021: organization persistence primitives; Up/Down, policies and later definitions",,9f5571a2b126a019152baa0574e03427b2bd44cf9903840cd8e3a793ba2099f3,inspected; no separate finding recorded,Not executed; static audit only
db/migrations/022_network_and_mandates.sql,Full SQL source review; not applied,"Migration 022: network and mandates; Up/Down, policies and later definitions",,14d7db9371d1db7d7043cd7abb6f02ab32ed4f40e232d3d66c7c3a6e0cbca345,inspected; no separate finding recorded,Not executed; static audit only
db/migrations/023_buyer_persistence_primitives.sql,Full SQL source review; not applied,"Migration 023: buyer persistence primitives; Up/Down, policies and later definitions",,572a944e3880848ac4cc199940dabe1cd1099b23d34d507a679d9ee659bfd314,inspected; no separate finding recorded,Not executed; static audit only
db/migrations/024_credit_aggregate_snapshots.sql,Full SQL source review; not applied,"Migration 024: credit aggregate snapshots; Up/Down, policies and later definitions",,840e8273151579d28237e9ea144ef6ce82f0d5bd6f8c60f68300b4af6c11e829,inspected; no separate finding recorded,Not executed; static audit only
db/migrations/025_mandate_lookup_function.sql,Full SQL source review; not applied,"Migration 025: mandate lookup function; Up/Down, policies and later definitions",,435cd367258c2a041e1276d6512afc2e0e070635ec234fe96f865eab1a2c981a,inspected; no separate finding recorded,Not executed; static audit only
db/migrations/026_mandate_lookup_owner.sql,Full SQL source review; not applied,"Migration 026: mandate lookup owner; Up/Down, policies and later definitions",,770fe2f687772c9b8df85f3b2e61288d88e442ced42a35e4cb326c3483d86c49,inspected; no separate finding recorded,Not executed; static audit only
db/migrations/027_credit_snapshot_tenant_functions.sql,Full SQL source review; not applied,"Migration 027: credit snapshot tenant functions; Up/Down, policies and later definitions",,79ce46e2915d21c3f44507f9e05cc29d21ac73306222f726f4e16d0e2014a739,inspected; no separate finding recorded,Not executed; static audit only
db/migrations/028_outbox_processing_lease.sql,Full SQL source review; not applied,"Migration 028: outbox processing lease; Up/Down, policies and later definitions",,fab243c3cd2daaef2657a67492ca9069c2d784e57d2636b98a306748ce194c13,inspected; no separate finding recorded,Not executed; static audit only
db/migrations/029_runtime_domain_repository_policies.sql,Full SQL source review; not applied,"Migration 029: runtime domain repository policies; Up/Down, policies and later definitions",,32a696a3696bb42221b4371750d5965ed7ab7fc808a52df824b03ead0ade03c7,inspected; no separate finding recorded,Not executed; static audit only
db/migrations/030_schedule_repository_runtime_policy.sql,Full SQL source review; not applied,"Migration 030: schedule repository runtime policy; Up/Down, policies and later definitions",,1396d5066a40a3c9d2a610e7137fa96e470a31adebd8531b67166e85107df3f3,inspected; no separate finding recorded,Not executed; static audit only
db/migrations/031_atomic_payment_repository.sql,Full SQL source review; not applied,"Migration 031: atomic payment repository; Up/Down, policies and later definitions",,54631eedf7c7c96b1f056547444069df69ad94ce7f89fd63f2b5c1c088788bc1,inspected; no separate finding recorded,Not executed; static audit only
db/migrations/032_supplier_customer_directory.sql,Full SQL source review; not applied,"Migration 032: supplier customer directory; Up/Down, policies and later definitions",,462d70c170b05fd87ed6782c1d1fc7f374e615c21675cd80a67303387dc698d7,inspected; no separate finding recorded,Not executed; static audit only
db/migrations/033_fix_ledger_balance_trigger.sql,Full SQL source review; not applied,"Migration 033: fix ledger balance trigger; Up/Down, policies and later definitions",,7510bc20f59c5601e686ee357305d3643d3c7bbb73123501289c374940aa4785,inspected; no separate finding recorded,Not executed; static audit only
db/migrations/034_trade_line_runtime_policy.sql,Full SQL source review; not applied,"Migration 034: trade line runtime policy; Up/Down, policies and later definitions",,1ec561376634d75bac089218a3a9ef69ed4f08b757d99e47dc412ef5ff91cc75,inspected; no separate finding recorded,Not executed; static audit only
db/migrations/035_collection_aggregate_repository.sql,Full SQL source review; not applied,"Migration 035: collection aggregate repository; Up/Down, policies and later definitions",,441ec26f5ab23077b7d372367be51d936c31388f7d586e3b145ea7c3f5a38213,inspected; no separate finding recorded,Not executed; static audit only
db/migrations/036_corrections_runtime_policy.sql,Full SQL source review; not applied,"Migration 036: corrections runtime policy; Up/Down, policies and later definitions",,044b4511cdec4d3f7ca942a6b3a1b01e0c2261abce5e2ea2726b4fffc2188787,inspected; no separate finding recorded,Not executed; static audit only
db/migrations/037_dispute_operation_runtime_policy.sql,Full SQL source review; not applied,"Migration 037: dispute operation runtime policy; Up/Down, policies and later definitions",,9c96b225259a4edd25da3cf2423795a5cc0f156fc6838e284ba28398287435b9,inspected; no separate finding recorded,Not executed; static audit only
db/migrations/038_notification_delivery_repository.sql,Full SQL source review; not applied,"Migration 038: notification delivery repository; Up/Down, policies and later definitions",,a5e6cf6b59a31d0e9b1bf0993a5062a3652e24702b7f50c2aaa36e03fa19f603,inspected; no separate finding recorded,Not executed; static audit only
db/migrations/039_analytics_runtime_policy.sql,Full SQL source review; not applied,"Migration 039: analytics runtime policy; Up/Down, policies and later definitions",,f917d5cc714df324e7d58f1d6e718b2d6a81cf0f78ed41d4158e24770948042a,inspected; no separate finding recorded,Not executed; static audit only
db/migrations/040_messaging_runtime_policy.sql,Full SQL source review; not applied,"Migration 040: messaging runtime policy; Up/Down, policies and later definitions",,8f8f4080291765d01cc2d29c398581aeeb431b2bf4c315281e2701564b2c90fe,inspected; no separate finding recorded,Not executed; static audit only
db/migrations/041_notification_delivery_recovery.sql,Full SQL source review; not applied,"Migration 041: notification delivery recovery; Up/Down, policies and later definitions",,fdd6458ede311cf45b59718ceedd46fd3525a7f019b2333aa5ce6610af7cd76d,inspected; no separate finding recorded,Not executed; static audit only
db/migrations/042_platform_operations_roles.sql,Full SQL source review; not applied,"Migration 042: platform operations roles; Up/Down, policies and later definitions",,24f8e0b50e8e286a95a462edc807dc7fa862502ff8a11f63bd12ab98d8db5deb,inspected; no separate finding recorded,Not executed; static audit only
db/migrations/043_fix_auth_user_upsert_ambiguity.sql,Full SQL source review; not applied,"Migration 043: fix auth user upsert ambiguity; Up/Down, policies and later definitions",,18f577f4c3978cecfc131ecb0772763ccf5cfdd63da498adc91e9bdc05ac559c,inspected; no separate finding recorded,Not executed; static audit only
db/migrations/044_payment_sources_and_claims.sql,Full SQL source review; not applied,"Migration 044: payment sources and claims; Up/Down, policies and later definitions",,53c5b652e38726d269b67689698f6b78f4e68e15883a0513d4c018cee1f24204,inspected; no separate finding recorded,Not executed; static audit only
db/migrations/045_trade_line_mandate_integrity.sql,Full SQL source review; not applied,"Migration 045: trade line mandate integrity; Up/Down, policies and later definitions",,7abaeb447ebd6a3eb33bfcc2d474292d697d6fd7e97764e589cf0d580d484bab,inspected; no separate finding recorded,Not executed; static audit only
db/migrations/046_trade_line_drawdown_lifecycle.sql,Full SQL source review; not applied,"Migration 046: trade line drawdown lifecycle; Up/Down, policies and later definitions",,8cf25dd700c33c9dec791e682fd3a1846b2a68bacc62dcffdfdffc5f7bfef962,inspected; no separate finding recorded,Not executed; static audit only
db/migrations/047_supplier_onboarding_readiness.sql,Full SQL source review; not applied,"Migration 047: supplier onboarding readiness; Up/Down, policies and later definitions",,3dc5e5e7d31be673f8cc0bb8272e7b6e93b169e1e379bdf4bbeb8b3ec5507d79,inspected; no separate finding recorded,Not executed; static audit only
db/migrations/048_user_control_and_privacy.sql,Full SQL source review; not applied,"Migration 048: user control and privacy; Up/Down, policies and later definitions",,79e5045f79a1056752bab49058791a6a1b0bbadc51efa61bffefc3439c36ea10,inspected; no separate finding recorded,Not executed; static audit only
db/migrations/049_operations_controls.sql,Full SQL source review; not applied,"Migration 049: operations controls; Up/Down, policies and later definitions",,25cc20fe3450280ccf6245c13a24be19b4fe4fbc373947eb0cdf0abf67276450,inspected; no separate finding recorded,Not executed; static audit only
db/migrations/050_product_analytics.sql,Full SQL source review; not applied,"Migration 050: product analytics; Up/Down, policies and later definitions",,728eb6570142cbb05851c20a3be9cae1aaa8e15b99b168149a304d8a2c3f326a,inspected; no separate finding recorded,Not executed; static audit only
db/migrations/051_analytics_contract_completion.sql,Full SQL source review; not applied,"Migration 051: analytics contract completion; Up/Down, policies and later definitions",,78cb60739a5e7dc56491b47bd96458d9ae9779ff352dd232f1a545bb88350615,inspected; no separate finding recorded,Not executed; static audit only
db/migrations/052_sweep_collection_safety.sql,Full SQL source review; not applied,"Migration 052: sweep collection safety; Up/Down, policies and later definitions",,3399631bf286977b7e506d5f257db4aba3f1ecf034371e9e6ac2431dcb8c20b5,inspected; no separate finding recorded,Not executed; static audit only
db/migrations/053_payment_reversal_integrity.sql,Full SQL source review; not applied,"Migration 053: payment reversal integrity; Up/Down, policies and later definitions",,8b7fbfe48330132b8bef08b110a8fc8afad539af4512ff3eefc4ebdcc9cc1fb5,inspected; no separate finding recorded,Not executed; static audit only
db/migrations/054_collection_eligibility_lock.sql,Full SQL source review; not applied,"Migration 054: collection eligibility lock; Up/Down, policies and later definitions",,13181a8d7c490fb154b035d9ee7b2a3f85d7732f3e129bca44e8d55d088c9286,inspected; no separate finding recorded,Not executed; static audit only
db/migrations/055_durable_financial_notices.sql,Full SQL source review; not applied,"Migration 055: durable financial notices; Up/Down, policies and later definitions",,ab6783eddf06fd3d02dd26c35ae12cfc4ad314720760bdae3946545d4401f2e8,inspected; no separate finding recorded,Not executed; static audit only
db/migrations/056_financial_reconciliation.sql,Full SQL source review; not applied,"Migration 056: financial reconciliation; Up/Down, policies and later definitions",,45c71c9456f9a257c40bfa05a18ca565eab6d1652a164679d5a88588956d5b57,inspected; no separate finding recorded,Not executed; static audit only
db/migrations/057_collection_notice_delivery.sql,Full SQL source review; not applied,"Migration 057: collection notice delivery; Up/Down, policies and later definitions",,b91974a3889c2f7354de7b989a0a9e05554fac3b53d33e21f0a580c51242e63e,inspected; no separate finding recorded,Not executed; static audit only
db/migrations/058_operations_intent_integrity.sql,Full SQL source review; not applied,"Migration 058: operations intent integrity; Up/Down, policies and later definitions",,396af2de10e84d14036fff0a24409619bd0a0c0d0b4bec076c24a8b1eec5563a,inspected; no separate finding recorded,Not executed; static audit only
db/migrations/059_adjustment_notification_evidence.sql,Full SQL source review; not applied,"Migration 059: adjustment notification evidence; Up/Down, policies and later definitions",,d3449759f1e8acce94da46016b2ab495655dfa8c50b594f47b3049ad44288eac,inspected; no separate finding recorded,Not executed; static audit only
db/migrations/060_provider_reversal_review.sql,Full SQL source review; not applied,"Migration 060: provider reversal review; Up/Down, policies and later definitions",,26e84c100cca5f7d1d81a76c681bfeb14e725a2250672550363b007b10d2960f,inspected; no separate finding recorded,Not executed; static audit only
db/migrations/061_business_policies.sql,Full SQL source review; not applied,"Migration 061: business policies; Up/Down, policies and later definitions",,07e51b89cbfba59cbdd56606a655dc51d09748ebd91a8ca3b0eb6229c364a8e6,inspected; no separate finding recorded,Not executed; static audit only
db/migrations/062_policy_enforcement_and_fee_terms.sql,Full SQL source review; not applied,"Migration 062: policy enforcement and fee terms; Up/Down, policies and later definitions",,1013866f1ef436761fd058481d7c95827e875c7c8172ea4165326bdff7df4a60,inspected; no separate finding recorded,Not executed; static audit only
db/migrations/063_preserve_existing_commitments.sql,Full SQL source review; not applied,"Migration 063: preserve existing commitments; Up/Down, policies and later definitions",,6b052f4437b2fee3014f5d900550ff90cd277dfe2189841270cab22aa7889527,inspected; no separate finding recorded,Not executed; static audit only
db/migrations/064_admin_workflows.sql,Full SQL source review; not applied,"Migration 064: admin workflows; Up/Down, policies and later definitions",,2427a5778ba91466b0ce01f645ab0a19ee7530cc430cb5a3623d1b3e16fb05d0,inspected; no separate finding recorded,Not executed; static audit only
db/migrations/065_admin_attention_details.sql,Full SQL source review; not applied,"Migration 065: admin attention details; Up/Down, policies and later definitions",,630f3ae5e93948b255f78e5e6fc92e501ca01b2c31aaf2ebf71b056404bf3888,inspected; no separate finding recorded,Not executed; static audit only
db/migrations/066_admin_support_review_queue.sql,Full SQL source review; not applied,"Migration 066: admin support review queue; Up/Down, policies and later definitions",,79a816edf74c6050e1d4ead567cf4deeef9d09fd643f34832332b7b6db3798ec,inspected; no separate finding recorded,Not executed; static audit only
db/migrations/067_canonical_phone_identifiers.sql,Full SQL source review; not applied,"Migration 067: canonical phone identifiers; Up/Down, policies and later definitions",,bc3e7ae023aca19c1762461d54ebf20ee0b8278fc0454c1c110abd81752138c2,inspected; no separate finding recorded,Not executed; static audit only
db/migrations/068_session_idle_and_mfa_throttle.sql,Full SQL source review; not applied,"Migration 068: session idle and mfa throttle; Up/Down, policies and later definitions",,685a962f570760a5a836711a773559e981d3857e9f312ea5f88c5ecead6f0413,inspected; no separate finding recorded,Not executed; static audit only
db/migrations/069_shared_authentication_rate_limits.sql,Full SQL source review; not applied,"Migration 069: shared authentication rate limits; Up/Down, policies and later definitions",,13e5e827b30d2d48a27d10be935ade682a360fbfdbf3e7cb77f6bec70b97d9f0,inspected; no separate finding recorded,Not executed; static audit only
db/migrations/070_deemed_acceptance_evidence.sql,Full SQL source review; not applied,"Migration 070: deemed acceptance evidence; Up/Down, policies and later definitions",,bf45cb8b6de89046f8658cba87d2af8dbc6fae24854f40d7e20c54fc305c6a6a,inspected; no separate finding recorded,Not executed; static audit only
db/migrations/071_audit_financial_integrity.sql,Full SQL source review; not applied,"Migration 071: audit financial integrity; Up/Down, policies and later definitions",,c195aaf7d1f3e833d3b4ea81ecdd6ef06ed60a41c76553bfa15940f0c358ad54,inspected; no separate finding recorded,Not executed; static audit only
db/migrations/072_repair_audit_legacy_state.sql,Full SQL source review; not applied,"Migration 072: repair audit legacy state; Up/Down, policies and later definitions",,776d60b5009a98f40fc3886d99874a82f369841dabed41c977665e58dbf99341,inspected; no separate finding recorded,Not executed; static audit only
db/migrations/073_audit_security_invariants.sql,Full SQL source review; not applied,"Migration 073: audit security invariants; Up/Down, policies and later definitions",,a648e39bc9cd830f91d9e2c31ba10438734029f05ecf8306c768e811c47f944f,inspected; no separate finding recorded,Not executed; static audit only
db/migrations/074_mfa_replay_and_rotation.sql,Full SQL source review; not applied,"Migration 074: mfa replay and rotation; Up/Down, policies and later definitions",,9451794b94a533006e621f44888c417c02330c4101e5dfec81bdfd0f59e15835,inspected; no separate finding recorded,Not executed; static audit only
db/migrations/075_document_upload_lifecycle.sql,Full SQL source review; not applied,"Migration 075: document upload lifecycle; Up/Down, policies and later definitions",,8ee47a595c37a73a9a0afcef6d9696dfdbafe650d29e7b061562e4f9b06a2bb3,inspected; no separate finding recorded,Not executed; static audit only
db/migrations/076_buyer_notice_acknowledgement.sql,Full SQL source review; not applied,"Migration 076: buyer notice acknowledgement; Up/Down, policies and later definitions",,184b78c365f3f200b53301bde00a0a2f6c0be929baac7afa00c226b1b1c77de4,inspected; no separate finding recorded,Not executed; static audit only
db/migrations/077_document_tenant_rls.sql,Full SQL source review; not applied,"Migration 077: document tenant rls; Up/Down, policies and later definitions",,9dabd33b8eb84fb0f4dc8c671bc771a66f8660f30a574d77176ffe44daf2efd2,inspected; no separate finding recorded,Not executed; static audit only
db/migrations/078_runtime_role_idempotency.sql,Full SQL source review; not applied,"Migration 078: runtime role idempotency; Up/Down, policies and later definitions",,ba28de59d425d7342bcb39f40e60177e6d0e637a9935ce1af5b0137d5ae441c9,inspected; no separate finding recorded,Not executed; static audit only
db/migrations/079_notice_acknowledgement_permissions.sql,Full SQL source review; not applied,"Migration 079: notice acknowledgement permissions; Up/Down, policies and later definitions",,91aa84f224f0ef5b0e524bcf5f2f25754f6c768e36f441b3bb08695a7b3bf13d,inspected; no separate finding recorded,Not executed; static audit only
db/migrations/080_collected_payment_reversal_provenance.sql,Full SQL source review; not applied,"Migration 080: collected payment reversal provenance; Up/Down, policies and later definitions",,bb3d7574bfd4396987ba0b9158190c01f620c0f27a7ef3953c7511420681df60,inspected; no separate finding recorded,Not executed; static audit only
db/migrations/081_phase2_tenant_isolation.sql,Full SQL source review; not applied,"Migration 081: phase2 tenant isolation; Up/Down, policies and later definitions",,ca60d70749b92b8704ada686543776d2f7f8144575b51f6b18603cad32e66327,inspected; no separate finding recorded,Not executed; static audit only
db/migrations/082_phase2_collection_tenant_isolation.sql,Full SQL source review; not applied,"Migration 082: phase2 collection tenant isolation; Up/Down, policies and later definitions",,722ad0833605d72b7f7a23a618259dd790b79502c95765b8affa0e0cec474568,inspected; no separate finding recorded,Not executed; static audit only
db/migrations/083_phase2_buyer_evidence_guard.sql,Full SQL source review; not applied,"Migration 083: phase2 buyer evidence guard; Up/Down, policies and later definitions",,923673772785a26a8358caa1115e47e2c2e93d2b304a8162237bec7a3c3cb8d3,inspected; no separate finding recorded,Not executed; static audit only
db/migrations/084_phase2_collection_worker_boundaries.sql,Full SQL source review; not applied,"Migration 084: phase2 collection worker boundaries; Up/Down, policies and later definitions",,fcfc8ff134cce6b757d3d7b0b80d87ddeb22d69dfb7629b5817356b22755cb9d,inspected; no separate finding recorded,Not executed; static audit only
db/migrations/085_phase2_provider_collection_identity.sql,Full SQL source review; not applied,"Migration 085: phase2 provider collection identity; Up/Down, policies and later definitions",,b69592a633ab6dd67396a5b750fc4fa2ccf96d8fdca2eeb2916a11fe09592e77,inspected; no separate finding recorded,Not executed; static audit only
db/migrations/086_phase5_financial_monitoring.sql,Full SQL source review; not applied,"Migration 086: phase5 financial monitoring; Up/Down, policies and later definitions",,252e4e348c194baf2348eee26805fd8fa0be1a8dbcb7138f9e69449639431e73,inspected; no separate finding recorded,Not executed; static audit only
db/migrations/087_owner_super_admin_controls.sql,Full SQL source review; not applied,"Migration 087: owner super admin controls; Up/Down, policies and later definitions",,3cbd985dd14072b2377bcbe809314103bb0ca0192b8bbb19772516b22eb34d41,inspected; no separate finding recorded,Not executed; static audit only
db/migrations/088_settings_history_immutable.sql,Full SQL source review; not applied,"Migration 088: settings history immutable; Up/Down, policies and later definitions",,3792fd05f70f98b25d48505c944e550a16604afc616367a185f68d4ddba89bef,inspected; no separate finding recorded,Not executed; static audit only
db/migrations/089_owner_lifecycle_guard.sql,Full SQL source review; not applied,"Migration 089: owner lifecycle guard; Up/Down, policies and later definitions",,04790a57c28a2e3cf489f61c026b1f6139e945e5a23b304734584c1a26e4a0cb,inspected; no separate finding recorded,Not executed; static audit only
db/migrations/090_governance_fail_closed.sql,Full SQL source review; not applied,"Migration 090: governance fail closed; Up/Down, policies and later definitions",,e702049a6f382d97457ce709077b535b1992501eb38be07d736ad5c9214e73d7,inspected; no separate finding recorded,Not executed; static audit only
db/migrations/091_retire_unread_platform_settings.sql,Full SQL source review; not applied,"Migration 091: retire unread platform settings; Up/Down, policies and later definitions",,8d601ec0c6d2507f8decff10b984aa0aab31ccbec5c5586108492fa3cade9420,inspected; no separate finding recorded,Not executed; static audit only
db/migrations/092_public_payment_receipt.sql,Full SQL source review; not applied,"Migration 092: public payment receipt; Up/Down, policies and later definitions",,34769aec5b87a06858e5e94961045cc69d2febd28b5f5121298f317686050a71,inspected; no separate finding recorded,Not executed; static audit only
db/migrations/093_admin_notification_connectors.sql,Full SQL source review; not applied,"Migration 093: admin notification connectors; Up/Down, policies and later definitions",,64ddd379edf15b3f26fde2dd3f055f95d0e40e510457ef9333edeff6e46805ff,inspected; no separate finding recorded,Not executed; static audit only
db/migrations/094_admin_runtime_connections.sql,Full SQL source review; not applied,"Migration 094: admin runtime connections; Up/Down, policies and later definitions",,25a0ec901115d9647778eb1859fe5b1b5f788e808e8b492a868203516db7816e,inspected; no separate finding recorded,Not executed; static audit only
db/migrations/095_delivery_issue_blocks_deemed_acceptance.sql,Full SQL source review; not applied,"Migration 095: delivery issue blocks deemed acceptance; Up/Down, policies and later definitions",,7a05b22652b7f5be545290b7e158054b3bc293d8b155bf72f4ecc07a96989229,inspected; no separate finding recorded,Not executed; static audit only
db/migrations/096_close_legacy_tenant_bypasses.sql,Full SQL source review; not applied,"Migration 096: close legacy tenant bypasses; Up/Down, policies and later definitions",,a6052da41b070048c8506b985ff6fc16af5676eddc8f0a9b8e6c8ea41c214fb7,inspected; no separate finding recorded,Not executed; static audit only
db/migrations/097_collection_notice_versions.sql,Full SQL source review; not applied,"Migration 097: collection notice versions; Up/Down, policies and later definitions",,a0e659625377005d3273998ae5f8fed41d91aa40c37b8c6ce06ade389eade5e5,inspected; no separate finding recorded,Not executed; static audit only
db/migrations/098_provider_webhook_claims.sql,Full SQL source review; not applied,"Migration 098: provider webhook claims; Up/Down, policies and later definitions",,0d0ad37d9e561fa5be1e0740f09e6ee2bd7b1dde6908bf033c9416400e96b601,inspected; no separate finding recorded,Not executed; static audit only
db/migrations/099_notification_send_identity.sql,Full SQL source review; not applied,"Migration 099: notification send identity; Up/Down, policies and later definitions",,86686448206f0aacc64645814fb0967d85dd2ec83812831db9d9589c9af4d91a,inspected; no separate finding recorded,Not executed; static audit only
db/migrations/100_preserve_agreement_bytes.sql,Full SQL source review; not applied,"Migration 100: preserve agreement bytes; Up/Down, policies and later definitions",,fe39e7589147e6e8b9256a6e8f536c39ae2fda8cea7ddc42814fa1ed6c15d9f5,inspected; no separate finding recorded,Not executed; static audit only
db/migrations/101_owner_website_content.sql,Full SQL source review; not applied,"Migration 101: owner website content; Up/Down, policies and later definitions",,15b8cd6fd24150e69ce84a390b279a72cf4aa314f700e32e85d405189115bd96,inspected; no separate finding recorded,Not executed; static audit only
db/migrations/102_relationship_consent_evidence.sql,Full SQL source review; not applied,"Migration 102: relationship consent evidence; Up/Down, policies and later definitions",,70525dd1c7acd18490a053f347dc0d893353c9a3d4dd86759a1ba4b35be0f0b0,inspected; no separate finding recorded,Not executed; static audit only
db/migrations/103_solo_owner_privacy_completion.sql,Full SQL source review; not applied,"Migration 103: solo owner privacy completion; Up/Down, policies and later definitions",,c94c44cb7e94d973565465c51832e55cffa61e8bc54fb0a72fe075742ee9e181,inspected; no separate finding recorded,Not executed; static audit only
db/migrations/104_versioned_legal_publications.sql,Full SQL source review; not applied,"Migration 104: versioned legal publications; Up/Down, policies and later definitions",,fc86be847fcb718bb336c9b72d7b1e3811a09571748c31f7042fcf8e2cf5b54b,inspected; no separate finding recorded,Not executed; static audit only
db/migrations/105_buyer_supplier_directory.sql,Full SQL source review; not applied,"Migration 105: buyer supplier directory; Up/Down, policies and later definitions",,789f5482bb20f789487c5cac4a6fc9871ef1098d2dee5495c51fdd6221281d18,inspected; no separate finding recorded,Not executed; static audit only
db/migrations/106_consent_relationship_scope.sql,Full SQL source review; not applied,"Migration 106: consent relationship scope; Up/Down, policies and later definitions",,b09abc3450a20d7236adc7c7968a7d96b7594a3c78bc7830327c3618f29c2a8e,inspected; no separate finding recorded,Not executed; static audit only
db/migrations/107_notification_intent_fingerprint.sql,Full SQL source review; not applied,"Migration 107: notification intent fingerprint; Up/Down, policies and later definitions",,f4f91105c6f7e74e4ec6f43696fe896c93ce9f7ca0238a24846513ef9182abbb,inspected; no separate finding recorded,Not executed; static audit only
db/migrations/108_admin_document_scan_recovery.sql,Full SQL source review; not applied,"Migration 108: admin document scan recovery; Up/Down, policies and later definitions",,53ec98a8de729ca7477c8c9080fba4e92434a65c07f84b0b5c18642c67506a1b,inspected; no separate finding recorded,Not executed; static audit only
db/migrations/109_guide_and_contact_publication.sql,Full SQL source review; not applied,"Migration 109: guide and contact publication; Up/Down, policies and later definitions",,8929e6cc8c23440ed365adf3749d91a2a2924d9c6b475f73040ef858c2acba09,inspected; no separate finding recorded,Not executed; static audit only
db/migrations/110_notification_recipient_scope.sql,Full SQL source review; not applied,"Migration 110: notification recipient scope; Up/Down, policies and later definitions",,460d92f187168ecbe15d05f29cfc04a2764f4a1fc6f8e838245df448781a69ca,inspected; no separate finding recorded,Not executed; static audit only
db/migrations/111_team_invitation_lifecycle.sql,Full SQL source review; not applied,"Migration 111: team invitation lifecycle; Up/Down, policies and later definitions",,fb78d1ef65f1cfd2c78cdf537599a5aa62f3b40065a4ded1b183a6551e2c78b1,inspected; no separate finding recorded,Not executed; static audit only
db/migrations/112_system_acceptance_evidence.sql,Full SQL source review; not applied,"Migration 112: system acceptance evidence; Up/Down, policies and later definitions",,91b4e5f2e22372396d3337ab77377da3654d90df09818138142b84e02864a59a,inspected; no separate finding recorded,Not executed; static audit only
db/migrations/113_document_orphan_recovery.sql,Full SQL source review; not applied,"Migration 113: document orphan recovery; Up/Down, policies and later definitions",,fb75c84c3c962a4d905d099a5ac3597b71fa63c66b243b793eb56fbc3a4e9331,inspected; no separate finding recorded,Not executed; static audit only
db/migrations/114_system_acceptance_admin_controls.sql,Full SQL source review; not applied,"Migration 114: system acceptance admin controls; Up/Down, policies and later definitions",,3f6d5627b6eb752e019b002cc0f9d5674e7d035063459cb84cdd1926e1cc5e28,inspected; no separate finding recorded,Not executed; static audit only
db/migrations/115_atomic_domain_activity.sql,Full SQL source review; not applied,"Migration 115: atomic domain activity; Up/Down, policies and later definitions",,34b0b3feb8ed159ee2fb1375a6ee0418dc995d99ea0064bcae3152488a358837,inspected; no separate finding recorded,Not executed; static audit only
db/migrations/116_system_acceptance_settings_access.sql,Full SQL source review; not applied,"Migration 116: system acceptance settings access; Up/Down, policies and later definitions",,90572fdd4cf13c1d1ec1d5162508bdb1a508043ac5dffc8d04de10eeadc627f0,inspected; no separate finding recorded,Not executed; static audit only
db/migrations/117_customer_registration_recovery.sql,Full SQL source review; not applied,"Migration 117: customer registration recovery; Up/Down, policies and later definitions",,9824bbd6978085d92517365b756d3f71fa195bb062f69c3293136d388987e1bd,inspected; no separate finding recorded,Not executed; static audit only
db/seeds/001_demo.sql,Direct SQL source review; not loaded,"Synthetic seed identities, readiness and financial consistency",,b4a4a9aec2b5200e318ab9390a9fe95fcc857a352636d185ed10bc0edc412edf,inspected; no separate finding recorded,Not executed; static audit only
docker-compose.yml,Direct operational source/configuration review; not executed,"docker-compose.yml: deployment, boundaries, failure handling and referenced paths",,d1506e08a48c445e4ddd7f4196886132e32ba95a4d49b623a562e1ee81f24ca0,inspected; no separate finding recorded,Not executed; static audit only
docs/adr/0001-modular-monolith.md,Direct document review; historical claims not current proof,ADR 0001: Modular monolith for production v1: source consistency and evidence limits,,cfc77e58081b3ca5d7931091861e2f6014b02aa1c6a4fbf3bd6f770b1e0bd278,inspected; no separate finding recorded,Not executed; static audit only
docs/adr/0002-financial-source-of-truth.md,Direct document review; historical claims not current proof,ADR 0002: PostgreSQL and the ledger are authoritative: source consistency and evidence limits,,458854feebbd6a4d4fc5473b5722db6e6a38eec0d68a89b3656e07eedf1ad7e4,inspected; no separate finding recorded,Not executed; static audit only
docs/adr/0003-provider-neutral-identity.md,Direct document review; historical claims not current proof,ADR 0003: Provider-neutral identity verification: source consistency and evidence limits,,2d2c48fe09ec21b961bb40adf9b22d9c8d9a37610c757e539e797855292bf4f7,inspected; no separate finding recorded,Not executed; static audit only
docs/adr/0004-mono-sweep-collection-boundary.md,Direct document review; historical claims not current proof,ADR 0004: Mono Sweep behind the collection boundary: source consistency and evidence limits,,116cfac1b80beea4d1afa2974edad1c3ca562ce188c0a99b67546a34f6d79242,inspected; no separate finding recorded,Not executed; static audit only
docs/adr/0005-hand-written-http-and-sql.md,Direct document review; historical claims not current proof,"ADR 0005: Hand-written HTTP handlers and SQL, with the OpenAPI document as the enforced contract: source consistency and evidence limits",,08299d90693f39cfa58f6bb6992b0f558594d8c6b95cc1ba61021618fa010732,inspected; no separate finding recorded,Not executed; static audit only
docs/adr/README.md,Direct document review; historical claims not current proof,Architecture decision records: source consistency and evidence limits,,cef5a0a5b37f7457f151a72f661cc7332124083935f4252d2c4311149653d157,inspected; no separate finding recorded,Not executed; static audit only
docs/api/README.md,Direct document review; historical claims not current proof,API documentation: source consistency and evidence limits,,0365e5b2914f5c3e649c4562197df86480a42e9fd29a3bb032f6a55564e59f3c,inspected; no separate finding recorded,Not executed; static audit only
docs/api/openapi.yaml,Direct source or complete structured record review,openapi.yaml: configuration/data and current consumers,,2a454b41e9faeac14f97d49b375fcd8fa4a2391e9254770580c598a356c3459d,inspected; no separate finding recorded,Not executed; static audit only
docs/architecture/product-engineering-principles.md,Direct document review; historical claims not current proof,Kredit product and engineering principles: source consistency and evidence limits,,02ff95fd3303d803d55853d23316650f043340f1fbb6c5a0b7597f64491e1b4b,inspected; no separate finding recorded,Not executed; static audit only
docs/compliance/README.md,Direct document review; historical claims not current proof,Compliance documentation: source consistency and evidence limits,F041,a706c778a697ae775729fbca142045c2ffe4b17c7b69b9fc461a9f456be8290a,inspected; findings open,Not executed; static audit only
docs/compliance/data-inventory.md,Direct document review; historical claims not current proof,Restricted-data inventory: source consistency and evidence limits,F041,4fe545a039009fd2c5b444f7d030fd94e86266de3a51df3bae7568372d3fb4fc,inspected; findings open,Not executed; static audit only
docs/compliance/data-inventory.tsv,Complete parsed artifact and diagnostic review; no execution,"data-inventory.tsv: provenance, semantic records and current applicability",F041,960fd329bad161a3ff5e5e78ffc74e302bf0c4ba1f699ce5513cc92b199df22e,inspected; findings open,Not executed; static audit only
docs/compliance/dpia-trade-history-sharing.md,Direct document review; historical claims not current proof,DPIA — cross-supplier trade history sharing: source consistency and evidence limits,F041,e039ea1b3b740c53956fea641d08aea7110c92bca3cdc7e72301e974ebf6ffe1,inspected; findings open,Not executed; static audit only
docs/content/article-research-2026-09-04.csv,Complete parsed artifact and diagnostic review; no execution,"article-research-2026-09-04.csv: provenance, semantic records and current applicability",,321d40e1276dbaf3afe19fae71c4a5a46b4301ecd187962b8bc26f356410652c,inspected; no separate finding recorded,Not executed; static audit only
docs/content/editorial-standard.md,Direct document review; historical claims not current proof,Kredit editorial standard: source consistency and evidence limits,,099a51c7fc7cba0447a267cf8c21bbb33a87668bef110814262064c9ad33bb79,inspected; no separate finding recorded,Not executed; static audit only
docs/content/search-research-2026-09-04.md,Direct document review; historical claims not current proof,Kredit article research — 4 September 2026: source consistency and evidence limits,,0b6d6cfc7fb7bacc493441967af9c5a44b6935fc3d3de5b7cba3e21100ce1a7b,inspected; no separate finding recorded,Not executed; static audit only
docs/content/topic-backlog.md,Direct document review; historical claims not current proof,Unpublished guide ideas: source consistency and evidence limits,,c0757ad8b86062fc700a4ee0ef6654d8327a23308bd056a06bf4ae449c4a4c46,inspected; no separate finding recorded,Not executed; static audit only
docs/data-map.md,Direct document review; historical claims not current proof,Kredit data map: source consistency and evidence limits,,08b8859b180e6e21efdbb8cd4eb7fba22651e36278361ff55c5b23f5357231a0,inspected; no separate finding recorded,Not executed; static audit only
docs/launch-audit-2026-09-08/ADMIN-CONNECTIONS.md,Direct document review; historical claims not current proof,Admin connection controls: source consistency and evidence limits,,d09121604f2f1ae5f5d9ae00a245ec0bb60ed30e6504d881fc2b5173c4358b4e,inspected; no separate finding recorded,Not executed; static audit only
docs/launch-audit-2026-09-08/FILE-BY-FILE.md,Direct document review; historical claims not current proof,Final code review checkpoint — 10 September 2026: source consistency and evidence limits,,1b8074461dfe93ddad0d35313566f7b9548e5c2f224b39f68190973aeb4cf69f,inspected; no separate finding recorded,Not executed; static audit only
docs/launch-audit-2026-09-08/PROGRESS.md,Direct document review; historical claims not current proof,Current checkpoint: source consistency and evidence limits,,2d8bdc89fec62b66f572d5297f637c8351dacee1c91e0ecb1e0fc45008287b3e,inspected; no separate finding recorded,Not executed; static audit only
docs/launch-audit-2026-09-08/admin-connections-mobile-actions.png,Individually opened image; no new render,Historical screenshot; layout and provenance,,ec184d457c7f2d2e773e36f001c5c282447f9a673eb78c8991fdb457d89f6131,inspected; no separate finding recorded,Not executed; static audit only
docs/launch-audit-2026-09-08/admin-connections-mobile.png,Individually opened image; no new render,Historical screenshot; layout and provenance,,ce0c911d0d81ab69e9d52b8e4462eca04a608c69a1f4f540cdde85e84fff0473,inspected; no separate finding recorded,Not executed; static audit only
docs/launch-audit-2026-09-08/file-by-file-audit.json,Complete parsed artifact and diagnostic review; no execution,"file-by-file-audit.json: provenance, semantic records and current applicability",,dabab05efbada50990eb453be67e8e5e2fb065491e6311597cfff6c3bee6577b,inspected; no separate finding recorded,Not executed; static audit only
docs/launch-audit-2026-09-08/file-review-index.json,Complete parsed artifact and diagnostic review; no execution,"file-review-index.json: provenance, semantic records and current applicability",,0fab5a881cb2d6566763e102df70816d87dd6c2c06d25289888dc659496913a6,inspected; no separate finding recorded,Not executed; static audit only
docs/launch-audit-2026-09-08/home-desktop.png,Individually opened image; no new render,Historical screenshot; layout and provenance,,e9634b0ee9e22c19fa27d950484371d638c894387c87c14e95dda8b674326c8b,inspected; no separate finding recorded,Not executed; static audit only
docs/launch-audit-2026-09-08/home-mobile.png,Individually opened image; no new render,Historical screenshot; layout and provenance,,532d2741b0458c325bc6b39658bf6b87427acaf878180d6d94af1b80c11a5a1a,inspected; no separate finding recorded,Not executed; static audit only
docs/launch-audit-2026-09-08/initial-browser.log,Complete parsed artifact and diagnostic review; no execution,"initial-browser.log: provenance, semantic records and current applicability",,1edda4ad30e7422c32e77d9fd386f63b33b7c03bd9a71d62b066e4b16e7ab21c,inspected; no separate finding recorded,Not executed; static audit only
docs/launch-audit-2026-09-08/signin-desktop.png,Individually opened image; no new render,Historical screenshot; layout and provenance,,fccae9aa2da8632f351846304ea67865499ab5c20ae71e5a487232c32e26e13c,inspected; no separate finding recorded,Not executed; static audit only
docs/launch-readiness/OPERATING-NOTES.md,Direct document review; historical claims not current proof,Local implementation checkpoint — 7 September 2026: source consistency and evidence limits,,b247bd403f4ae6ab631ba7b8f5cf4906a7b5fbb6a639a7e7989261e268ca603d,inspected; no separate finding recorded,Not executed; static audit only
docs/launch-readiness/RESUME.md,Direct document review; historical claims not current proof,Resume from this local checkpoint: source consistency and evidence limits,,1b1e3638a377169b1298411dba361a17e28258dddbda8cf8d963e9f82cdf6a5a,inspected; no separate finding recorded,Not executed; static audit only
docs/launch-readiness/TEST-RESULTS.md,Direct document review; historical claims not current proof,Executed local verification: source consistency and evidence limits,,1464d623f23fd66250e707079ebb5b0d7a3181a3ed52feabd60e217ed63a01f9,inspected; no separate finding recorded,Not executed; static audit only
docs/launch-readiness/baseline.txt,Direct source or complete structured record review,baseline.txt: configuration/data and current consumers,,8123b6f4154dd489e0275f442eb6ba07aa6fd3b559e877c51b5cf8293610e065,inspected; no separate finding recorded,Not executed; static audit only
docs/launch-readiness/changed-files.txt,Direct source or complete structured record review,changed-files.txt: configuration/data and current consumers,,401ca75d3ddf54a65b649016b2ca11c9aa3e58734b7314dc3def303ae44a1b26,inspected; no separate finding recorded,Not executed; static audit only
docs/launch-readiness/changes.patch,Complete parsed artifact and diagnostic review; no execution,"changes.patch: provenance, semantic records and current applicability",,b2b8659b6e6783c3e6862e680a8d42ef22940c2ccde28a1799e6f6ede66a6cd8,inspected; no separate finding recorded,Not executed; static audit only
docs/launch-readiness/evidence-manifest.json,Complete parsed artifact and diagnostic review; no execution,"evidence-manifest.json: provenance, semantic records and current applicability",,30ddead57007b7bcbfe8c5abe3d92450b8e19879749431925dc74b99c0cc73a5,inspected; no separate finding recorded,Not executed; static audit only
docs/launch-readiness/evidence/after-complaints.png,Individually opened image; no new render,Historical screenshot; layout and provenance,,6bc3967a978df8873564a222b7d980567e7583fc694de8b722d708c5406c71e1,inspected; no separate finding recorded,Not executed; static audit only
docs/launch-readiness/evidence/after-home.png,Individually opened image; no new render,Historical screenshot; layout and provenance,,99ea1ef1c5d3a45c63c4f1f1883603d24deefec3ee917b6501e795e5a3eff100,inspected; no separate finding recorded,Not executed; static audit only
docs/launch-readiness/evidence/after-pricing.png,Individually opened image; no new render,Historical screenshot; layout and provenance,,562c54f7ad1ad356c910c9f342a8aff9250e8b892e4bd31b128d7f94fe52ed7e,inspected; no separate finding recorded,Not executed; static audit only
docs/launch-readiness/evidence/after-privacy.png,Individually opened image; no new render,Historical screenshot; layout and provenance,,91537c08ccef764192727b70385539852b03eba407e00eeda3b73ac29851119a,inspected; no separate finding recorded,Not executed; static audit only
docs/launch-readiness/evidence/after-signin.png,Individually opened image; no new render,Historical screenshot; layout and provenance,,7a42fe6b49452fcf604d923be62e5167c9c9a8202467f4940b63aced2c42ada1,inspected; no separate finding recorded,Not executed; static audit only
docs/launch-readiness/evidence/after-terms-mobile-closed.png,Individually opened image; no new render,Historical screenshot; layout and provenance,,5e959c65d25dd85a059249c41930c287edaeb19bee6c2c91c9722347f0a8ac57,inspected; no separate finding recorded,Not executed; static audit only
docs/launch-readiness/evidence/after-terms-mobile-open.png,Individually opened image; no new render,Historical screenshot; layout and provenance,,7380d7dd158c66537797689929e773013b5d012be9185d78fa84a45e74a2e7d9,inspected; no separate finding recorded,Not executed; static audit only
docs/launch-readiness/evidence/after-terms.png,Individually opened image; no new render,Historical screenshot; layout and provenance,,f79a31511ec50883db937e534479aed82535dfcd14e24306328a80a67858a494,inspected; no separate finding recorded,Not executed; static audit only
docs/launch-readiness/evidence/all-go-final.log,Complete parsed artifact and diagnostic review; no execution,"all-go-final.log: provenance, semantic records and current applicability",,9a2e4ca7b2c025794eaec5c29f0d8c8dff5a2366cbb3bcd1d0cd0c7efcd2201a,inspected; no separate finding recorded,Not executed; static audit only
docs/launch-readiness/evidence/all-go-unsandboxed.log,Complete parsed artifact and diagnostic review; no execution,"all-go-unsandboxed.log: provenance, semantic records and current applicability",,4b384a11ac535ab48cd7f0184642ba4cc324264a08a48af4df84f4e5ba1751c5,inspected; no separate finding recorded,Not executed; static audit only
docs/launch-readiness/evidence/all-go.log,Complete parsed artifact and diagnostic review; no execution,"all-go.log: provenance, semantic records and current applicability",,0c60b7e67ff1a828f042455ef768093299ffc33f6d879183b01323aed91da6cf,inspected; no separate finding recorded,Not executed; static audit only
docs/launch-readiness/evidence/api.log,Complete parsed artifact and diagnostic review; no execution,"api.log: provenance, semantic records and current applicability",,30fdffc3276174b432955291f0e882dc7e7eb9fef114b9570f36df93bb2b1767,inspected; no separate finding recorded,Not executed; static audit only
docs/launch-readiness/evidence/before-home.png,Individually opened image; no new render,Historical screenshot; layout and provenance,,89b256c2b93c87566dc714673d8571606198659c71bc8b4743de9767d59f1970,inspected; no separate finding recorded,Not executed; static audit only
docs/launch-readiness/evidence/before-pricing.png,Individually opened image; no new render,Historical screenshot; layout and provenance,,b2bcbeff9aa955f0cac15dc8075f28591f0d145b81d8facccdf7afa679b43455,inspected; no separate finding recorded,Not executed; static audit only
docs/launch-readiness/evidence/before-privacy.png,Individually opened image; no new render,Historical screenshot; layout and provenance,,cbe73d19f330b13a55d6efc1ed238cdca2f19d98ef6924ad462a06b1a0d8b597,inspected; no separate finding recorded,Not executed; static audit only
docs/launch-readiness/evidence/before-signin.png,Individually opened image; no new render,Historical screenshot; layout and provenance,,db7ff0fdd1bb9311f1d6a19e757f2eba7706e3be40646328a134d69acc210c25,inspected; no separate finding recorded,Not executed; static audit only
docs/launch-readiness/evidence/before-terms.png,Individually opened image; no new render,Historical screenshot; layout and provenance,,14a0c127b584c2a3edd694e0664a8ef894b5b0420fcfaad7a8c5a54ec7635c28,inspected; no separate finding recorded,Not executed; static audit only
docs/launch-readiness/evidence/browser-check.log,Complete parsed artifact and diagnostic review; no execution,"browser-check.log: provenance, semantic records and current applicability",,80def651a02c9394a0cc14aaa5a1b987103daeecc93a2734c2382f0def3c708f,inspected; no separate finding recorded,Not executed; static audit only
docs/launch-readiness/evidence/crypto-test.log,Complete parsed artifact and diagnostic review; no execution,"crypto-test.log: provenance, semantic records and current applicability",,29b574635a00ddd4fd66636f28d34ff3f3b1c1ca5311e9060429545bfb280221,inspected; no separate finding recorded,Not executed; static audit only
docs/launch-readiness/evidence/db-roles.log,Complete parsed artifact and diagnostic review; no execution,"db-roles.log: provenance, semantic records and current applicability",,3ce53d6f160256b968536cd4a25f747a27a5e905028692b3bb5daddcc4238af1,inspected; no separate finding recorded,Not executed; static audit only
docs/launch-readiness/evidence/focused-go.log,Complete parsed artifact and diagnostic review; no execution,"focused-go.log: provenance, semantic records and current applicability",,d62cde6a79c9fa70cfe28d9e8eb831c48baf600dabe5f147008d089b7f999d9c,inspected; no separate finding recorded,Not executed; static audit only
docs/launch-readiness/evidence/migrations-final.log,Complete parsed artifact and diagnostic review; no execution,"migrations-final.log: provenance, semantic records and current applicability",,72b1d0b65aeda8773ff0248b9b68ad36e472cb892f35b83379c2d4ce0b163755,inspected; no separate finding recorded,Not executed; static audit only
docs/launch-readiness/evidence/migrations.log,Complete parsed artifact and diagnostic review; no execution,"migrations.log: provenance, semantic records and current applicability",,b5df4fd54d03ac07429923300d8e950a11fa756167c6214ac5a9040678795c94,inspected; no separate finding recorded,Not executed; static audit only
docs/launch-readiness/evidence/node-preview.log,Complete parsed artifact and diagnostic review; no execution,"node-preview.log: provenance, semantic records and current applicability",,7c1e0e0798a54fd06dd75cdae6166a30f81adb45c7eeeb412bfe79c0aa0136f3,inspected; no separate finding recorded,Not executed; static audit only
docs/launch-readiness/evidence/outage-check.log,Complete parsed artifact and diagnostic review; no execution,"outage-check.log: provenance, semantic records and current applicability",,624f0a85b4c8f86f8722fe2f999dbd364fd5b424d1bc83ea901248a3b1baf556,inspected; no separate finding recorded,Not executed; static audit only
docs/launch-readiness/evidence/outage-preview.log,Complete parsed artifact and diagnostic review; no execution,"outage-preview.log: provenance, semantic records and current applicability",,ea5313f0ae3c99bcfdcdbc8bf528e09f89f7cacd8d58a14732eff254e4edf754,inspected; no separate finding recorded,Not executed; static audit only
docs/launch-readiness/evidence/owner-api-integration.log,Complete parsed artifact and diagnostic review; no execution,"owner-api-integration.log: provenance, semantic records and current applicability",,61e270d70f1095bf22106757cbf056814dafe7c81182b2216836ca1d9f63274d,inspected; no separate finding recorded,Not executed; static audit only
docs/launch-readiness/evidence/owner-baseline-migrations.log,Complete parsed artifact and diagnostic review; no execution,"owner-baseline-migrations.log: provenance, semantic records and current applicability",,95586632a34edf9700bedf4ddb23940aa22d04a017a8b590aa7b3697206ad924,inspected; no separate finding recorded,Not executed; static audit only
docs/launch-readiness/evidence/owner-fixed-migrations.log,Complete parsed artifact and diagnostic review; no execution,"owner-fixed-migrations.log: provenance, semantic records and current applicability",,34f31463c21a63d20edde96ccc511e664a10ce38e1a77de729ff558de0c6a1ec,inspected; no separate finding recorded,Not executed; static audit only
docs/launch-readiness/evidence/owner-lifecycle-after.log,Complete parsed artifact and diagnostic review; no execution,"owner-lifecycle-after.log: provenance, semantic records and current applicability",,efe7c91a337fe3846728d3c356c36fb5b5a066c912ee4ef94044a7775dcfc40b,inspected; no separate finding recorded,Not executed; static audit only
docs/launch-readiness/evidence/owner-lifecycle-before.log,Complete parsed artifact and diagnostic review; no execution,"owner-lifecycle-before.log: provenance, semantic records and current applicability",,85c667965c840f2e9cd78e14abb0de88fa2658fd59b6de498d36669512b79954,inspected; no separate finding recorded,Not executed; static audit only
docs/launch-readiness/evidence/postgres-init.log,Complete parsed artifact and diagnostic review; no execution,"postgres-init.log: provenance, semantic records and current applicability",,d2878e0225a0ebbc532fa60c57df824e0cf29f3a16877db37bf1af1344c677f4,inspected; no separate finding recorded,Not executed; static audit only
docs/launch-readiness/evidence/pricing-source-outage.png,Individually opened image; no new render,Historical screenshot; layout and provenance,,9961c65d05f84e7ea24a32b29efd4542a300c636fd64439f0cd17efe468aa8e8,inspected; no separate finding recorded,Not executed; static audit only
docs/launch-readiness/evidence/public-playwright.log,Complete parsed artifact and diagnostic review; no execution,"public-playwright.log: provenance, semantic records and current applicability",,63f6a596cf37cecfd07a72babb76269fdfe135ff7dd6fa466c7d0398a97ab2e2,inspected; no separate finding recorded,Not executed; static audit only
docs/launch-readiness/evidence/race.log,Complete parsed artifact and diagnostic review; no execution,"race.log: provenance, semantic records and current applicability",,d63eeab0f1a08ac37d2d174e80801a1a0570cdbde57f90c3de678aa82be58279,inspected; no separate finding recorded,Not executed; static audit only
docs/launch-readiness/evidence/release-api.log,Complete parsed artifact and diagnostic review; no execution,"release-api.log: provenance, semantic records and current applicability",,946c6f47b6e0832d608f66cb831800e95add324c413d61d9eecea35feb7f0fc1,inspected; no separate finding recorded,Not executed; static audit only
docs/launch-readiness/evidence/release-browser-check.log,Complete parsed artifact and diagnostic review; no execution,"release-browser-check.log: provenance, semantic records and current applicability",,80def651a02c9394a0cc14aaa5a1b987103daeecc93a2734c2382f0def3c708f,inspected; no separate finding recorded,Not executed; static audit only
docs/launch-readiness/evidence/release-capabilities.json,Complete parsed artifact and diagnostic review; no execution,"release-capabilities.json: provenance, semantic records and current applicability",,7182ccffccc153a0669e9a5bcd04512c8e1640b1542ba98bc6e2f0aa081cb32d,inspected; no separate finding recorded,Not executed; static audit only
docs/launch-readiness/evidence/release-pricing.json,Complete parsed artifact and diagnostic review; no execution,"release-pricing.json: provenance, semantic records and current applicability",,e78c2d940cb9a2226a7e2c8bb9a732e0fee9dfe872a7b3225056fc38c64d4e1a,inspected; no separate finding recorded,Not executed; static audit only
docs/launch-readiness/evidence/settings-integration-final.log,Complete parsed artifact and diagnostic review; no execution,"settings-integration-final.log: provenance, semantic records and current applicability",,f955599b4d2298ff31ecc389385c7a2fae1f276211e7da61f41a7b7a5676e1cf,inspected; no separate finding recorded,Not executed; static audit only
docs/launch-readiness/evidence/settings-integration.log,Complete parsed artifact and diagnostic review; no execution,"settings-integration.log: provenance, semantic records and current applicability",,87e9476b220d4a3c3d412c9d3ac7bc97549cd9031402d23d625ac64507d37776,inspected; no separate finding recorded,Not executed; static audit only
docs/launch-readiness/evidence/web-build-final.log,Complete parsed artifact and diagnostic review; no execution,"web-build-final.log: provenance, semantic records and current applicability",,5309bf8c1dab0256293050dcd117c49552baabf1821bdd521e81cdc796d27b8f,inspected; no separate finding recorded,Not executed; static audit only
docs/launch-readiness/evidence/web-build.log,Complete parsed artifact and diagnostic review; no execution,"web-build.log: provenance, semantic records and current applicability",,ab0036cb9de6bc3ee45920eb86717e7079b8c6b6d93bb51a1e863aa269929875,inspected; no separate finding recorded,Not executed; static audit only
docs/launch-readiness/evidence/web-check-final.log,Complete parsed artifact and diagnostic review; no execution,"web-check-final.log: provenance, semantic records and current applicability",,2994015396e2871fa3b81a9c6a2ef61c84b7012cc944b6cd96471ad91df5155d,inspected; no separate finding recorded,Not executed; static audit only
docs/launch-readiness/evidence/web-check.log,Complete parsed artifact and diagnostic review; no execution,"web-check.log: provenance, semantic records and current applicability",,b15249e9981a07eb7eb327fb89e0065ef47554104f35c7343cd5d44a1ff9cc7c,inspected; no separate finding recorded,Not executed; static audit only
docs/launch-readiness/route-state-inventory.csv,Complete parsed artifact and diagnostic review; no execution,"route-state-inventory.csv: provenance, semantic records and current applicability",,047dd464393e7086d10991ded493154d10ebfdbfc16ac66f2db854525abf7486,inspected; no separate finding recorded,Not executed; static audit only
docs/launch-readiness/settings-inventory.csv,Complete parsed artifact and diagnostic review; no execution,"settings-inventory.csv: provenance, semantic records and current applicability",,33aa0657ddb5dada1bc9a7c891731a65bd02398e5fc05d1a0282ce16746c6e2c,inspected; no separate finding recorded,Not executed; static audit only
docs/launch-readiness/source-manifest.json,Complete parsed artifact and diagnostic review; no execution,"source-manifest.json: provenance, semantic records and current applicability",,f63b5d3f4c9c8da59fbc63a0a6c586c9db6db2dc4df4371da45d61cb67dd9b29,inspected; no separate finding recorded,Not executed; static audit only
docs/operations/PRODUCTION-DEPLOYMENT-GUIDE.md,Direct document review; historical claims not current proof,Production Deployment Guide: kredit.ng: source consistency and evidence limits,F006;F038;F042,f2d495667fc891f61cf6ca9641ae1f05539bf6c973b98b6b48c8cb6149feb783,inspected; findings open,Not executed; static audit only
docs/operations/admin-surface-enablement.md,Direct document review; historical claims not current proof,Admin surface enablement: source consistency and evidence limits,,07134d247fdc66741dc0f9e0caabbb9e8ae5a0fdff9803bd0d80d02f5e82f8e4,inspected; no separate finding recorded,Not executed; static audit only
docs/operations/observability.md,Direct document review; historical claims not current proof,Observability contract: source consistency and evidence limits,,4bde5b43f18f01264f245332895e94709f667eb300ed31c081a11b9b7c2c1cb7,inspected; no separate finding recorded,Not executed; static audit only
docs/operations/persistence-migration.md,Direct document review; historical claims not current proof,Persistence migration contract: source consistency and evidence limits,,31d6f746f6331c56dcdbc7103631ed83ac2d774fb0ca1890206718350f1b0c97,inspected; no separate finding recorded,Not executed; static audit only
docs/operations/provider-adapter.md,Direct document review; historical claims not current proof,Provider adapter release gate: source consistency and evidence limits,,ac10e76d39e6bb6786b126ca6319d074b97cecbb5455995a2cdcf09ee40554d9,inspected; no separate finding recorded,Not executed; static audit only
docs/operations/provider-certification-plan.md,Direct document review; historical claims not current proof,Collection provider certification and contingency: source consistency and evidence limits,,544bba8c29c2cacbff9c98ea1b1a33b1c800b5a348d3a0528add3fcd268a6e5d,inspected; no separate finding recorded,Not executed; static audit only
docs/operations/readme-conformance.md,Direct document review; historical claims not current proof,README conformance audit: source consistency and evidence limits,,92e82133035afdc34cf6e950e6c487c74e9d726426514a16132449f3b9e42346,inspected; no separate finding recorded,Not executed; static audit only
docs/operations/readme-gap-audit.md,Direct document review; historical claims not current proof,README implementation gap audit: source consistency and evidence limits,,384556604ae8005e0a4c22467940276aef334eebee68418d4e15ef38cd113497,inspected; no separate finding recorded,Not executed; static audit only
docs/product/analytics-event-catalog.md,Direct document review; historical claims not current proof,Product analytics event catalog: source consistency and evidence limits,,c68c910944cd0157162caf1ce79bb913967553407497c390a1f398b1c16d3d8d,inspected; no separate finding recorded,Not executed; static audit only
docs/product/interface-copy.md,Direct document review; historical claims not current proof,Financial and trust interface copy: source consistency and evidence limits,,a5b90d2c9e97c2464706504abfa49ccaaaa736dfefe1933784b8efb7fb128558,inspected; no separate finding recorded,Not executed; static audit only
docs/product/kredit-interface-standard.md,Direct document review; historical claims not current proof,Kredit interface standard: source consistency and evidence limits,,cd258efa4ef3259376e1a672c615536d2004c179f1a68a2562725fc24ea47287,inspected; no separate finding recorded,Not executed; static audit only
docs/product/open-questions.md,Direct document review; historical claims not current proof,Product and external-dependency decision register: source consistency and evidence limits,,c8846b117d93e97cad702d5b35f07cfdadbf63acf7e7a3dec7fde699f6e97102,inspected; no separate finding recorded,Not executed; static audit only
docs/product/pilot-kill-thresholds.md,Direct document review; historical claims not current proof,Pilot kill thresholds: source consistency and evidence limits,,4b111f4c6055320e07c31c9940721016ef26a82a362a602df4041a73bd51ea1a,inspected; no separate finding recorded,Not executed; static audit only
docs/product/pilot-scorecard.md,Direct document review; historical claims not current proof,Pilot KPI scorecard: source consistency and evidence limits,,4cf3c74b3008a3d83a1920e3e43a4f5855f862fe1223a126d6d828ed1fb8177c,inspected; no separate finding recorded,Not executed; static audit only
docs/product/public-launch-and-admin-controls.md,Direct document review; historical claims not current proof,Owner Super Admin and private service activation: source consistency and evidence limits,,20fd09cd2877c8722dad65de20de57c6e76e9ca5c89bc6c5d7da5670e7998255,inspected; no separate finding recorded,Not executed; static audit only
docs/product/readme-completion-plan.md,Direct document review; historical claims not current proof,README completion implementation plan: source consistency and evidence limits,,a29d859cf15d373a8030f83d7eafa1c1a892919c1368daabe0954a80e169be0b,inspected; no separate finding recorded,Not executed; static audit only
docs/product/readme-completion-traceability.md,Direct document review; historical claims not current proof,README completion-plan traceability: source consistency and evidence limits,,0805f9af515d7c3e86c3676bc5c6abdf58b66c9adc77974a65a03bb3ade66f6c,inspected; no separate finding recorded,Not executed; static audit only
docs/product/strategic-recommendations.md,Direct document review; historical claims not current proof,Kredit — Strategic Recommendations: source consistency and evidence limits,,031e61476a06651f115ebce1777e1a7d257242c7ca517bb6f78bc5e203997ec2,inspected; no separate finding recorded,Not executed; static audit only
docs/product/wave0-contracts.md,Direct document review; historical claims not current proof,Wave 0 shared contract registry: source consistency and evidence limits,,4c8ed54c8329df01cde7dd95529944d0af4f834560408788156653b40e5238e3,inspected; no separate finding recorded,Not executed; static audit only
docs/product/workstream-evidence.tsv,Complete parsed artifact and diagnostic review; no execution,"workstream-evidence.tsv: provenance, semantic records and current applicability",,cfecbc34d4e1218931f66c611d92da93313d4b53b2bbd38db96b1b21980b9f75,inspected; no separate finding recorded,Not executed; static audit only
docs/product/world-class-product-standard.md,Direct document review; historical claims not current proof,World-class product standard: source consistency and evidence limits,,cb3e6566a4dce3e89d295076f643389ce3ef9576ce2c9649b181f96bdb9e38dd,inspected; no separate finding recorded,Not executed; static audit only
docs/release/certification-report.md,Direct document review; historical claims not current proof,Production-v1 certification report: source consistency and evidence limits,,5e3f5758094b5fb17b081cc6afb066d9cb67b77a6d38720d5123ee2b16b2674a,inspected; no separate finding recorded,Not executed; static audit only
docs/release/go-live-runbook.md,Direct document review; historical claims not current proof,Kredit go-live runbook: source consistency and evidence limits,F042,b0e0aee6d9cab61b99de31a8684aacf4bc7581aeb21af9f6b5f351f915bc4ae0,inspected; findings open,Not executed; static audit only
docs/release/readiness-checklist.md,Direct document review; historical claims not current proof,Production readiness checklist: source consistency and evidence limits,,f28c22683910d1574971556cf9253244da35412a7ab5eaaa45baa4602b46b443,inspected; no separate finding recorded,Not executed; static audit only
docs/release/wave5-accessibility-evidence.md,Direct document review; historical claims not current proof,Wave 5 accessibility evidence: source consistency and evidence limits,,7c3386c6dce00442d6bce3f342b20a5387451e57bee84b20537ab15e47d6bb57,inspected; no separate finding recorded,Not executed; static audit only
docs/release/wave6-analytics-evidence.md,Direct document review; historical claims not current proof,Wave 6 product analytics evidence: source consistency and evidence limits,,f6c01f7dc999d6d6edfd21b41be50da55c9ac7ba77c73b4ea9701965895d5290,inspected; no separate finding recorded,Not executed; static audit only
docs/runbooks/README.md,Direct document review; historical claims not current proof,Operational runbooks: source consistency and evidence limits,,c560db830ad937119919a7c225865e173746ff4d12d106695e4eb91b39c6bef4,inspected; no separate finding recorded,Not executed; static audit only
docs/runbooks/admin-workflows.md,Direct document review; historical claims not current proof,Admin workflows: source consistency and evidence limits,F042,db094c12055b3693a7f86170cbd9bff6fba88f700111b13380c4cdc705c7a4c7,inspected; findings open,Not executed; static audit only
docs/runbooks/backup-restore.md,Direct document review; historical claims not current proof,Backup restore: source consistency and evidence limits,,5ff06c8353857dd6fa8211bc06ef72162e649f94c8e80f09ce930fc10690d14d,inspected; no separate finding recorded,Not executed; static audit only
docs/runbooks/break-glass-access.md,Direct document review; historical claims not current proof,Break-glass access: source consistency and evidence limits,,3b9ca8acb4d453dac31bcae791b5c124e4b7c2f329202385618ff8a6370a7a84,inspected; no separate finding recorded,Not executed; static audit only
docs/runbooks/business-settings.md,Direct document review; historical claims not current proof,Business settings: source consistency and evidence limits,F042,215e4b6519a64f052f07ff167449cb7914f7329145f5afa7d86c9779db86eb4b,inspected; findings open,Not executed; static audit only
docs/runbooks/dispute-adjustment.md,Direct document review; historical claims not current proof,Dispute adjustment: source consistency and evidence limits,,19cdb085a282d2a7289ffd40dda32cfc1b6248ca7bf1e76734a557b85f0118da,inspected; no separate finding recorded,Not executed; static audit only
docs/runbooks/failed-jobs.md,Direct document review; historical claims not current proof,Failed jobs: source consistency and evidence limits,,dc5d98d5537a0c9b4c13de5a99613d5d84dc9475c902af742e5a13ea7cf3679a,inspected; no separate finding recorded,Not executed; static audit only
docs/runbooks/failed-webhooks.md,Direct document review; historical claims not current proof,Failed webhooks: source consistency and evidence limits,F026;F042,5f723a202d74f9103d8dfd1ce0aeee121f88ac0bec5419bb58cb5c88a995cc4f,inspected; findings open,Not executed; static audit only
docs/runbooks/financial-operations.md,Direct document review; historical claims not current proof,Financial and support operations runbook: source consistency and evidence limits,,3508001a004a4577f8f7c88e2bcfc559634c1a591a782d85f0ab56353b36624b,inspected; no separate finding recorded,Not executed; static audit only
docs/runbooks/mandate-cancellation.md,Direct document review; historical claims not current proof,Mandate cancellation: source consistency and evidence limits,,ffe6a0c8ea3755b588632514307db3f52d8d2f5b1c049a65b5e69c4e87d1a716,inspected; no separate finding recorded,Not executed; static audit only
docs/runbooks/mono-sweep.md,Direct document review; historical claims not current proof,Mono Sweep sandbox integration: source consistency and evidence limits,F042,dc22fff97a39134fc44b90e809a617740e15f929777e85c98097f18d0665b5fd,inspected; findings open,Not executed; static audit only
docs/runbooks/operations-controls.md,Direct document review; historical claims not current proof,Protected operations controls: source consistency and evidence limits,,25a640ea4ab3e5352ff029cb85f105956f16e391142635e18ae7afdf0fdeac73,inspected; no separate finding recorded,Not executed; static audit only
docs/runbooks/payment-reversal.md,Direct document review; historical claims not current proof,Payment reversal: source consistency and evidence limits,,8f491d1b5f85549107d3a08100b08c4ca4fa08616b36f25e74092c9ed9d7297f,inspected; no separate finding recorded,Not executed; static audit only
docs/runbooks/phase5-production-assurance.md,Direct document review; historical claims not current proof,Phase 5 — Production assurance: source consistency and evidence limits,F042,9bb3dc23a63e6b69aea164bc76a9fb4983c998b178341995ef50af7c248d76d6,inspected; findings open,Not executed; static audit only
docs/runbooks/pilot-scorecard.md,Direct document review; historical claims not current proof,Weekly pilot scorecard review: source consistency and evidence limits,,0eb10e18fe282686661098cbbd67f3f0a9de382509388477e8b271a3617f180d,inspected; no separate finding recorded,Not executed; static audit only
docs/runbooks/production-pilot.md,Direct document review; historical claims not current proof,Production pilot runbook: source consistency and evidence limits,,2adc828fe653eb9726c37bccb3b1194350c1599f21300d1cc367dca5b8180a9a,inspected; no separate finding recorded,Not executed; static audit only
docs/runbooks/provider-reconciliation.md,Direct document review; historical claims not current proof,Provider reconciliation: source consistency and evidence limits,,b8d47d4ffa4ecf9f5433d77eb3f2223be2dfc20c889e85c663fbb3f194b2eeb2,inspected; no separate finding recorded,Not executed; static audit only
docs/runbooks/provider-simulator.md,Direct document review; historical claims not current proof,Provider simulator runbook: source consistency and evidence limits,,359bd5be074494802637e35b227f1edd229bc72179fc3ea6f078a5778886ae69,inspected; no separate finding recorded,Not executed; static audit only
docs/runbooks/worker-operations.md,Direct document review; historical claims not current proof,Worker operations: source consistency and evidence limits,,c56c47fdfc788c5dd3a22a4c5df80abe5878d0d68fe77b8792ea94c86c59e650,inspected; no separate finding recorded,Not executed; static audit only
docs/security/production-security-checklist.md,Direct document review; historical claims not current proof,Production security checklist: source consistency and evidence limits,,4ac3e8994ef16c0afe3b0e3273533b3bffd35fc485ef6e0350e332761627c192,inspected; no separate finding recorded,Not executed; static audit only
docs/testing/admin-settings-2026-09-03.md,Direct document review; historical claims not current proof,Admin business settings implementation: source consistency and evidence limits,,17c2771cbfb6df71132f6d94a86e48202310610ad67b577b334f7f1ff950f765,inspected; no separate finding recorded,Not executed; static audit only
docs/testing/admin-workflows-2026-09-03.md,Direct document review; historical claims not current proof,Admin workflow implementation and verification — 3 September 2026: source consistency and evidence limits,,9311d7c93f0d4974bc132591c38682d7ef0634049489d1acd6e4dc8be49b2fff,inspected; no separate finding recorded,Not executed; static audit only
docs/testing/audit-2026-09-06-implementation.md,Direct document review; historical claims not current proof,6 September product and reliability audit implementation: source consistency and evidence limits,,d16da1040aa4971c2dc70b091a1af60e6d0c64741439cc9ba1533c7c845d5698,inspected; no separate finding recorded,Not executed; static audit only
docs/testing/audit-2026-09-06-refinement.md,Direct document review; historical claims not current proof,Audit refinement: source consistency and evidence limits,,974ac02c14ddba5125b877a7c00266ed63b88716d159d6608ffa84d19945f8ea,inspected; no separate finding recorded,Not executed; static audit only
docs/testing/audit-2026-09-06-verification.md,Direct document review; historical claims not current proof,Audit implementation verification: source consistency and evidence limits,,39f72d3cc09ed2f0c613bf28365a8054cf87459b8b88121121ed2b88922d6a75,inspected; no separate finding recorded,Not executed; static audit only
docs/testing/audit-2026-09-07-completion.md,Direct document review; historical claims not current proof,Audit completion — 7 September 2026: source consistency and evidence limits,,1c67d15929a51839c5323adb205514f7692f7165ef37d9903fde619dc8141c7b,inspected; no separate finding recorded,Not executed; static audit only
docs/testing/code-audit-2026-09-03-files.csv,Complete parsed artifact and diagnostic review; no execution,"code-audit-2026-09-03-files.csv: provenance, semantic records and current applicability",,9f6aeab6fd3ad2b7dd1273eee6e14b9a173e2f89a6a6dda1eee53c456830c6cd,inspected; no separate finding recorded,Not executed; static audit only
docs/testing/code-audit-2026-09-03.md,Direct document review; historical claims not current proof,Kredit code audit — 3 September 2026: source consistency and evidence limits,,3208f54ee6895f19dd3e5a15e2b0538ef314c23dc3644325bd25924f522d64c7,inspected; no separate finding recorded,Not executed; static audit only
docs/testing/code-audit-2026-09-04-files.csv,Complete parsed artifact and diagnostic review; no execution,"code-audit-2026-09-04-files.csv: provenance, semantic records and current applicability",,ed3adcc37e6d44bc7e19013c141bcac49ab0ffd9f4a9fafd24d8b5e2a7babbfe,inspected; no separate finding recorded,Not executed; static audit only
docs/testing/code-audit-2026-09-04.md,Direct document review; historical claims not current proof,Kredit file-by-file code audit — 4 September 2026: source consistency and evidence limits,,be6cceec7844acbac8df20be9f288183ee18d60cf75a50e894be124c5fdb8f8a,inspected; no separate finding recorded,Not executed; static audit only
docs/testing/code-audit-fixes-2026-09-04.md,Direct document review; historical claims not current proof,Kredit code-audit fixes — 4 September 2026: source consistency and evidence limits,,80f7bf31b66a62892897fbee0b9cd5ed6b0687f65b3344773970c0196e8d0db6,inspected; no separate finding recorded,Not executed; static audit only
docs/testing/code-completion-2026-09-02.md,Direct document review; historical claims not current proof,Code completion — 2 September 2026: source consistency and evidence limits,,562a17a8f2cef887fa302d5402badedf06e10c583404318d2f2ba8f6739c95cc,inspected; no separate finding recorded,Not executed; static audit only
docs/testing/code-review-2026-09-02-files.tsv,Complete parsed artifact and diagnostic review; no execution,"code-review-2026-09-02-files.tsv: provenance, semantic records and current applicability",,57a6c98b96639073c19803314e54348b1a2de9ee6e96637cfedf36dc199c78f9,inspected; no separate finding recorded,Not executed; static audit only
docs/testing/code-review-2026-09-02.md,Direct document review; historical claims not current proof,Direct code review — 2 September 2026: source consistency and evidence limits,,8a94a6181c3131e70c44ee471b203d54862ac632ad9134d7f461c65810f9c405,inspected; no separate finding recorded,Not executed; static audit only
docs/testing/mono-sweep-evidence.md,Direct document review; historical claims not current proof,Mono Sweep acceptance evidence — 2 September 2026: source consistency and evidence limits,,a59240a3dc5984bf87d603bde93692c4a70e384357d7149b08ce1d0498413b80,inspected; no separate finding recorded,Not executed; static audit only
docs/testing/phase4-provider-evidence.template.json,Complete parsed artifact and diagnostic review; no execution,"phase4-provider-evidence.template.json: provenance, semantic records and current applicability",,c8c9e057e6edb843d7a3666d1b36a258f23f133b631cd7535d3ffe2d9ec1aaa8,inspected; no separate finding recorded,Not executed; static audit only
docs/testing/phase4-provider-verification.md,Direct document review; historical claims not current proof,Phase 4 — External-provider verification: source consistency and evidence limits,,62ce3b16b144f74dced04f3308356e9504cb17ea96b8323ddd8fbf9f00f4ad2b,inspected; no separate finding recorded,Not executed; static audit only
docs/testing/phase6-hardening.md,Direct document review; historical claims not current proof,Phase 6 — hardening and product polish: source consistency and evidence limits,,658c56513c576449eb499788513dd32374e5b0e57d9f195f433e137d93ab769b,inspected; no separate finding recorded,Not executed; static audit only
docs/testing/prelaunch-followup-2026-09-04.md,Direct document review; historical claims not current proof,Prelaunch editorial and engineering follow-up — 4 September 2026: source consistency and evidence limits,,a57fb83b013c5781796e4af8948dd6e672af419dbf1df5472ef18eaa08a1e817,inspected; no separate finding recorded,Not executed; static audit only
docs/testing/solo-audit-2026-09-04-files.csv,Complete parsed artifact and diagnostic review; no execution,"solo-audit-2026-09-04-files.csv: provenance, semantic records and current applicability",,6ec529b6c9ae1924135dbc47f130d2df34128662f4f1c557e953e96a6416bd8a,inspected; no separate finding recorded,Not executed; static audit only
docs/testing/solo-audit-2026-09-04.md,Direct document review; historical claims not current proof,Kredit solo audit — 4 September 2026: source consistency and evidence limits,,6e80e2bbebc8cf9f74a8e565427e8179197613c94c17ef3ea92312ae64765647,inspected; no separate finding recorded,Not executed; static audit only
docs/testing/test-matrix.md,Direct document review; historical claims not current proof,Required test matrix: source consistency and evidence limits,,46955fe46ef6ea7b385b76a5ac44a118e06668c131d2d02b352224dffa125272,inspected; no separate finding recorded,Not executed; static audit only
docs/threat-model.md,Direct document review; historical claims not current proof,Kredit threat model: source consistency and evidence limits,,a5fc245ccb62197dc3a52407a50f64a504fb57b0adbe0912ec3af9e43afd4261,inspected; no separate finding recorded,Not executed; static audit only
go.mod,"Dependency record review; no installation, scanner or third-party source audit","Dependency/toolchain pins, integrity, imports and available advisory evidence",,0b9861a7176e4750ba1590a23492dce25fa0b441e7b1dc2ca0869f139e3ac1aa,inspected; no separate finding recorded,Not executed; static audit only
go.sum,"Dependency record review; no installation, scanner or third-party source audit","Dependency/toolchain pins, integrity, imports and available advisory evidence",,d91c986f0fdb7631a6c0801bb937eb75911ff0a9a5c6daf9ecffa7867f74a6e2,inspected; no separate finding recorded,Not executed; static audit only
infra/containers/.gitkeep,Direct operational source/configuration review; not executed,".gitkeep: deployment, boundaries, failure handling and referenced paths",,01ba4719c80b6fe911b091a7c05124b64eeece964e09c058ef8f9805daca546b,inspected; no separate finding recorded,Not executed; static audit only
infra/containers/Dockerfile.api,Direct operational source/configuration review; not executed,"Dockerfile.api: deployment, boundaries, failure handling and referenced paths",F039,48b5fe9235e0ec218f2acde9c55fbd67cedfee2abac4e722a53780359671048f,inspected; findings open,Not executed; static audit only
infra/containers/Dockerfile.web,Direct operational source/configuration review; not executed,"Dockerfile.web: deployment, boundaries, failure handling and referenced paths",,4eeca3ca8a46aa0efc39d830727a47165fb30bb8ddb29bb715095db626e7f865,inspected; no separate finding recorded,Not executed; static audit only
infra/containers/README.md,Direct operational source/configuration review; not executed,"README.md: deployment, boundaries, failure handling and referenced paths",,b7963410b31c8cd3dfd0fd246b3d0a881b323923bdd51a8c703282482c7db143,inspected; no separate finding recorded,Not executed; static audit only
infra/environments/.gitkeep,Direct operational source/configuration review; not executed,".gitkeep: deployment, boundaries, failure handling and referenced paths",,01ba4719c80b6fe911b091a7c05124b64eeece964e09c058ef8f9805daca546b,inspected; no separate finding recorded,Not executed; static audit only
infra/environments/Caddyfile.prod,Direct operational source/configuration review; not executed,"Caddyfile.prod: deployment, boundaries, failure handling and referenced paths",F003;F011,783a502a49754e0f6cf87b5be90df8581f451d71eacc40c73660ce770145e0d5,inspected; findings open,Not executed; static audit only
infra/environments/README.md,Direct operational source/configuration review; not executed,"README.md: deployment, boundaries, failure handling and referenced paths",,dba1d88341dc421d2ed86e638447889ca6a1dde270c96429d02d9802e0bd3347,inspected; no separate finding recorded,Not executed; static audit only
infra/environments/docker-compose.prod.yml,Direct operational source/configuration review; not executed,"docker-compose.prod.yml: deployment, boundaries, failure handling and referenced paths",F002;F004;F006,a7a744935b218d5aac9629b0978bbabe8cef80ed7c712ac3ce2499a12c731265,inspected; findings open,Not executed; static audit only
infra/environments/env.production.example,Direct operational source/configuration review; not executed,"env.production.example: deployment, boundaries, failure handling and referenced paths",F002;F005;F041;F042,3456a4b49f9c39dac883c14a48cf34dba77d7a52be2e0df2fd5942ec535d2558,inspected; findings open,Not executed; static audit only
infra/environments/main.tf,Direct operational source/configuration review; not executed,"main.tf: deployment, boundaries, failure handling and referenced paths",,f8ec2d323a017955ff05f62674ac6931c7fdfcf53d882b1e4a69053eee04a243,inspected; no separate finding recorded,Not executed; static audit only
infra/environments/outputs.tf,Direct operational source/configuration review; not executed,"outputs.tf: deployment, boundaries, failure handling and referenced paths",,8204a61ee6b4e2de76ab3d223d7a465d88f1d9b40d249a49cbadffdd0df432fb,inspected; no separate finding recorded,Not executed; static audit only
infra/environments/variables.tf,Direct operational source/configuration review; not executed,"variables.tf: deployment, boundaries, failure handling and referenced paths",,bd96f30c6e7255f72481fd19b20bc9bc3a08a385e876c4501e3d2c002a50b565,inspected; no separate finding recorded,Not executed; static audit only
infra/environments/versions.tf,Direct operational source/configuration review; not executed,"versions.tf: deployment, boundaries, failure handling and referenced paths",,6e4029fee6f319ce0dfa9cd453e0de2066d8195c91e88c2511420ef552dc15a4,inspected; no separate finding recorded,Not executed; static audit only
infra/monitoring/.gitkeep,Direct operational source/configuration review; not executed,".gitkeep: deployment, boundaries, failure handling and referenced paths",,01ba4719c80b6fe911b091a7c05124b64eeece964e09c058ef8f9805daca546b,inspected; no separate finding recorded,Not executed; static audit only
infra/monitoring/README.md,Direct operational source/configuration review; not executed,"README.md: deployment, boundaries, failure handling and referenced paths",,0718bbe9f8e3519ce8e94ffb08e9931732289b92017b67065913f992ccc10d9d,inspected; no separate finding recorded,Not executed; static audit only
infra/monitoring/otel-collector.yaml,Direct operational source/configuration review; not executed,"otel-collector.yaml: deployment, boundaries, failure handling and referenced paths",,5efaef10e006ccdaab8f82cb187b8ee9c0b58bb408b8bc1adfd6d3b9f516a406,inspected; no separate finding recorded,Not executed; static audit only
infra/monitoring/phase5-rules.test.yaml,Direct operational source/configuration review; not executed,"phase5-rules.test.yaml: deployment, boundaries, failure handling and referenced paths",,5bd1997377a21230feb344bd9ff8421c72a4f65fb7faba099763d0086d977ed8,inspected; no separate finding recorded,Not executed; static audit only
infra/monitoring/prometheus-rules.yaml,Direct operational source/configuration review; not executed,"prometheus-rules.yaml: deployment, boundaries, failure handling and referenced paths",,0f9a5c8425b9894ff95f3c763aa3569472f747f0caaade5513634f4688147373,inspected; no separate finding recorded,Not executed; static audit only
infra/postgres/development-logins.sql,Direct operational source/configuration review; not executed,"development-logins.sql: deployment, boundaries, failure handling and referenced paths",,04dd9698abcb4c94d8cf88078f34f0b2d1d3812af7f30ad25ad727429e6a8afe,inspected; no separate finding recorded,Not executed; static audit only
infra/postgres/roles.sql,Direct operational source/configuration review; not executed,"roles.sql: deployment, boundaries, failure handling and referenced paths",,cf862484e576b3b485f3c856a374e305b65d665ff17e770078b5ba0bb621127b,inspected; no separate finding recorded,Not executed; static audit only
internal/access/admin_roles_test.go,Test source read; not executed,Role permissions and fresh identity requirements,,29758d0dd06b0b0df5fd288c4f3b035940622dfb263a1a77a1db3995871136a2,inspected; no separate finding recorded,Not executed; static audit only
internal/access/authority.go,Direct source and cross-file review,Role permissions and fresh identity requirements,,aedab9c945f66fa96af0ed454387b4544ea612db61de05baa3cb04a794fe3f7e,inspected; no separate finding recorded,Not executed; static audit only
internal/access/roles.go,Direct source and cross-file review,Role permissions and fresh identity requirements,,2a29c4de065f081d082816ad4ef5677a6fe4521e43042b67e669d6b29c91c897,inspected; no separate finding recorded,Not executed; static audit only
internal/access/roles_test.go,Test source read; not executed,Role permissions and fresh identity requirements,,1a623bdfdac96b42e837b356f876ee7610cf9cdfbde754962b0d929fc3cc7067,inspected; no separate finding recorded,Not executed; static audit only
internal/agreementdocs/document.go,Direct source and cross-file review,Accepted agreement presentation and canonical evidence,,8c0a60e027c3c9f9b117acf477ecc8e623f576c658f468c4d552e3ddaf1c49b3,inspected; no separate finding recorded,Not executed; static audit only
internal/agreementdocs/document_test.go,Test source read; not executed,Accepted agreement presentation and canonical evidence,,d1561e33d5155cea801859bd89b0146fcbd5914bc923468388a2b4d2a9e07077,inspected; no separate finding recorded,Not executed; static audit only
internal/audit/audit_postgres_test.go,Test source read; not executed,"Audit persistence, scope and redaction",,71918be762376382652b46ee14350e59d40688d84ce36811b604906e3c9d1394,inspected; no separate finding recorded,Not executed; static audit only
internal/audit/domain_activity_postgres_test.go,Test source read; not executed,"Audit persistence, scope and redaction",,e5cff7594b653293cced8a29b077edc903e0a0c0915da7e22d2b4be84acc8886,inspected; no separate finding recorded,Not executed; static audit only
internal/audit/store.go,Direct source and cross-file review,"Audit persistence, scope and redaction",,8a2a2a7958c64e1ff1b1048d0c789a4ef3b526d09ed7effb9e7930b5651ff835,inspected; no separate finding recorded,Not executed; static audit only
internal/audit/store_test.go,Test source read; not executed,"Audit persistence, scope and redaction",,eb2ea9481401fad50131d395b5236cbeaba7d9b4dd861ffffd3a5964c2edd111,inspected; no separate finding recorded,Not executed; static audit only
internal/auth/audit_postgres_test.go,Test source read; not executed,"OTP, sessions, MFA, account status and replay limits",,2dd681593dbf3c5efe0bf51922908815527838026f2441e8dd1ae32e0c477805,inspected; no separate finding recorded,Not executed; static audit only
internal/auth/fuzz_test.go,Test source read; not executed,"OTP, sessions, MFA, account status and replay limits",,c13aabbbc85a71b3d318bc8b9b9b179d9ea733941d1cfef0001510f365b35066,inspected; no separate finding recorded,Not executed; static audit only
internal/auth/postgres.go,Direct source and cross-file review,"OTP, sessions, MFA, account status and replay limits",,62d400d92ec57307ee0db6642ff26271ff41230ce77c0566ef053221fcad67a1,inspected; no separate finding recorded,Not executed; static audit only
internal/auth/postgres_test.go,Test source read; not executed,"OTP, sessions, MFA, account status and replay limits",,426b9a66547def9adcc91cdc1c2481a3519254da3a2af7e61c35fa967a5da4e2,inspected; no separate finding recorded,Not executed; static audit only
internal/auth/store.go,Direct source and cross-file review,"OTP, sessions, MFA, account status and replay limits",,ebdea59c640bbdf80d0ff90629e4d40577be3d03005171cc9bd6802ef62f2ca2,inspected; no separate finding recorded,Not executed; static audit only
internal/auth/store_test.go,Test source read; not executed,"OTP, sessions, MFA, account status and replay limits",,de4ddb3817c67159539807ca93e627ef4454aee93ca1784244c24c466e540a40,inspected; no separate finding recorded,Not executed; static audit only
internal/auth/target_test.go,Test source read; not executed,"OTP, sessions, MFA, account status and replay limits",,55f5168d614bac4b1e5da143fe83b7f4080fe686105b16646b3bdbb3dd1e8ca0,inspected; no separate finding recorded,Not executed; static audit only
internal/businesspolicy/policy.go,Direct source and cross-file review,"Versioned policy changes, approval authority and financial terms",,07432678ec9ccba4d544b203a0fc3f61a0d5248927ec5bd614e155ee47c66405,inspected; no separate finding recorded,Not executed; static audit only
internal/businesspolicy/policy_test.go,Test source read; not executed,"Versioned policy changes, approval authority and financial terms",,7ce370d78f6374c8689337d75b96aa437efd0c20e48e643f0f9fabdc50d292d2,inspected; no separate finding recorded,Not executed; static audit only
internal/businesspolicy/store.go,Direct source and cross-file review,"Versioned policy changes, approval authority and financial terms",,118b168bdf26ad0e4259a5d8de2ecf8bed9fa8f3c3de7d9ba05da6d4f21c8db0,inspected; no separate finding recorded,Not executed; static audit only
internal/businesspolicy/store_test.go,Test source read; not executed,"Versioned policy changes, approval authority and financial terms",,90f637106126eecfc87ba04c8a0c2f1334b94aae69d765ad2853c723c03cacbe,inspected; no separate finding recorded,Not executed; static audit only
internal/buyers/audit_postgres_test.go,Test source read; not executed,"Invitation ownership, business identity, consent and onboarding recovery",,9535ef3a60a706d281318ac306f035c9afb21bfa74ef129923d122e38837e9d5,inspected; no separate finding recorded,Not executed; static audit only
internal/buyers/postgres.go,Direct source and cross-file review,"Invitation ownership, business identity, consent and onboarding recovery",F020;F028,6f80d59feea4e151fc0cab4d39e41b03f6bca437a8be3a7240c7d77257fadfdc,inspected; findings open,Not executed; static audit only
internal/buyers/postgres_test.go,Test source read; not executed,"Invitation ownership, business identity, consent and onboarding recovery",,cae92988f0686a6ae82a97cee68242cd2bc9c7a46453082a254b324c3d2c072e,inspected; no separate finding recorded,Not executed; static audit only
internal/buyers/store.go,Direct source and cross-file review,"Invitation ownership, business identity, consent and onboarding recovery",F028,a93e823605915184acaf14e3f9ae8c38d5d42eda146f6d7615d2ee2b885dbe73,inspected; findings open,Not executed; static audit only
internal/buyers/store_test.go,Test source read; not executed,"Invitation ownership, business identity, consent and onboarding recovery",,4715fec3ea45cf5a91c4b84a24f0edb36b84aa69670fd4c49f32cae836ed11ad,inspected; no separate finding recorded,Not executed; static audit only
internal/collections/adapter.go,Direct source and cross-file review,"Debt eligibility, reservations, submission, retries and payment recognition",,c8d9086050061f930cd3fab31195ffe7beea14ca78b2efab4deda2e9fa5c2682,inspected; no separate finding recorded,Not executed; static audit only
internal/collections/adapter_test.go,Test source read; not executed,"Debt eligibility, reservations, submission, retries and payment recognition",,5d8f0c988e69a4c81006bf100977d9df1e126ae19c3661fadc5bc9d04c114f81,inspected; no separate finding recorded,Not executed; static audit only
internal/collections/admin_workflows_postgres_test.go,Test source read; not executed,"Debt eligibility, reservations, submission, retries and payment recognition",,99897d606da9a32758b14c18b56f0cc5a410ca0c44407e8ac666f69af5dc0e6b,inspected; no separate finding recorded,Not executed; static audit only
internal/collections/audit_regression_test.go,Test source read; not executed,"Debt eligibility, reservations, submission, retries and payment recognition",,cbb39c33c9c84140f66e4ce951e7f506e3ca500d11b52e15f9d5fe062891ed09,inspected; no separate finding recorded,Not executed; static audit only
internal/collections/completion_postgres_test.go,Test source read; not executed,"Debt eligibility, reservations, submission, retries and payment recognition",,bbff02cd1eb99661258ff322cc8d0199e544b43386e12b5cc6786b86a3a8adb3,inspected; no separate finding recorded,Not executed; static audit only
internal/collections/engine.go,Direct source and cross-file review,"Debt eligibility, reservations, submission, retries and payment recognition",F007;F008;F009,fc235d6d30439fbb7455fcf7f81ffacb1ec7a4d01562e51dd22de54a723ae113,inspected; findings open,Not executed; static audit only
internal/collections/engine_test.go,Test source read; not executed,"Debt eligibility, reservations, submission, retries and payment recognition",,f7696de5137c995a8214b831b85f118c782135baa30654ed0f0d803bc043373b,inspected; no separate finding recorded,Not executed; static audit only
internal/collections/fee_policy_postgres_test.go,Test source read; not executed,"Debt eligibility, reservations, submission, retries and payment recognition",,f9e85b3103f28ef608fd5fcc46fd84da21a5296a0c2b7b1e13c11eec3ef15bcb,inspected; no separate finding recorded,Not executed; static audit only
internal/collections/financial_audit_postgres_test.go,Test source read; not executed,"Debt eligibility, reservations, submission, retries and payment recognition",,5b66395f041a317387dd10e0c2a5339d62a895b7151253709a743728bc797fab,inspected; no separate finding recorded,Not executed; static audit only
internal/collections/policy.go,Direct source and cross-file review,"Debt eligibility, reservations, submission, retries and payment recognition",,505b646f87ac128ca2f1c22c9b5edf5e736d154706b03663663471036d4e3e9b,inspected; no separate finding recorded,Not executed; static audit only
internal/collections/policy_postgres_test.go,Test source read; not executed,"Debt eligibility, reservations, submission, retries and payment recognition",,15f090bcbdcd68629a91cdade3695acc6c3091425a8b6bf6d4db29527fc49a31,inspected; no separate finding recorded,Not executed; static audit only
internal/collections/postgres.go,Direct source and cross-file review,"Debt eligibility, reservations, submission, retries and payment recognition",F007;F021,e7f4762fe1327441d68a39600b65c0ad65d5717c1c861eae3786acc07965ebb2,inspected; findings open,Not executed; static audit only
internal/collections/postgres_test.go,Test source read; not executed,"Debt eligibility, reservations, submission, retries and payment recognition",,a69ded340dcaff0ba040f346901c8568714ed1729fee9955786eb388052a1a78,inspected; no separate finding recorded,Not executed; static audit only
internal/collections/provider.go,Direct source and cross-file review,"Debt eligibility, reservations, submission, retries and payment recognition",,dbcad94cdad3d27bd99b0b4dfcca90a13695de60243ac90a26418825a410836d,inspected; no separate finding recorded,Not executed; static audit only
internal/collections/provider_contract_test.go,Test source read; not executed,"Debt eligibility, reservations, submission, retries and payment recognition",,797c7431ed48458e4ead4ae5d8b4d9c03f4cfa4f02c67770f9888492742fd9a3,inspected; no separate finding recorded,Not executed; static audit only
internal/collections/resilient.go,Direct source and cross-file review,"Debt eligibility, reservations, submission, retries and payment recognition",,c1df198a5a955d4f134b883f5fccbb4f43a4d45b85dad9e51e871df88367ce47,inspected; no separate finding recorded,Not executed; static audit only
internal/collections/resilient_test.go,Test source read; not executed,"Debt eligibility, reservations, submission, retries and payment recognition",,4bc18eb9533224a3e7475ca5e233016a49165e086fd01e9dfc8e3f3431bf0704,inspected; no separate finding recorded,Not executed; static audit only
internal/collections/sweep_postgres_test.go,Test source read; not executed,"Debt eligibility, reservations, submission, retries and payment recognition",F040,93c7aa46fa57581fd41ee541836b8346d6b71a4beb144ff24d59634186ce7c75,inspected; findings open,Not executed; static audit only
internal/collections/webhook_provider.go,Direct source and cross-file review,"Debt eligibility, reservations, submission, retries and payment recognition",F005,8afb28b1c1f70ed1d8df60078e98690e113ab0c81f1ef29cac741c6f8980efd0,inspected; findings open,Not executed; static audit only
internal/config/admin_connections.go,Direct source and cross-file review,Production startup requirements and provider configuration,,1e172cef0c476926a8f8c4d0394d1ca5011c5267e987434cdb66f291a4dd1165,inspected; no separate finding recorded,Not executed; static audit only
internal/config/admin_connections_test.go,Test source read; not executed,Production startup requirements and provider configuration,,b00640af2f641405066568f7a14561488f1825ff25a9dd76b37c940586b16a46,inspected; no separate finding recorded,Not executed; static audit only
internal/config/config.go,Direct source and cross-file review,Production startup requirements and provider configuration,F002,6de7a7f569e4d59904f9278b2ba99ce6a7b3c000291cd4d501b23fa23a148c52,inspected; findings open,Not executed; static audit only
internal/config/config_test.go,Test source read; not executed,Production startup requirements and provider configuration,,bdccf0bbab05eadd9d753799cb2ed781b35df6af9b918c78bddcfb00bc821c25,inspected; no separate finding recorded,Not executed; static audit only
internal/config/mono_production_test.go,Test source read; not executed,Production startup requirements and provider configuration,,c2cc46f2cd94cbb7e8c82f01e115066b547102c3d2da8b3473a1e8bd124289ff,inspected; no separate finding recorded,Not executed; static audit only
internal/corrections/history.go,Direct source and cross-file review,"Correction requests, decisions and preserved history",,cb611bd15634da0f5be8c08570c8d9af3aa08762740ac42fb09e0e25849906d9,inspected; no separate finding recorded,Not executed; static audit only
internal/corrections/postgres.go,Direct source and cross-file review,"Correction requests, decisions and preserved history",,8e91eb4c9ce97d056a26fc8246346f74261a38b8cddab4504751d4b9337a639f,inspected; no separate finding recorded,Not executed; static audit only
internal/corrections/postgres_test.go,Test source read; not executed,"Correction requests, decisions and preserved history",,4b7b511a8a36faface993ba0c4b7b3b1ed64829f34a94df1b6296b9eddac2405,inspected; no separate finding recorded,Not executed; static audit only
internal/corrections/store.go,Direct source and cross-file review,"Correction requests, decisions and preserved history",,3cb421bd41f9f09ece94338dfeb66b7eb742f2f8b661332060b978510e73af7d,inspected; no separate finding recorded,Not executed; static audit only
internal/corrections/store_test.go,Test source read; not executed,"Correction requests, decisions and preserved history",,8cac3a8ff38546d71a039d7de8fc38ca7001d1b55995a006460ef437b41cfcb0,inspected; no separate finding recorded,Not executed; static audit only
internal/credit/agreement_bytes.go,Direct source and cross-file review,"Sale state transitions, immutable acceptance, delivery and activation",,7a146cab134a150d1a9d1e97d27f8b3aeca6de3951f54274e071b6217cf16ef3,inspected; no separate finding recorded,Not executed; static audit only
internal/credit/agreement_bytes_test.go,Test source read; not executed,"Sale state transitions, immutable acceptance, delivery and activation",,ca68cc96d5b2c7af9c984fb2475bd36b97c85da8a98991d212ba61522355f6cf,inspected; no separate finding recorded,Not executed; static audit only
internal/credit/calendar.go,Direct source and cross-file review,"Sale state transitions, immutable acceptance, delivery and activation",,46076b149598f29b41f5c1fc6120b6e744740f803139b4b1adcce23251732c1c,inspected; no separate finding recorded,Not executed; static audit only
internal/credit/calendar_test.go,Test source read; not executed,"Sale state transitions, immutable acceptance, delivery and activation",,d5ea8307a7b96805d1fa30e0131e2de101d7349f99b274e179e4505240acdc5c,inspected; no separate finding recorded,Not executed; static audit only
internal/credit/postgres.go,Direct source and cross-file review,"Sale state transitions, immutable acceptance, delivery and activation",F021;F022;F031,e948fe462c2529e6dd79cf8fedfccfb02db18714f5a460e6ee0a7acee4203d48,inspected; findings open,Not executed; static audit only
internal/credit/postgres_test.go,Test source read; not executed,"Sale state transitions, immutable acceptance, delivery and activation",,1c80ed0b550763eb222299492682b8d4e30b1e76c6773ce38962e875672faed3,inspected; no separate finding recorded,Not executed; static audit only
internal/credit/reads.go,Direct source and cross-file review,"Sale state transitions, immutable acceptance, delivery and activation",,a8438b38e3a055257fd9aaa0bcbba6d1edb209624d4e8c94420fa4ec181b417b,inspected; no separate finding recorded,Not executed; static audit only
internal/credit/store.go,Direct source and cross-file review,"Sale state transitions, immutable acceptance, delivery and activation",F022;F023;F031,a183839d59f5162abee61188c864cd44f667f0ce5b6c269d77c100dda3119e4b,inspected; findings open,Not executed; static audit only
internal/credit/store_test.go,Test source read; not executed,"Sale state transitions, immutable acceptance, delivery and activation",,ceee0a627b36a29f6b08ecbbdf0abcc08d0b074cde1809ebf55a7b2705e410a4,inspected; no separate finding recorded,Not executed; static audit only
internal/credit/system_acceptance_postgres_test.go,Test source read; not executed,"Sale state transitions, immutable acceptance, delivery and activation",,0ce76f1b0eb6c5ac54279e01ff78fcf405fcf0851ccf30376fe1ca18e009a44b,inspected; no separate finding recorded,Not executed; static audit only
internal/db/financial_context.go,Direct source and cross-file review,"Runtime roles, transaction context and persistence requirements",,29525d197048039196f68bb599768519ed06e9299288bd3cb8dad0eb173050b0,inspected; no separate finding recorded,Not executed; static audit only
internal/db/notice_permissions_test.go,Test source read; not executed,"Runtime roles, transaction context and persistence requirements",,c332264d9bcec048edb9ccb20fc4bb715979679cab80a596ee74fbd094a2c710,inspected; no separate finding recorded,Not executed; static audit only
internal/db/owner_permissions_test.go,Test source read; not executed,"Runtime roles, transaction context and persistence requirements",,f80bbc3c69481d40b12dbf96ecd2915f5158e3277f7c98d57730cafb5d2654e9,inspected; no separate finding recorded,Not executed; static audit only
internal/db/persistence_contract.go,Direct source and cross-file review,"Runtime roles, transaction context and persistence requirements",F042,a0262e4549c6082a4f2225f976987f1d6680d4baa4cdc5109e5c7f5f19dea01c,inspected; findings open,Not executed; static audit only
internal/db/persistence_contract_test.go,Test source read; not executed,"Runtime roles, transaction context and persistence requirements",,a7c31b67e06106833556801de77eecb8c777c906cb78197c2460f563a468668c,inspected; no separate finding recorded,Not executed; static audit only
internal/db/postgres.go,Direct source and cross-file review,"Runtime roles, transaction context and persistence requirements",,be6557e6d51b9bbdac55bff85f10ca3d5d1702bef18530feb41574396e951109,inspected; no separate finding recorded,Not executed; static audit only
internal/db/postgres_test.go,Test source read; not executed,"Runtime roles, transaction context and persistence requirements",,880f86397f175e9eba524dc3eb2b447e5e0fea9a22ccc7ae42d776752ac8a4e5,inspected; no separate finding recorded,Not executed; static audit only
internal/db/relationship_permissions_test.go,Test source read; not executed,"Runtime roles, transaction context and persistence requirements",,5bb7152cdee340a5972d626b86c1fc2577df7d2a13af735378ca06f971470c90,inspected; no separate finding recorded,Not executed; static audit only
internal/db/schedule_adjustment.go,Direct source and cross-file review,"Runtime roles, transaction context and persistence requirements",,f8a9874e695aee6fb948439583781512270d487f7d88997374d206c84f5b831a,inspected; no separate finding recorded,Not executed; static audit only
internal/db/tenant_context.go,Direct source and cross-file review,"Runtime roles, transaction context and persistence requirements",,c0be9e100dc149816b0f028504998f421d0f379e0125b10e7b215f9af04d7c83,inspected; no separate finding recorded,Not executed; static audit only
internal/disputes/ledger_posting_test.go,Test source read; not executed,"Contested balances, evidence, decisions and ledger adjustment",,ef9c019faef2b3ed352bcdb34502df0ca8efba31ae9a07dbae7f40537fab814e,inspected; no separate finding recorded,Not executed; static audit only
internal/disputes/postgres.go,Direct source and cross-file review,"Contested balances, evidence, decisions and ledger adjustment",F030,a91627fdd5d4e055666b71e08874c29ae47285aacd8e7ac12941a547ba3c6513,inspected; findings open,Not executed; static audit only
internal/disputes/postgres_test.go,Test source read; not executed,"Contested balances, evidence, decisions and ledger adjustment",,1dfb23f7ebf2124711f20e86971f591929ebf78c4e7501cdb693d3d159a9ff63,inspected; no separate finding recorded,Not executed; static audit only
internal/disputes/store.go,Direct source and cross-file review,"Contested balances, evidence, decisions and ledger adjustment",F030,7645ae130c82ca0d164053f30479c722362e0f2d5d7e3b270e4353bb1997e22b,inspected; findings open,Not executed; static audit only
internal/disputes/store_test.go,Test source read; not executed,"Contested balances, evidence, decisions and ledger adjustment",,88f3dce68eb338141568b04943df6f241024671320401e1855660f51af5cf40e,inspected; no separate finding recorded,Not executed; static audit only
internal/documents/cleanup.go,Direct source and cross-file review,"Upload ownership, quarantine, scan state and authorized download",,9d3f72298e5b4433aa40a93f1f946671b52b1b88d815415cd6610f2aee35ade0,inspected; no separate finding recorded,Not executed; static audit only
internal/documents/cleanup_postgres_test.go,Test source read; not executed,"Upload ownership, quarantine, scan state and authorized download",,a53c9ef96a5faf48b1c1e64ff7babbccb37bf86e0c5fa92eccb2ee452cbef99d,inspected; no separate finding recorded,Not executed; static audit only
internal/documents/postgres_test.go,Test source read; not executed,"Upload ownership, quarantine, scan state and authorized download",,f163cc6b9f865f8b6162c4e0ce9e58e202c0ccd86f439d8cd2787deda3e30360,inspected; no separate finding recorded,Not executed; static audit only
internal/documents/s3.go,Direct source and cross-file review,"Upload ownership, quarantine, scan state and authorized download",F038,f8f13a764279796bbf5807e644dce17f466b78fbbc4676c74222548cb3eb177e,inspected; findings open,Not executed; static audit only
internal/documents/s3_test.go,Test source read; not executed,"Upload ownership, quarantine, scan state and authorized download",,f427e2ca77837cf5f5e22b92e8b32a32ae05d31bbfc43bbf1a3c450c54c199de,inspected; no separate finding recorded,Not executed; static audit only
internal/documents/scanner.go,Direct source and cross-file review,"Upload ownership, quarantine, scan state and authorized download",,9812bffaa555f49b7d6e52b9ba0779eceb1519651dade8efe84fdf0e4c0ff61b,inspected; no separate finding recorded,Not executed; static audit only
internal/documents/scanner_test.go,Test source read; not executed,"Upload ownership, quarantine, scan state and authorized download",,2023e8401cf6269e701183307e6db3597e8d8156a9a05d3c5e0327b989cbbbcb,inspected; no separate finding recorded,Not executed; static audit only
internal/documents/store.go,Direct source and cross-file review,"Upload ownership, quarantine, scan state and authorized download",,e720b0231145007e28621f3b07652a791528c5f0ce4479ee6889dafca2fbb15a,inspected; no separate finding recorded,Not executed; static audit only
internal/documents/store_test.go,Test source read; not executed,"Upload ownership, quarantine, scan state and authorized download",,6dea5755c6981163ab4734f8c183a1ca606cf4b596bb4d92741abb8a3ebf9c66,inspected; no separate finding recorded,Not executed; static audit only
internal/feedback/postgres_test.go,Test source read; not executed,"Feedback identity, bounded input and replay",,56754bab1462dd52289b03442934f7b6177b7453ca03a83d686795a35c108768,inspected; no separate finding recorded,Not executed; static audit only
internal/feedback/store.go,Direct source and cross-file review,"Feedback identity, bounded input and replay",,b6b25a4f2b3854d748a4a2a4fd5f84446c4a3aed80a7ee5c128d75e04949f419,inspected; no separate finding recorded,Not executed; static audit only
internal/feedback/store_test.go,Test source read; not executed,"Feedback identity, bounded input and replay",,1de44e5c88bfb6ca34312f3862637cdb211c95d6894c4883c7c0dc0ab57a65b5,inspected; no separate finding recorded,Not executed; static audit only
internal/idempotency/postgres_test.go,Test source read; not executed,"Request identity, saved outcomes and uncertain retries",,c620ba965da500c59d833004e98c435bfe3d4df6cc64b9d71e35bf980510afaf,inspected; no separate finding recorded,Not executed; static audit only
internal/idempotency/store.go,Direct source and cross-file review,"Request identity, saved outcomes and uncertain retries",,d3c162922d543893375a8df01a131172eacc8e816ec6fabf09c3001487bc43ce,inspected; no separate finding recorded,Not executed; static audit only
internal/idempotency/store_test.go,Test source read; not executed,"Request identity, saved outcomes and uncertain retries",,cf7aff5d42711f65ff34fd3dc1d9db5ed5ad6c5a4469beaaa0c1ab8bec2d1736,inspected; no separate finding recorded,Not executed; static audit only
internal/identifier/id.go,Direct source and cross-file review,Identifier normalization and collision boundaries,,71586b895a0e87c4ed150a4789dfb9b1711bf47622003a6c40484af57d20051c,inspected; no separate finding recorded,Not executed; static audit only
internal/identifier/id_test.go,Test source read; not executed,Identifier normalization and collision boundaries,,b14b214c4ebe2085865f0da25073975e846206de6e39c28c9595caacc1b9e8c8,inspected; no separate finding recorded,Not executed; static audit only
internal/identity/provider.go,Direct source and cross-file review,Provider verification results and sensitive data handling,,7d840e9f201f6048efc25544b8a157da9f8261e2a353c5cc8c269b146c33f725,inspected; no separate finding recorded,Not executed; static audit only
internal/identity/provider_test.go,Test source read; not executed,Provider verification results and sensitive data handling,,cf7afcc0ef56748364f688d2bd47122fe5031583e4422d426d673af360943d05,inspected; no separate finding recorded,Not executed; static audit only
internal/identity/safe_result.go,Direct source and cross-file review,Provider verification results and sensitive data handling,,c6f0a3aa2b1a177213b4390bf55281effe4c356f4b0d5de7ab402452c41bc164,inspected; no separate finding recorded,Not executed; static audit only
internal/identity/safe_result_test.go,Test source read; not executed,Provider verification results and sensitive data handling,,d182239e5995e8acd59a43a069f851a8a7d504783e7ba9f13a604107b0117b39,inspected; no separate finding recorded,Not executed; static audit only
internal/identity/webhook.go,Direct source and cross-file review,Provider verification results and sensitive data handling,F005,bb516173300eb369ffe7068089f0f7e9d8d5e0e01a158a28e4a01fa1a76403b1,inspected; findings open,Not executed; static audit only
internal/jobs/client.go,Direct source and cross-file review,"Durable work, discovery, retries, leases and financial maintenance",F024,749885d93de827586313793ebd3867d9c081d78ddead485120308e1e76411b6a,inspected; findings open,Not executed; static audit only
internal/jobs/client_test.go,Test source read; not executed,"Durable work, discovery, retries, leases and financial maintenance",,a3b8c447c62e19be3dbf888f9a0aaa569515925368cd949e23ee14c07db7dd13,inspected; no separate finding recorded,Not executed; static audit only
internal/jobs/collection_requeue_test.go,Test source read; not executed,"Durable work, discovery, retries, leases and financial maintenance",,2d4501a3cf5f15ca53a3ee8b3e31e05635f1cb53f8e71059ebff8da96fee5538,inspected; no separate finding recorded,Not executed; static audit only
internal/jobs/dead_letter.go,Direct source and cross-file review,"Durable work, discovery, retries, leases and financial maintenance",,6eba3367a5136d2187196aa0e8a83409844a8c2c3dfcfce3c2927aa88c5499e6,inspected; no separate finding recorded,Not executed; static audit only
internal/jobs/provider_inbox_postgres_test.go,Test source read; not executed,"Durable work, discovery, retries, leases and financial maintenance",,c5a596b6273b6c8e73337d59eef8c0dd6596c6a1384aafc9322c52f480d2b73b,inspected; no separate finding recorded,Not executed; static audit only
internal/jobs/reconciliation_postgres_test.go,Test source read; not executed,"Durable work, discovery, retries, leases and financial maintenance",,4d931aa14974dd18598060c7f0a0f58e540f2a7eca2bcca035a12abb7b6369e4,inspected; no separate finding recorded,Not executed; static audit only
internal/jobs/telemetry_test.go,Test source read; not executed,"Durable work, discovery, retries, leases and financial maintenance",,1d77d7c7a04eb5f14da9d4ff0cc5a70bcb59d42b4b9ac21968aa0475b95036f7,inspected; no separate finding recorded,Not executed; static audit only
internal/ledger/fee_terms.go,Direct source and cross-file review,"Exact kobo amounts, balanced postings, reversals and immutable journals",,53b2d641f848b3bf906f22461b23a00374173081270ba9c1e1dfd4fd2b62e1f6,inspected; no separate finding recorded,Not executed; static audit only
internal/ledger/fee_terms_test.go,Test source read; not executed,"Exact kobo amounts, balanced postings, reversals and immutable journals",,1a2551c4f705286d571730e73b2e1ccfbaf16a42e30f25130bce4e0494c0fc0c,inspected; no separate finding recorded,Not executed; static audit only
internal/ledger/postgres.go,Direct source and cross-file review,"Exact kobo amounts, balanced postings, reversals and immutable journals",,4c84421d9b9ecac718631726068606e07ef4659af9d5933729d8926a10a4b260,inspected; no separate finding recorded,Not executed; static audit only
internal/ledger/reconcile.go,Direct source and cross-file review,"Exact kobo amounts, balanced postings, reversals and immutable journals",,0e44f718b4b91d29752b707e7049865d6fc9e0db57f4562aa73d66df2eacbd93,inspected; no separate finding recorded,Not executed; static audit only
internal/ledger/reconcile_test.go,Test source read; not executed,"Exact kobo amounts, balanced postings, reversals and immutable journals",,de1a745bc3aeaa59cce8c86ac4d96df7983768fede3e891689756b4948a72080,inspected; no separate finding recorded,Not executed; static audit only
internal/ledger/store.go,Direct source and cross-file review,"Exact kobo amounts, balanced postings, reversals and immutable journals",,1150a835dc4149161c53d5c89db817ec1bcf0522a1649ce250e16dccccf57b25,inspected; no separate finding recorded,Not executed; static audit only
internal/ledger/store_test.go,Test source read; not executed,"Exact kobo amounts, balanced postings, reversals and immutable journals",,0ca87485498d8f7f056cc2b9e37ca84bdda2d437adf2a90c4e251e09cc1c34cf,inspected; no separate finding recorded,Not executed; static audit only
internal/legalpublication/current.go,Direct source and cross-file review,Stable legal versions and accepted-record references,,0549f1314ac181379a2212193cdee564c3c6b13ecfb47be1a30ed34e22ebaee1,inspected; no separate finding recorded,Not executed; static audit only
internal/legalpublication/current_test.go,Test source read; not executed,Stable legal versions and accepted-record references,,329077a6ee378f6110c370c6a49ad0cfa2b4f964324ca4683626340b6dec2cb9,inspected; no separate finding recorded,Not executed; static audit only
internal/legalpublication/versions.go,Direct source and cross-file review,Stable legal versions and accepted-record references,,e4756289abcc66c816caf8e2ee177ac41fd547512e6613f9b7e9580a811678d0,inspected; no separate finding recorded,Not executed; static audit only
internal/mandates/connector_contract_test.go,Test source read; not executed,"Authorization scope, persistence, provider state and cancellation",,56899f26f227e9726cfb04e0cfeb0a8a58769fb75a5e24067edc1de8b4daefe4,inspected; no separate finding recorded,Not executed; static audit only
internal/mandates/provider.go,Direct source and cross-file review,"Authorization scope, persistence, provider state and cancellation",F010,98d25c150225fa43e529efcae84009ca86bfcfb231cbc409792522075872dc37,inspected; findings open,Not executed; static audit only
internal/mandates/provider_test.go,Test source read; not executed,"Authorization scope, persistence, provider state and cancellation",,b75502c63b2fa9bfe9cc2c3edc489fbe39451da87cca69fe9fdaa420d6521a4c,inspected; no separate finding recorded,Not executed; static audit only
internal/mandates/reads.go,Direct source and cross-file review,"Authorization scope, persistence, provider state and cancellation",,2937c46834fb80c4848c9690965a6a8787a3dcf0e1708bdabe9f31018c645253,inspected; no separate finding recorded,Not executed; static audit only
internal/mandates/sweep_postgres_test.go,Test source read; not executed,"Authorization scope, persistence, provider state and cancellation",,1563751d6068bf7e2c49cc46d7ef1f8426826fe3706866dad1a14225cf5125ed,inspected; no separate finding recorded,Not executed; static audit only
internal/mandates/unavailable.go,Direct source and cross-file review,"Authorization scope, persistence, provider state and cancellation",,506a1890ae7e768bd634a17a5a73de0967b1772e19780a3bfd100e6a011c3fce,inspected; no separate finding recorded,Not executed; static audit only
internal/mandates/webhook.go,Direct source and cross-file review,"Authorization scope, persistence, provider state and cancellation",F005,effe4539e8d28540997118604fad6bc9cbc90f5482c9d28ea130adf9075b0a3d,inspected; findings open,Not executed; static audit only
internal/notifications/configured.go,Direct source and cross-file review,"Recipient identity, delivery retries, links and authenticated receipts",,f05a3bc08d80a05f29221c2ad2026d161215a979145cc2fe1ade6c8eac293bca,inspected; no separate finding recorded,Not executed; static audit only
internal/notifications/configured_test.go,Test source read; not executed,"Recipient identity, delivery retries, links and authenticated receipts",,8a863dafe5ab5b8a3ba80d07132607db69f106e3e67b0991ed96a5b586558934,inspected; no separate finding recorded,Not executed; static audit only
internal/notifications/postgres_test.go,Test source read; not executed,"Recipient identity, delivery retries, links and authenticated receipts",,c04306f8a6f707351bf0aa51b01b957cb4cbfbdac731d9b9b172ac8dc85a7a2e,inspected; no separate finding recorded,Not executed; static audit only
internal/notifications/receipts.go,Direct source and cross-file review,"Recipient identity, delivery retries, links and authenticated receipts",F001,a236fd50b122061e64a58d13ca7f8a8e9ae8966031e9be41f6cdc7468db69d2c,inspected; findings open,Not executed; static audit only
internal/notifications/store.go,Direct source and cross-file review,"Recipient identity, delivery retries, links and authenticated receipts",F012,788fdca6bc7c869a394e17c437e81e57ecf6c0823bbc7ed7ed102524e07a9ad6,inspected; findings open,Not executed; static audit only
internal/notifications/store_test.go,Test source read; not executed,"Recipient identity, delivery retries, links and authenticated receipts",,33ec2f4101b4dfc17e1f22e641494c1664f58f52a71c92dd3b2ee83c7fa95fde,inspected; no separate finding recorded,Not executed; static audit only
internal/notifications/webhook.go,Direct source and cross-file review,"Recipient identity, delivery retries, links and authenticated receipts",F001;F005,91cfd7a4a22c22e96fa9088c18472b9c929195b89e15a28182c1746ff2972753,inspected; findings open,Not executed; static audit only
internal/notifications/webhook_test.go,Test source read; not executed,"Recipient identity, delivery retries, links and authenticated receipts",,2faf655c34e3322a80c404a696f4ec5dc8b5dcbe36418c5a252ab92a49f471af,inspected; no separate finding recorded,Not executed; static audit only
internal/observability/financial.go,Direct source and cross-file review,"Redacted telemetry, financial metrics and alert semantics",,290d3cf154488483ebcebe56ae9054ba902abde25338fe5fc4bc3fba8a3a99cd,inspected; no separate finding recorded,Not executed; static audit only
internal/observability/phase5_financial_integration_test.go,Test source read; not executed,"Redacted telemetry, financial metrics and alert semantics",,c71f8fa64ff0b7906341a4b95bfa78e5ad4247392d439804a3fc4b1fdccab7f3,inspected; no separate finding recorded,Not executed; static audit only
internal/observability/phase5_financial_test.go,Test source read; not executed,"Redacted telemetry, financial metrics and alert semantics",,7c0ecb1b64f047e3d73f9855f5f07bbc624b11fd70760581100f802fb8512814,inspected; no separate finding recorded,Not executed; static audit only
internal/observability/store.go,Direct source and cross-file review,"Redacted telemetry, financial metrics and alert semantics",,057fbb02d859d6ee0f50b7506f39ae77afac0849111fefafce74e8f2f5f78f39,inspected; no separate finding recorded,Not executed; static audit only
internal/observability/store_test.go,Test source read; not executed,"Redacted telemetry, financial metrics and alert semantics",,fde4d29eb54787b381ff4b695b4dfb6c205aad14d158489e81d54d8c1f976c7b,inspected; no separate finding recorded,Not executed; static audit only
internal/observability/tracer.go,Direct source and cross-file review,"Redacted telemetry, financial metrics and alert semantics",,2e733059b1a8a321608d857448a7a2e5677129eb4cdf88b28427aacd17e7840b,inspected; no separate finding recorded,Not executed; static audit only
internal/observability/tracer_test.go,Test source read; not executed,"Redacted telemetry, financial metrics and alert semantics",,d5cdc31c072941b765ea03d151456a95e0bca42e61ed14bafc39eda29ef17f21,inspected; no separate finding recorded,Not executed; static audit only
internal/onboarding/postgres.go,Direct source and cross-file review,"Supplier readiness, verified contacts, settlement and billing",,6b1e4bcd0223cc5ad22f615937f4af35bfff8f67953a28a3d30bf02b773ab4a3,inspected; no separate finding recorded,Not executed; static audit only
internal/onboarding/postgres_test.go,Test source read; not executed,"Supplier readiness, verified contacts, settlement and billing",,051dd282792cf0c4fe21bf46cdb57ceed6704e43a0e2629f65ea9ae9e2380073,inspected; no separate finding recorded,Not executed; static audit only
internal/onboarding/store.go,Direct source and cross-file review,"Supplier readiness, verified contacts, settlement and billing",F018;F019,def5b149372a656a86bde8bab27f64ed631b999e1c4708fa3114414bab5d2106,inspected; findings open,Not executed; static audit only
internal/onboarding/store_test.go,Test source read; not executed,"Supplier readiness, verified contacts, settlement and billing",,f6a984f95c7a970345fa772fb6f6452f784b1b689295021a20c7be13d87b0f67,inspected; no separate finding recorded,Not executed; static audit only
internal/operations/approvals.go,Direct source and cross-file review,"Protected financial corrections, approval and ledger effects",,f3eb9d76f36265e6cddb809bcaebc565dd6e8834737568faceeea884954e9ea1,inspected; no separate finding recorded,Not executed; static audit only
internal/operations/ledger_posting_test.go,Test source read; not executed,"Protected financial corrections, approval and ledger effects",,d572c012d41c4b07430c62fad2dea1ee9130c7b1336a407f43ebd7491435b67c,inspected; no separate finding recorded,Not executed; static audit only
internal/operations/postgres.go,Direct source and cross-file review,"Protected financial corrections, approval and ledger effects",,3aeca221f64de42f5f57577d196ce2ce145797a4824260b478b3d0be13ccd714,inspected; no separate finding recorded,Not executed; static audit only
internal/operations/postgres_test.go,Test source read; not executed,"Protected financial corrections, approval and ledger effects",,608e3d4d327c3a4f759455d1cdafcd5bf580c79915500d96866a0075595754f1,inspected; no separate finding recorded,Not executed; static audit only
internal/operations/store.go,Direct source and cross-file review,"Protected financial corrections, approval and ledger effects",,314193e9749151879c9619b772adae87e510e706637e056f067af7dbe6bf1942,inspected; no separate finding recorded,Not executed; static audit only
internal/operations/store_test.go,Test source read; not executed,"Protected financial corrections, approval and ledger effects",,e944ac25a04ec848fa64f84d62c380f291e3bb63820444a1df87794f60b76976,inspected; no separate finding recorded,Not executed; static audit only
internal/organizations/audit_postgres_test.go,Test source read; not executed,"Membership authority, invitations, account limits and lifecycle",,d65d03c741ae462b40ddb28ee476f2c991ff7e261fa492457b937d006ef3f2b5,inspected; no separate finding recorded,Not executed; static audit only
internal/organizations/invitation_lifecycle_test.go,Test source read; not executed,"Membership authority, invitations, account limits and lifecycle",,0b4d85007792fd109cef645b2b8f2b9b7670d23df919ab2641c7b861ba11c127,inspected; no separate finding recorded,Not executed; static audit only
internal/organizations/limit_postgres_test.go,Test source read; not executed,"Membership authority, invitations, account limits and lifecycle",,e55b4460ab84d7ec697808062b5136b7e50530114043bb234ce3c748218aa9fc,inspected; no separate finding recorded,Not executed; static audit only
internal/organizations/postgres.go,Direct source and cross-file review,"Membership authority, invitations, account limits and lifecycle",,4da7b540903fbef749bc20283b614f9dc5a799f0f7ee8dbf0d6f8611992f55fa,inspected; no separate finding recorded,Not executed; static audit only
internal/organizations/postgres_test.go,Test source read; not executed,"Membership authority, invitations, account limits and lifecycle",,e820f16cf5860e3684b2a5f64aa37d7ea51be09eecc3d2714c002b57bc3db41c,inspected; no separate finding recorded,Not executed; static audit only
internal/organizations/store.go,Direct source and cross-file review,"Membership authority, invitations, account limits and lifecycle",,610b21fd5013d61b51f74e1a12a9a90a70373d7830d45e8a6f09b773ecc0de6c,inspected; no separate finding recorded,Not executed; static audit only
internal/organizations/store_test.go,Test source read; not executed,"Membership authority, invitations, account limits and lifecycle",,37f2de9f637458aad52d65e18d4647b6396a67b8a012c39c40ff4c0003805f19,inspected; no separate finding recorded,Not executed; static audit only
internal/outbox/dispatcher.go,Direct source and cross-file review,"Committed event publication, leases and duplicate handling",,2f00503be40a5cbe03fe861aa9212c7b9fdef4501aa312797b32130605455d78,inspected; no separate finding recorded,Not executed; static audit only
internal/outbox/dispatcher_postgres_test.go,Test source read; not executed,"Committed event publication, leases and duplicate handling",,d7d6a216695bf941aa502778251319502a3b234f6ab54c9092ca653bc5391a8f,inspected; no separate finding recorded,Not executed; static audit only
internal/outbox/dispatcher_test.go,Test source read; not executed,"Committed event publication, leases and duplicate handling",,a39022bd0a07051edce0c23b090112a1d6f5c4a7bd1554d36568697138f0b444,inspected; no separate finding recorded,Not executed; static audit only
internal/outbox/store.go,Direct source and cross-file review,"Committed event publication, leases and duplicate handling",,5674dd3469e27e2e5d318ea6f89dc9cd6aaa82db3ab8a17556763c01f291dddc,inspected; no separate finding recorded,Not executed; static audit only
internal/paymentclaims/postgres.go,Direct source and cross-file review,"Reported transfers, temporary holds and supplier confirmation",,cbe546fdfeed22df4d888642874fcd181a20a6f7500981abedca28be222b9449,inspected; no separate finding recorded,Not executed; static audit only
internal/paymentclaims/postgres_test.go,Test source read; not executed,"Reported transfers, temporary holds and supplier confirmation",,c989854dc8b51a888602f2e2b6825e17d4bc2c3579a996ebd79ca2a9697b9103,inspected; no separate finding recorded,Not executed; static audit only
internal/paymentclaims/store.go,Direct source and cross-file review,"Reported transfers, temporary holds and supplier confirmation",,5c2e33f833f6a349f40bc83acf05e6c58d4d5ebb6b611b2927ade1b5257f84a2,inspected; no separate finding recorded,Not executed; static audit only
internal/paymentclaims/store_test.go,Test source read; not executed,"Reported transfers, temporary holds and supplier confirmation",,d8d0497e27a7d109b20614a53a12609acd498ffc8518081a9382c2cac3814c74,inspected; no separate finding recorded,Not executed; static audit only
internal/payments/ledger_posting_test.go,Test source read; not executed,"Payment recognition, allocation, reversal and tenant scope",,69d2055c257f93a1e43b1a0f0df1bfbf5a725e33a8afeb4ae9e52b0759ac3e40,inspected; no separate finding recorded,Not executed; static audit only
internal/payments/postgres.go,Direct source and cross-file review,"Payment recognition, allocation, reversal and tenant scope",F007;F015,980fe62026817647e75130bfe7e70bab933ac362f2b40bf2edcd260fe9903a80,inspected; findings open,Not executed; static audit only
internal/payments/postgres_test.go,Test source read; not executed,"Payment recognition, allocation, reversal and tenant scope",,85f929a838cb98c5047c8203d798834b716ce2aba707fb86ab7049f7c3e72021,inspected; no separate finding recorded,Not executed; static audit only
internal/payments/receipt.go,Direct source and cross-file review,"Payment recognition, allocation, reversal and tenant scope",,78acb991dbee99acccaf77d1c293184e9024ae5cb6e8ce13cf64c755a5a1eaac,inspected; no separate finding recorded,Not executed; static audit only
internal/payments/receipt_postgres_test.go,Test source read; not executed,"Payment recognition, allocation, reversal and tenant scope",,022ce836f9d382b96ab16a3deaa593bc543ce03e59323f043188d4840d2ecd51,inspected; no separate finding recorded,Not executed; static audit only
internal/payments/store.go,Direct source and cross-file review,"Payment recognition, allocation, reversal and tenant scope",,e0f457591170b6f190348b88cc39d91cbc4ad32d4b7fafeb8bbbc62545da287e,inspected; no separate finding recorded,Not executed; static audit only
internal/payments/store_test.go,Test source read; not executed,"Payment recognition, allocation, reversal and tenant scope",,e9e0a3bb5cccbaaf610885744270e10f1617cc4de7d8893a9cba19b9aaef1629,inspected; no separate finding recorded,Not executed; static audit only
internal/platform/logging/logging.go,Direct source and cross-file review,Shared platform definitions and contracts,,4d0959edb1900349a0c3b9d020ef4e8086a7d565f05f1c0f59ba0b669681eb57,inspected; no separate finding recorded,Not executed; static audit only
internal/platform/logging/sanitize.go,Direct source and cross-file review,Shared platform definitions and contracts,,198b11aefde06617e851842b68279dc2607811ac0c527a83b945dbfcffc222c7,inspected; no separate finding recorded,Not executed; static audit only
internal/platform/logging/sanitize_test.go,Test source read; not executed,Shared platform definitions and contracts,,2fd3c5d909314e3f759284773e3eca5769337761adf05f7bfaed62d66470993e,inspected; no separate finding recorded,Not executed; static audit only
internal/platformops/controls.go,Direct source and cross-file review,"Administrator reads, controls, authority and reconciliation",,066caf316c917c605cf118bd6b9ce2ec9aceacd942cbc7a8abed5a7f00f831c6,inspected; no separate finding recorded,Not executed; static audit only
internal/platformops/controls_test.go,Test source read; not executed,"Administrator reads, controls, authority and reconciliation",,5dc93ffacaad4c065cc4304bff2d29a7b16df1a28a4cce31dc90f56c6ae03a9f,inspected; no separate finding recorded,Not executed; static audit only
internal/platformops/directory_postgres_test.go,Test source read; not executed,"Administrator reads, controls, authority and reconciliation",F040,926485a324a8f8a953be12ee9e6f3f4d31a2e035eac156e8376fbd2ed07d8518,inspected; findings open,Not executed; static audit only
internal/platformops/external_commands.go,Direct source and cross-file review,"Administrator reads, controls, authority and reconciliation",,c1e0b46b923d7d78992e237f649a36fa5a45e73e245b6fcd02c81421e69e4111,inspected; no separate finding recorded,Not executed; static audit only
internal/platformops/external_commands_test.go,Test source read; not executed,"Administrator reads, controls, authority and reconciliation",,e5acd0cd7d26dc4098030eae701c7ac5bfd019ad69476519a9569bbdbb099721,inspected; no separate finding recorded,Not executed; static audit only
internal/platformops/financial_review.go,Direct source and cross-file review,"Administrator reads, controls, authority and reconciliation",F017,73329cd148dae3c23e5de60afb85882f6f0f06488385a9ce1e402f670af50901,inspected; findings open,Not executed; static audit only
internal/platformops/store.go,Direct source and cross-file review,"Administrator reads, controls, authority and reconciliation",F015;F016,2edb18d01e568bf07a8f980fb85d0beab7bcf68870b312c4b5e284d40ca43f1e,inspected; findings open,Not executed; static audit only
internal/platformsettings/connector_test.go,Test source read; not executed,"Encrypted settings, current authority and reviewed publication",,9aab480d4be87ed2e623dea5deea352bedc926e410f22bdedff282bb864eafc3,inspected; no separate finding recorded,Not executed; static audit only
internal/platformsettings/crypto.go,Direct source and cross-file review,"Encrypted settings, current authority and reviewed publication",,f89f77054d4d94b6a8d4bb5e750d95f38a009c12d7e9bdd092f69d477104902e,inspected; no separate finding recorded,Not executed; static audit only
internal/platformsettings/crypto_root_test.go,Test source read; not executed,"Encrypted settings, current authority and reviewed publication",,6174d9851c8a61e9bbf2790b0a5e4c7f72aa279a86d01ffd112b60da5ec4aeb5,inspected; no separate finding recorded,Not executed; static audit only
internal/platformsettings/guide_catalog.json,Direct source and cross-file review,"Encrypted settings, current authority and reviewed publication",,69c360c4c6ab3464dfabb25b44ec7a896e11a9b61afd0ac98ab222d83ae1f301,inspected; no separate finding recorded,Not executed; static audit only
internal/platformsettings/owner_lifecycle_integration_test.go,Test source read; not executed,"Encrypted settings, current authority and reviewed publication",,38180f89cd7565bf2bdbab85d54d7863f1f29cc471d6b1dd4efee965ca3b5aab,inspected; no separate finding recorded,Not executed; static audit only
internal/platformsettings/registry.go,Direct source and cross-file review,"Encrypted settings, current authority and reviewed publication",,e7895da05448435a5993818a21b4a5a28fd7d93bed00c096432cde59704baf4d,inspected; no separate finding recorded,Not executed; static audit only
internal/platformsettings/runtime_connections.go,Direct source and cross-file review,"Encrypted settings, current authority and reviewed publication",,9a31481c063dee06070028906d6a8dda4dc45308cbfcaaab2e71f22cb44a7e9b,inspected; no separate finding recorded,Not executed; static audit only
internal/platformsettings/store.go,Direct source and cross-file review,"Encrypted settings, current authority and reviewed publication",,04138f53238d3876d6afd933bc3446ae5eb7379e7886f05831b6837a921047e0,inspected; no separate finding recorded,Not executed; static audit only
internal/platformsettings/store_test.go,Test source read; not executed,"Encrypted settings, current authority and reviewed publication",,185508b4b1cba2180f7b63d03e10de8bd7778f9ef5ffdb341de7a91679f8dcd7,inspected; no separate finding recorded,Not executed; static audit only
internal/platformsettings/website_content.go,Direct source and cross-file review,"Encrypted settings, current authority and reviewed publication",,21561182e8d01064c0fe3daef70f2b8492bd5abac2b08d64b28aa57b4ff24cac,inspected; no separate finding recorded,Not executed; static audit only
internal/platformsettings/website_guides.go,Direct source and cross-file review,"Encrypted settings, current authority and reviewed publication",,849a5e4c258dc3000a300d3c18dd43fb54b8c7baeb58462a094ab392512baba9,inspected; no separate finding recorded,Not executed; static audit only
internal/platformsettings/website_guides_test.go,Test source read; not executed,"Encrypted settings, current authority and reviewed publication",,a088a364505d5214dabb08df322aa4b0d0aad734f8184a372e0da77fad9db480,inspected; no separate finding recorded,Not executed; static audit only
internal/providers/mono/customer.go,Direct source and cross-file review,"Mono request/response contracts, callbacks and uncertain outcomes",,9d353871534ca286686072341403132d2d6e9ebfbb649a899a8cc9593f199068,inspected; no separate finding recorded,Not executed; static audit only
internal/providers/mono/export_phase4_test.go,Test source read; not executed,"Mono request/response contracts, callbacks and uncertain outcomes",,44784d71be15961aec90f97a47bc8fd80cf69ce97c2e7ead10749a19410ea60a,inspected; no separate finding recorded,Not executed; static audit only
internal/providers/mono/fuzz_test.go,Test source read; not executed,"Mono request/response contracts, callbacks and uncertain outcomes",,7a3802f93c88593a2589073c7f312030ec7f870710cc34bc0a5b921d21acb0b1,inspected; no separate finding recorded,Not executed; static audit only
internal/providers/mono/hosted_url.go,Direct source and cross-file review,"Mono request/response contracts, callbacks and uncertain outcomes",,5713381a0ce7e3a55ed29f612ae99b06a5c10941dcc732ea70e17b8eb6374add,inspected; no separate finding recorded,Not executed; static audit only
internal/providers/mono/hosted_url_test.go,Test source read; not executed,"Mono request/response contracts, callbacks and uncertain outcomes",,ab1b7a751d83d5df9231a4ae93e51d7503957ecaf4e3e102efc1039c61cc6def,inspected; no separate finding recorded,Not executed; static audit only
internal/providers/mono/mono.go,Direct source and cross-file review,"Mono request/response contracts, callbacks and uncertain outcomes",F008;F009;F010,f05bc5cb0f7ba34ca6481e2073ac71e5bdca8bcffbd5c31563d60f40ec968097,inspected; findings open,Not executed; static audit only
internal/providers/mono/mono_test.go,Test source read; not executed,"Mono request/response contracts, callbacks and uncertain outcomes",,047af608376a20f27ef7e8d7a809104074fcd320f2b38da6c63073b9fa8dd06f,inspected; no separate finding recorded,Not executed; static audit only
internal/providers/mono/phase4_contract_test.go,Test source read; not executed,"Mono request/response contracts, callbacks and uncertain outcomes",F008,973301ac2f6c1ed22fca49a97071d0509fa563d132dbb6371095f9d4c2008439,inspected; findings open,Not executed; static audit only
internal/providers/mono/phase4_persistence_test.go,Test source read; not executed,"Mono request/response contracts, callbacks and uncertain outcomes",F040,9d427aeb1121812091277097b9e3cb2d9c721c1db0af1c823ee30dd95805d4b6,inspected; findings open,Not executed; static audit only
internal/providers/mono/webhook.go,Direct source and cross-file review,"Mono request/response contracts, callbacks and uncertain outcomes",F026,83aa8f9a4f896c368f55f4a7b35a3ca4a9a9d07a4ff6a492e495733845c640c4,inspected; findings open,Not executed; static audit only
internal/publictoken/fuzz_test.go,Test source read; not executed,"Signed public links, expiry, purpose and identity binding",,407257bfce63b232bfc414f922bb5c7a79c3b6a33d2f902dcb32e8294a752d0f,inspected; no separate finding recorded,Not executed; static audit only
internal/publictoken/token.go,Direct source and cross-file review,"Signed public links, expiry, purpose and identity binding",,730436eb052a345bef97ad141f984f5926fe0a64ae21c0b42a9098afc47d7b42,inspected; no separate finding recorded,Not executed; static audit only
internal/publictoken/token_test.go,Test source read; not executed,"Signed public links, expiry, purpose and identity binding",,58f35edbdacacd91645cf288828582c9644f20c80096593dba223723ae046496,inspected; no separate finding recorded,Not executed; static audit only
internal/readiness/readiness.go,Direct source and cross-file review,Reported capability versus configuration and actual evidence,,bc50d40ef3d562da8ef92d9560faad1ffe81a9efe601abe6fe0fde86a18d94fe,inspected; no separate finding recorded,Not executed; static audit only
internal/readiness/readiness_test.go,Test source read; not executed,Reported capability versus configuration and actual evidence,,b884755b38cc9819580b4b544a2ddc9ebc73be1f0837f3650f14b27c9577e547,inspected; no separate finding recorded,Not executed; static audit only
internal/relationships/postgres_test.go,Test source read; not executed,Buyer consent and sharing boundaries,,828115a688307675ebd1d61faad321474afb512a29c016483aea9f8cc9deba72,inspected; no separate finding recorded,Not executed; static audit only
internal/relationships/store.go,Direct source and cross-file review,Buyer consent and sharing boundaries,,d7a09c41642850784846e457d67fa904655532f6895a1850145cb850345cdbae,inspected; no separate finding recorded,Not executed; static audit only
internal/relationships/suppliers.go,Direct source and cross-file review,Buyer consent and sharing boundaries,,704ebc8fba248092df7b9d3ab1ffb88286706e1c65fb9edec27a750a54960f6e,inspected; no separate finding recorded,Not executed; static audit only
internal/relationships/suppliers_test.go,Test source read; not executed,Buyer consent and sharing boundaries,,180c314057b1988cf236647ee5a24cc50e8241d02dd0cf15b3d17555be1b8379,inspected; no separate finding recorded,Not executed; static audit only
internal/reports/analytics.go,Direct source and cross-file review,"Amounts, due dates, cohorts, database visibility and honest empty states",F025,62463c5387a8b2479573e53a8e9f097049772d98484c3f205b2dc8f4f85af300,inspected; findings open,Not executed; static audit only
internal/reports/payment_metrics.go,Direct source and cross-file review,"Amounts, due dates, cohorts, database visibility and honest empty states",F025,6d7517a602e9321be2be70e52ee5cef2bc3bab95f6747b94968b300c0656a9e7,inspected; findings open,Not executed; static audit only
internal/reports/payment_metrics_postgres_test.go,Test source read; not executed,"Amounts, due dates, cohorts, database visibility and honest empty states",F040,4228eb385b14a5151c0f88e83d721dbc19fdc72abd30a884abf6db16535b8c86,inspected; findings open,Not executed; static audit only
internal/reports/postgres_test.go,Test source read; not executed,"Amounts, due dates, cohorts, database visibility and honest empty states",F040,8b56bcf1721ec5177f33d989168b5033da34d3a14a3966c4a1b50da40022f880,inspected; findings open,Not executed; static audit only
internal/reports/snapshot.go,Direct source and cross-file review,"Amounts, due dates, cohorts, database visibility and honest empty states",,ecb1435504d492f42b47bc50ac4c8e7358d50f1513d097400cdde14c89c6f8af,inspected; no separate finding recorded,Not executed; static audit only
internal/reports/snapshot_postgres_test.go,Test source read; not executed,"Amounts, due dates, cohorts, database visibility and honest empty states",,c2303cb21a10889ba498cde1a59f9b723abd75d8d7db52fe6adc6447298ce848,inspected; no separate finding recorded,Not executed; static audit only
internal/reports/store.go,Direct source and cross-file review,"Amounts, due dates, cohorts, database visibility and honest empty states",,81039c9d68028f55d4f589e7ed9d210085541030b90d78ace91b87ed7fa18454,inspected; no separate finding recorded,Not executed; static audit only
internal/reports/store_test.go,Test source read; not executed,"Amounts, due dates, cohorts, database visibility and honest empty states",,17f57f7a5ee9d2738fb0681c89b7d4d8ef378cf6c9a919087f4bd6c36c5993c7,inspected; no separate finding recorded,Not executed; static audit only
internal/schedules/adjustment.go,Direct source and cross-file review,"Payment dates, allocation, unpaid balances and collection timing",,f5b9c04825208ebbee7dd29b9117607d69233c991080aee7ed64275736539c64,inspected; no separate finding recorded,Not executed; static audit only
internal/schedules/adjustment_test.go,Test source read; not executed,"Payment dates, allocation, unpaid balances and collection timing",,a5076f6d0bf71a3e1475c75735ccc682534a0766d7753aea4b9947a2d4bb73d9,inspected; no separate finding recorded,Not executed; static audit only
internal/schedules/fuzz_test.go,Test source read; not executed,"Payment dates, allocation, unpaid balances and collection timing",,feb24d89a418af3418ea764a4be15aed415d19b922ce4c5ea40cba4c6f9b542e,inspected; no separate finding recorded,Not executed; static audit only
internal/schedules/postgres_test.go,Test source read; not executed,"Payment dates, allocation, unpaid balances and collection timing",,322243bbd327d1102b2d4092aae99427888f52c55963705985a924562b210e45,inspected; no separate finding recorded,Not executed; static audit only
internal/schedules/store.go,Direct source and cross-file review,"Payment dates, allocation, unpaid balances and collection timing",,0fe485d748d543e0e42af6a57d2cf5142d69f72a5eadd41462390a6ec1eca8b1,inspected; no separate finding recorded,Not executed; static audit only
internal/schedules/store_test.go,Test source read; not executed,"Payment dates, allocation, unpaid balances and collection timing",,3db7d618ca94639e3eee696144e0584dfbfa564df3501586263afaafea1d9d5c,inspected; no separate finding recorded,Not executed; static audit only
internal/support/postgres_test.go,Test source read; not executed,"Case authority, notes, transitions and history",,e968d09746b76e964d3c2dd8797f08cc499b30835a98a74e7af5d0dacf671b08,inspected; no separate finding recorded,Not executed; static audit only
internal/support/store.go,Direct source and cross-file review,"Case authority, notes, transitions and history",,cc3863616153d7da9c7c666d381f5f3162fe26b2d0e333fbcf8703b72539a27d,inspected; no separate finding recorded,Not executed; static audit only
internal/support/store_test.go,Test source read; not executed,"Case authority, notes, transitions and history",,a479bd591b91194c7f4e4d7cf559fb72afb113aa70609ee7bb025795ca85e00c,inspected; no separate finding recorded,Not executed; static audit only
internal/tradelines/postgres.go,Direct source and cross-file review,"Customer limits, reservations, purchases, receipt and exposure",F024,6b92299b21d087c7a1c56563bb6aca9d82469eea4bc37ba3fac16e2252ee91e5,inspected; findings open,Not executed; static audit only
internal/tradelines/postgres_test.go,Test source read; not executed,"Customer limits, reservations, purchases, receipt and exposure",F040,9d947fee4ec6f9419502814e01905644b59de40af40ddf85546220cb2f8612ee,inspected; findings open,Not executed; static audit only
internal/tradelines/store.go,Direct source and cross-file review,"Customer limits, reservations, purchases, receipt and exposure",,173a64c9299dcd426e38ba5de8ae3142908766116626cb22bdb56d56d418d5a1,inspected; no separate finding recorded,Not executed; static audit only
internal/tradelines/store_test.go,Test source read; not executed,"Customer limits, reservations, purchases, receipt and exposure",,f15be77054ec40307efe7bd35cd002819dabfdac8ca4e36673ff9caf88b99a6b,inspected; no separate finding recorded,Not executed; static audit only
internal/usercontrol/export.go,Direct source and cross-file review,"Account recovery, privacy requests, exports and retention holds",,56c49b601ccdff233b70ad5995b6b4cd30c24bec649d631a08c8c84015a66ccb,inspected; no separate finding recorded,Not executed; static audit only
internal/usercontrol/postgres_test.go,Test source read; not executed,"Account recovery, privacy requests, exports and retention holds",,4481a2aee0effedaf0632706bfefc490008253482916516c25f5f09f5dff0710,inspected; no separate finding recorded,Not executed; static audit only
internal/usercontrol/store.go,Direct source and cross-file review,"Account recovery, privacy requests, exports and retention holds",F012,7243b7ed703846e05b9e475668e0f7b9e4d4dd82310ad748d895526a7c9557da,inspected; findings open,Not executed; static audit only
internal/usercontrol/store_test.go,Test source read; not executed,"Account recovery, privacy requests, exports and retention holds",,0841a6a65472b865a546a9a63bb5b2941ec8f47ea6cdf2361fc2f643815f6dcd,inspected; no separate finding recorded,Not executed; static audit only
internal/web/admin_insight_handlers.go,Direct source and cross-file review,"HTTP authorization, payloads, status handling and actual service wiring",F013,103b0447740eb8df41e31363d07bb4203566a484c62303d27ff7b06ef4756072,inspected; findings open,Not executed; static audit only
internal/web/admin_surfaces_test.go,Test source read; not executed,"HTTP authorization, payloads, status handling and actual service wiring",,a59a11dd249c795bca25ee381a4414ca46bf0d745cae3efc8269792b0c92e3dc,inspected; no separate finding recorded,Not executed; static audit only
internal/web/admin_workflow_handlers.go,Direct source and cross-file review,"HTTP authorization, payloads, status handling and actual service wiring",F013,1471cd3f1700dd8fe992053f8c8aee14ff8cafa325d77c04d1096aaa02765efa,inspected; findings open,Not executed; static audit only
internal/web/audit_financial_regression_test.go,Test source read; not executed,"HTTP authorization, payloads, status handling and actual service wiring",,22735d1916eae5cdb915419bc88b8b396e222e74647d6b6b5372c6aa9503ca95,inspected; no separate finding recorded,Not executed; static audit only
internal/web/auth_contract_test.go,Test source read; not executed,"HTTP authorization, payloads, status handling and actual service wiring",,05f7fe2cdb413a2593ba5444b55f1ba3debd487360031e36202bb38f2a4cb516,inspected; no separate finding recorded,Not executed; static audit only
internal/web/auth_handlers.go,Direct source and cross-file review,"HTTP authorization, payloads, status handling and actual service wiring",,7f9b45f1c9c923e5064997f7f3f61fb4d135f655c97683ab317c98d1ef3f5616,inspected; no separate finding recorded,Not executed; static audit only
internal/web/business_policy_handlers.go,Direct source and cross-file review,"HTTP authorization, payloads, status handling and actual service wiring",,4d2e3bb232d4489b607e6625257131ba444cac7101fe127d57e3c6dc6171c3db,inspected; no separate finding recorded,Not executed; static audit only
internal/web/business_policy_handlers_test.go,Test source read; not executed,"HTTP authorization, payloads, status handling and actual service wiring",,ecdc92482df2a361ff8db74f8170020f83ee3001a3e82860794984ba3f3ef1a2,inspected; no separate finding recorded,Not executed; static audit only
internal/web/buyer_handlers.go,Direct source and cross-file review,"HTTP authorization, payloads, status handling and actual service wiring",F020,0219b2240bfc2557a1a6d804f9e3c5d289dd84944585983ddac82b65eb319f01,inspected; findings open,Not executed; static audit only
internal/web/collection_jobs.go,Direct source and cross-file review,"HTTP authorization, payloads, status handling and actual service wiring",F017,985b945fdc9e11ee1ddb9cfcb028968a2cf34486fc24cbfd428bd03b9990335f,inspected; findings open,Not executed; static audit only
internal/web/collection_notice_handlers.go,Direct source and cross-file review,"HTTP authorization, payloads, status handling and actual service wiring",,0def7f3a87298ac55100ba49e00006ca8ca4c464e413862947c4792c00cb9200,inspected; no separate finding recorded,Not executed; static audit only
internal/web/completion_handlers_test.go,Test source read; not executed,"HTTP authorization, payloads, status handling and actual service wiring",,e9f8809be975945c5a54c9def3a6fe93d0b887f326a15326ab3428d73a472bf0,inspected; no separate finding recorded,Not executed; static audit only
internal/web/credit_handlers.go,Direct source and cross-file review,"HTTP authorization, payloads, status handling and actual service wiring",F022;F023;F024;F030,a373126c00ec306124de78e87b1ad237736832acc4b0ed0626e5410ab6244cab,inspected; findings open,Not executed; static audit only
internal/web/credit_terms_handlers.go,Direct source and cross-file review,"HTTP authorization, payloads, status handling and actual service wiring",,3cb9199e6658943c4b9ccd4416a3ccbc606aadc5a655935fe9f19abdb27b94f1,inspected; no separate finding recorded,Not executed; static audit only
internal/web/customer_access_test.go,Test source read; not executed,"HTTP authorization, payloads, status handling and actual service wiring",,72971b8a0f31b7835d15453b01661317fe47a2b24d8d182a9d83b37218222666,inspected; no separate finding recorded,Not executed; static audit only
internal/web/customer_registration_recovery.go,Direct source and cross-file review,"HTTP authorization, payloads, status handling and actual service wiring",,ee13f837de4412c1711cd39b5bcbba970b3c2956b4a9ca89c061f896d15301c9,inspected; no separate finding recorded,Not executed; static audit only
internal/web/dashboard_handlers.go,Direct source and cross-file review,"HTTP authorization, payloads, status handling and actual service wiring",F025,7535f8ba4bbee0e14f0342595e8e9817acad73090705d6d7145633fa159c7e04,inspected; findings open,Not executed; static audit only
internal/web/document_handlers.go,Direct source and cross-file review,"HTTP authorization, payloads, status handling and actual service wiring",F030,ef8d0f15fa6d09089f1e0805ba185adb8a837ca112e8e2912f30ad1aefff2598,inspected; findings open,Not executed; static audit only
internal/web/document_upload_slot_handlers.go,Direct source and cross-file review,"HTTP authorization, payloads, status handling and actual service wiring",,a8ac0868c2f145e4193060d49c30d0c49b1c8f1f3808da0baa27b0a5f2874b53,inspected; no separate finding recorded,Not executed; static audit only
internal/web/feedback_handlers.go,Direct source and cross-file review,"HTTP authorization, payloads, status handling and actual service wiring",,165420814edf533ee6b51a5bab1b1000d78600fb29966879435416a3fdde2441,inspected; no separate finding recorded,Not executed; static audit only
internal/web/financial_reads.go,Direct source and cross-file review,"HTTP authorization, payloads, status handling and actual service wiring",,16e6c82e9b59457bc01db693ac5d1ef8724eb5cc7f9933f2eeaa4a52fdde4264,inspected; no separate finding recorded,Not executed; static audit only
internal/web/financial_review_handlers.go,Direct source and cross-file review,"HTTP authorization, payloads, status handling and actual service wiring",F017,e808220031823c824064a5247623e3f9586fc8de080b1183dddc16518afd3951,inspected; findings open,Not executed; static audit only
internal/web/fuzz_test.go,Test source read; not executed,"HTTP authorization, payloads, status handling and actual service wiring",,94d256f832ecf1e4f60447237de468f0e93ce8ec4477f0d54eecc567d134dc80,inspected; no separate finding recorded,Not executed; static audit only
internal/web/http_helpers.go,Direct source and cross-file review,"HTTP authorization, payloads, status handling and actual service wiring",,7e7d249229b0d3ca50f26c9165e1d53b38f381360690a535ec1e318897b17068,inspected; no separate finding recorded,Not executed; static audit only
internal/web/idempotency_middleware_test.go,Test source read; not executed,"HTTP authorization, payloads, status handling and actual service wiring",,701e63f8dde26c3f788a068ede30163513ba314a73fd5d2ed86c6480c7a5ed3b,inspected; no separate finding recorded,Not executed; static audit only
internal/web/mandate_handlers.go,Direct source and cross-file review,"HTTP authorization, payloads, status handling and actual service wiring",,16a5fbe77714e5e760a38823674791a021d8daa72d843ec5475b57c5d53361f8,inspected; no separate finding recorded,Not executed; static audit only
internal/web/milestone1_test.go,Test source read; not executed,"HTTP authorization, payloads, status handling and actual service wiring",,7fc32a2d4005525c594aa8aee47ff226f6793e075b03574e3c400e26b74183dc,inspected; no separate finding recorded,Not executed; static audit only
internal/web/mono_handlers.go,Direct source and cross-file review,"HTTP authorization, payloads, status handling and actual service wiring",F010;F022;F026,4009f2cbb2d237743b1e8b537aa2407f9e46bc9c4dd5508202fc88376453aacb,inspected; findings open,Not executed; static audit only
internal/web/mono_runtime_test.go,Test source read; not executed,"HTTP authorization, payloads, status handling and actual service wiring",,1e9b89758398c8f7f1c26db25d7404a6212d7e37d29988b583d1ef614455c4fa,inspected; no separate finding recorded,Not executed; static audit only
internal/web/notification_receipt_handlers.go,Direct source and cross-file review,"HTTP authorization, payloads, status handling and actual service wiring",F001,816ebf1975ba758922398c1f0741f8c0f0e028a9f705cfabcf5c15981c3d6d79,inspected; findings open,Not executed; static audit only
internal/web/notification_recipients.go,Direct source and cross-file review,"HTTP authorization, payloads, status handling and actual service wiring",,8d7d8946a7fbc34723f5f4291b856b704e6b4b7e28d27123f2f0822ea3d1e250,inspected; no separate finding recorded,Not executed; static audit only
internal/web/onboarding_handlers.go,Direct source and cross-file review,"HTTP authorization, payloads, status handling and actual service wiring",F018;F019,741170f408de8b17ccd85aa7a2836e6987990c8a29db004f223eef206609906a,inspected; findings open,Not executed; static audit only
internal/web/optional_activity_test.go,Test source read; not executed,"HTTP authorization, payloads, status handling and actual service wiring",,d52f81108a6173b07b414722d6ebf09475a9a0b5b2dc078ad20e25986f816de5,inspected; no separate finding recorded,Not executed; static audit only
internal/web/organization_handlers.go,Direct source and cross-file review,"HTTP authorization, payloads, status handling and actual service wiring",,8620c10becd0b6d23704761a1af2258c273f3341aa2d8dc42cfcda40c79a8760,inspected; no separate finding recorded,Not executed; static audit only
internal/web/outbox_notifications.go,Direct source and cross-file review,"HTTP authorization, payloads, status handling and actual service wiring",,baeeb538648946e7b93d4757a7c55b6f5f1255809d0d23753170cc2500e04f70,inspected; no separate finding recorded,Not executed; static audit only
internal/web/outbox_notifications_test.go,Test source read; not executed,"HTTP authorization, payloads, status handling and actual service wiring",,282867b09470ab4d32445b8c7b528162849af3f4794f3c65af3f9b713962b043,inspected; no separate finding recorded,Not executed; static audit only
internal/web/ownership_transfer.go,Direct source and cross-file review,"HTTP authorization, payloads, status handling and actual service wiring",F014,fcae9f0290af0bf05a74d22eccbeea8c0d6bdbd379f0ef7c6023161b586e9d3e,inspected; findings open,Not executed; static audit only
internal/web/ownership_transfer_postgres_test.go,Test source read; not executed,"HTTP authorization, payloads, status handling and actual service wiring",F040,8a72eefea118baee0af195a8950580ba072d414d1ffa0afea2bfd5aad83848f2,inspected; findings open,Not executed; static audit only
internal/web/payment_claim_handlers.go,Direct source and cross-file review,"HTTP authorization, payloads, status handling and actual service wiring",F029,635f331b7bf6e31b8b80a4108561766a443ba88b55f4516d0d2ee5cbf4fd5c21,inspected; findings open,Not executed; static audit only
internal/web/platform_operations_handlers.go,Direct source and cross-file review,"HTTP authorization, payloads, status handling and actual service wiring",F015;F016,279fa2ca4f85b239b801812cc6804cd7680fd68d83aad47ffe0b2f9baa9d7cf4,inspected; findings open,Not executed; static audit only
internal/web/platform_operations_handlers_test.go,Test source read; not executed,"HTTP authorization, payloads, status handling and actual service wiring",,e99e49cb402a3ada90d7346cbd07c1012640e7f065ac8880904d1a51d74c7e39,inspected; no separate finding recorded,Not executed; static audit only
internal/web/platform_settings_handlers.go,Direct source and cross-file review,"HTTP authorization, payloads, status handling and actual service wiring",,4da9f89697359348511951aa2b737a2fb22fe4d20c6b5b2f65017ec7f3c3c7e8,inspected; no separate finding recorded,Not executed; static audit only
internal/web/platform_settings_handlers_test.go,Test source read; not executed,"HTTP authorization, payloads, status handling and actual service wiring",,2635c88d477d6a70a459a7d584fbc3b8778404c4da03ee1ab9123f9db70e3443,inspected; no separate finding recorded,Not executed; static audit only
internal/web/provider_readiness_test.go,Test source read; not executed,"HTTP authorization, payloads, status handling and actual service wiring",,2ef173b157d5a2037b8688372a2a78290700f601a1f8a8bf46c1af1fb4bdf3d0,inspected; no separate finding recorded,Not executed; static audit only
internal/web/relationship_handlers.go,Direct source and cross-file review,"HTTP authorization, payloads, status handling and actual service wiring",,c93a0b021cec6a532f612429c6e46bfcf55255598291a9cd4ff424457fd81ccf,inspected; no separate finding recorded,Not executed; static audit only
internal/web/reports_handlers.go,Direct source and cross-file review,"HTTP authorization, payloads, status handling and actual service wiring",,49d371910c4008b1a734ed2b474217d2f489606fd1ea04e3e3773740ed907420,inspected; no separate finding recorded,Not executed; static audit only
internal/web/risk_hold_scope_test.go,Test source read; not executed,"HTTP authorization, payloads, status handling and actual service wiring",,57801ac3a93d637afe405fb3f41ae2e4ebfc31fae18b94a30886ebc2bec7befb,inspected; no separate finding recorded,Not executed; static audit only
internal/web/runtime.go,Direct source and cross-file review,"HTTP authorization, payloads, status handling and actual service wiring",F001;F007;F012;F021,28a865256ac6ed60a3d8d4bd696f0777986929e7f7beb7504fbf135094f98e86,inspected; findings open,Not executed; static audit only
internal/web/runtime_schedule_test.go,Test source read; not executed,"HTTP authorization, payloads, status handling and actual service wiring",F040,b61ade51c7e04c5cefae3f930ee714f3a5f8e5dd767db05bfca4bd273de34365,inspected; findings open,Not executed; static audit only
internal/web/runtime_tradeline_postgres_test.go,Test source read; not executed,"HTTP authorization, payloads, status handling and actual service wiring",,6d5b1fa7e4d3e3c85c7ca7f032712bbb11cdd739b0d1ce8919bd999cd23a9e96,inspected; no separate finding recorded,Not executed; static audit only
internal/web/secure_link_handlers.go,Direct source and cross-file review,"HTTP authorization, payloads, status handling and actual service wiring",,711133e8bd2a7af8c5e3c9e557fcdd8365258743d74bd5a0be2f8eaf41d89500,inspected; no separate finding recorded,Not executed; static audit only
internal/web/secure_link_handlers_test.go,Test source read; not executed,"HTTP authorization, payloads, status handling and actual service wiring",,ac2d4f9574a4ed6e5a1944e6d97949661c803f2c8b9cdaad71a71a5dd85973bd,inspected; no separate finding recorded,Not executed; static audit only
internal/web/server.go,Direct source and cross-file review,"HTTP authorization, payloads, status handling and actual service wiring",F011,698e179bb3b6ddd761b2bc00d9ca784cf171118eb1cc7f9731dc7c49293ace00,inspected; findings open,Not executed; static audit only
internal/web/server_test.go,Test source read; not executed,"HTTP authorization, payloads, status handling and actual service wiring",,d9efd8cace3112281ebeeb06b718959f4bff5a02cb5efc260de5106366776f4d,inspected; no separate finding recorded,Not executed; static audit only
internal/web/supplier_onboarding_test.go,Test source read; not executed,"HTTP authorization, payloads, status handling and actual service wiring",,6ad86432aeeacd2ae934ef8f3652210cf6cc1933ee1dd1770ea3fd4932af73f8,inspected; no separate finding recorded,Not executed; static audit only
internal/web/support_handlers.go,Direct source and cross-file review,"HTTP authorization, payloads, status handling and actual service wiring",,fcdb53ec22d156a8d1b15127b8fed620de817d2b8aff167ba830c1616a8aacc6,inspected; no separate finding recorded,Not executed; static audit only
internal/web/user_control_handlers.go,Direct source and cross-file review,"HTTP authorization, payloads, status handling and actual service wiring",F012,1c1f2a394aac53bfc0bff1d161ca149b091f61edb33910545b0d335cce9f2019,inspected; findings open,Not executed; static audit only
internal/web/user_control_handlers_test.go,Test source read; not executed,"HTTP authorization, payloads, status handling and actual service wiring",,3a4ae94f2ca2e57b0d56d42cd45d5f84f367e026f601ec6a373c6184599589ba,inspected; no separate finding recorded,Not executed; static audit only
internal/web/website_content_handlers.go,Direct source and cross-file review,"HTTP authorization, payloads, status handling and actual service wiring",,f5153216a3fb3ab0ca6bf862cee3b9a962efc25ac4cbac2aede59f56e698f874,inspected; no separate finding recorded,Not executed; static audit only
internal/web/website_content_handlers_test.go,Test source read; not executed,"HTTP authorization, payloads, status handling and actual service wiring",,c1013f87b64211e79c36da2c4a305a1df278b6074c8c58d1c71056d2803d9f4a,inspected; no separate finding recorded,Not executed; static audit only
internal/whatsapp/fuzz_test.go,Test source read; not executed,"Inbound message identity, authentication and safe command handling",,85d307e1cad57ca08d2263aa3f400740e6fa59a70a2d8706c329fd0812494800,inspected; no separate finding recorded,Not executed; static audit only
internal/whatsapp/handler.go,Direct source and cross-file review,"Inbound message identity, authentication and safe command handling",F005,003e5a4a8ead62a40db20d689e4fa320266dc61f8ac122c2647228b3d6173c7f,inspected; findings open,Not executed; static audit only
internal/whatsapp/handler_test.go,Test source read; not executed,"Inbound message identity, authentication and safe command handling",,27dbec0351b59839182194ab98775a9c3c7344e300e4576045123cf8306db7ab,inspected; no separate finding recorded,Not executed; static audit only
internal/whatsapp/postgres_test.go,Test source read; not executed,"Inbound message identity, authentication and safe command handling",,6fedc80ae5667098af0674c3a2583c1baf6e0a9ad73fe8285bd16fc9c4e19665,inspected; no separate finding recorded,Not executed; static audit only
package.json,"Dependency record review; no installation, scanner or third-party source audit","Dependency/toolchain pins, integrity, imports and available advisory evidence",,052ab954aa15e7a82113a8b9d2f8025dc5a77d216bd24b0bc15d52a88309e9fc,inspected; no separate finding recorded,Not executed; static audit only
pnpm-lock.yaml,"Dependency record review; no installation, scanner or third-party source audit","Dependency/toolchain pins, integrity, imports and available advisory evidence",,e17ac76fa091b161823b2e6c2a864a0437b89ac39b204e6be495ad7c7311fe50,inspected; no separate finding recorded,Not executed; static audit only
pnpm-workspace.yaml,Direct source or complete structured record review,pnpm-workspace.yaml: configuration/data and current consumers,,0d53a4565c7b78b981c4ba87d384ecc0c354f36f2d1a49f6ea1c9f652c533c06,inspected; no separate finding recorded,Not executed; static audit only
redocly.yaml,Direct source or complete structured record review,redocly.yaml: configuration/data and current consumers,,f8235d8551435ecf16ad5d2bc9ce10b8e9bdf93b2e398a9d1b3300638f59d5ea,inspected; no separate finding recorded,Not executed; static audit only
scripts/api-lint.sh,Direct operational source/configuration review; not executed,"api-lint.sh: deployment, boundaries, failure handling and referenced paths",,4eea7fcd7f9c04e2b3cf38c8649d835871af0f9a6e1f63a9fece671da623b765,inspected; no separate finding recorded,Not executed; static audit only
scripts/backup.sh,Direct operational source/configuration review; not executed,"backup.sh: deployment, boundaries, failure handling and referenced paths",F036,2b190375944c35dbd2a64dfaa089ac52f6256dfff23cd5125ba73554167746ee,inspected; findings open,Not executed; static audit only
scripts/bootstrap.sh,Direct operational source/configuration review; not executed,"bootstrap.sh: deployment, boundaries, failure handling and referenced paths",,75bfdb428595187e93d80a71524e1c6fc894acb29421166d318e1ec627d1a916,inspected; no separate finding recorded,Not executed; static audit only
scripts/check-tools.sh,Direct operational source/configuration review; not executed,"check-tools.sh: deployment, boundaries, failure handling and referenced paths",,e62498405bb69dc5d2a3ebbd42debd3732da3be37301031c679b0ce60d2b7997,inspected; no separate finding recorded,Not executed; static audit only
scripts/ci.sh,Direct operational source/configuration review; not executed,"ci.sh: deployment, boundaries, failure handling and referenced paths",,4f1e3c2decadd4ae6d7ba6a0280dc662491150cd6ca9baea9504b917a3fc7359,inspected; no separate finding recorded,Not executed; static audit only
scripts/configure-development-database.sh,Direct operational source/configuration review; not executed,"configure-development-database.sh: deployment, boundaries, failure handling and referenced paths",,19ce56519d5b664f861021c325fdc578c7895b9c88283ab298b4178e29c4b341,inspected; no separate finding recorded,Not executed; static audit only
scripts/content-audit.mjs,Direct operational source/configuration review; not executed,"content-audit.mjs: deployment, boundaries, failure handling and referenced paths",,9ac4f1290a985cf38c30cd2b6704bd942c20bc86f3f87343a5593aae1253e6a8,inspected; no separate finding recorded,Not executed; static audit only
scripts/data-inventory-check.sh,Direct operational source/configuration review; not executed,"data-inventory-check.sh: deployment, boundaries, failure handling and referenced paths",,b15499523353c3840313d683dd96208537edbcf4e176c600d2a6c0dcdffb03bb,inspected; no separate finding recorded,Not executed; static audit only
scripts/data-inventory-generate.sh,Direct operational source/configuration review; not executed,"data-inventory-generate.sh: deployment, boundaries, failure handling and referenced paths",,ab9e72908ba3c98c8935e48af36882a479039c7c0721b78d2d3918714feee370,inspected; no separate finding recorded,Not executed; static audit only
scripts/database-safety-test.sh,Direct operational source/configuration review; not executed,"database-safety-test.sh: deployment, boundaries, failure handling and referenced paths",,ddcff9a867b699f6ad7ff0e7fed72e96e0b0f44dc967893682eab95a407a959c,inspected; no separate finding recorded,Not executed; static audit only
scripts/db-check.sh,Direct operational source/configuration review; not executed,"db-check.sh: deployment, boundaries, failure handling and referenced paths",,fbf7ceb50e05053ac4bee47e914c31c479557ba21e075d540fbb705347a09937,inspected; no separate finding recorded,Not executed; static audit only
scripts/db-reset.sh,Direct operational source/configuration review; not executed,"db-reset.sh: deployment, boundaries, failure handling and referenced paths",,c14e941176e4385277fc509efc3e6e60e770fcc0d55079ac6973f301fe05d268,inspected; no separate finding recorded,Not executed; static audit only
scripts/db-rollback.sh,Direct operational source/configuration review; not executed,"db-rollback.sh: deployment, boundaries, failure handling and referenced paths",,c19615b273e7a230693806e50868d9d0120fa21f852007548ddc70468ca4c118,inspected; no separate finding recorded,Not executed; static audit only
scripts/dev.sh,Direct operational source/configuration review; not executed,"dev.sh: deployment, boundaries, failure handling and referenced paths",,0dd152e53378d2b8b94182934db9764c6dc7dcbd9a045185f50a7df3bde22d34,inspected; no separate finding recorded,Not executed; static audit only
scripts/frontend-api-coverage.mjs,Direct operational source/configuration review; not executed,"frontend-api-coverage.mjs: deployment, boundaries, failure handling and referenced paths",,e64f3079b2b32c9b0214928615ff18b1d0548cd6a6bec18e1347fb97085282dd,inspected; no separate finding recorded,Not executed; static audit only
scripts/fuzz.sh,Direct operational source/configuration review; not executed,"fuzz.sh: deployment, boundaries, failure handling and referenced paths",,3e8a5b415544b54937dfc83638ff012c3c938e17676292c75bcc43cf3abaaf35,inspected; no separate finding recorded,Not executed; static audit only
scripts/generate.sh,Direct operational source/configuration review; not executed,"generate.sh: deployment, boundaries, failure handling and referenced paths",,576c4708a2065b4bf1bad8192d48e4d6c6fd53f5f120df47bb30d4c1ec30c361,inspected; no separate finding recorded,Not executed; static audit only
scripts/implementation-plan-conformance-test.sh,Direct operational source/configuration review; not executed,"implementation-plan-conformance-test.sh: deployment, boundaries, failure handling and referenced paths",,9ebce013875e692e2750a1108aa97aa05664c05dc14253c794b96a9a85cb4ebf,inspected; no separate finding recorded,Not executed; static audit only
scripts/implementation-plan-conformance.sh,Direct operational source/configuration review; not executed,"implementation-plan-conformance.sh: deployment, boundaries, failure handling and referenced paths",,3056dd9e30b2d1eea4116897ac60dbd3b3d58f09a5abbbd73ec3a02ba588daa3,inspected; no separate finding recorded,Not executed; static audit only
scripts/launch-browser-check.mjs,Direct operational source/configuration review; not executed,"launch-browser-check.mjs: deployment, boundaries, failure handling and referenced paths",,44ca2919421236dd8458a0303dc87853c7c69485809a45ba92c2c453e6e7ad2c,inspected; no separate finding recorded,Not executed; static audit only
scripts/launch-outage-check.mjs,Direct operational source/configuration review; not executed,"launch-outage-check.mjs: deployment, boundaries, failure handling and referenced paths",,a9eda816baad78d7682f86bf5724b0cc4cb3790110ab7e51b59dd402402f4193,inspected; no separate finding recorded,Not executed; static audit only
scripts/lint.sh,Direct operational source/configuration review; not executed,"lint.sh: deployment, boundaries, failure handling and referenced paths",,90b79e41691b13cd4ea459af46659589c17c11ddcdc68ffbd4b1eeb9790b8736,inspected; no separate finding recorded,Not executed; static audit only
scripts/load-env-test.sh,Direct operational source/configuration review; not executed,"load-env-test.sh: deployment, boundaries, failure handling and referenced paths",,42c72331c8fdde4bfc2f231c6015dd588150c21297acd693b2e5b81170ccf786,inspected; no separate finding recorded,Not executed; static audit only
scripts/load-env.sh,Direct operational source/configuration review; not executed,"load-env.sh: deployment, boundaries, failure handling and referenced paths",,9105750d89b835ac75af6fd97a0b8a78017644b1a1c7a6df0cf07101b8e8de88,inspected; no separate finding recorded,Not executed; static audit only
scripts/load-smoke.sh,Direct operational source/configuration review; not executed,"load-smoke.sh: deployment, boundaries, failure handling and referenced paths",,b9573653fe4bdfa643f18ed5b699a705638c743f77719c436ca5f234d95f316d,inspected; no separate finding recorded,Not executed; static audit only
scripts/phase5-evidence-gate.sh,Direct operational source/configuration review; not executed,"phase5-evidence-gate.sh: deployment, boundaries, failure handling and referenced paths",,df10ae91d5d76bca69463bb9e6378d4b7586961194e4803c125d4fa33a1d0baa,inspected; no separate finding recorded,Not executed; static audit only
scripts/phase5_load.py,Direct operational source/configuration review; not executed,"phase5_load.py: deployment, boundaries, failure handling and referenced paths",,30abef3e7020acb5a655c64b5265c37e41cf4544830f7452a5d0624cf107c082,inspected; no separate finding recorded,Not executed; static audit only
scripts/phase6-context-audit.py,Direct operational source/configuration review; not executed,"phase6-context-audit.py: deployment, boundaries, failure handling and referenced paths",,52bf713f2167317072337fab6d7df4d53b914ef8c7476c6506ff1807b25d3b1e,inspected; no separate finding recorded,Not executed; static audit only
scripts/phase6-governance-test.sh,Direct operational source/configuration review; not executed,"phase6-governance-test.sh: deployment, boundaries, failure handling and referenced paths",,f0a8ea7a5e52b39116f2be29f0f6c36ae0ddb13613f9d0839083522865cde5e1,inspected; no separate finding recorded,Not executed; static audit only
scripts/post-deploy-check.sh,Direct operational source/configuration review; not executed,"post-deploy-check.sh: deployment, boundaries, failure handling and referenced paths",,69c3b0c7e86ac0d0146da1b52c39a9cef71f7bc4b598c45c7d194a23da0f06b1,inspected; no separate finding recorded,Not executed; static audit only
scripts/product-contract-sync.mjs,Direct operational source/configuration review; not executed,"product-contract-sync.mjs: deployment, boundaries, failure handling and referenced paths",,5dcad0ee2e2106fab2c90183590a5dd8e24981275baa13813fede8075acefc26,inspected; no separate finding recorded,Not executed; static audit only
scripts/readme-conformance.sh,Direct operational source/configuration review; not executed,"readme-conformance.sh: deployment, boundaries, failure handling and referenced paths",,1065b97da2c0a9e7614c0594b42ca701396ce48ded8077ceab5dcbc5f079e8ee,inspected; no separate finding recorded,Not executed; static audit only
scripts/recovery_fingerprint.py,Direct operational source/configuration review; not executed,"recovery_fingerprint.py: deployment, boundaries, failure handling and referenced paths",,1c9b7926971cd5aabdb9d8066a8f71f37822b5e0137208e7abe02eb365fec6a8,inspected; no separate finding recorded,Not executed; static audit only
scripts/release-certify.sh,Direct operational source/configuration review; not executed,"release-certify.sh: deployment, boundaries, failure handling and referenced paths",F037,62bc3210de55515ae144c84a0150f74158e9143151178c844f84bdf451787aab,inspected; findings open,Not executed; static audit only
scripts/repository-audit.mjs,Direct operational source/configuration review; not executed,"repository-audit.mjs: deployment, boundaries, failure handling and referenced paths",,b3bec0a6591df0703b771c61aa898ad965336314d331f16d096ef0593fa204d4,inspected; no separate finding recorded,Not executed; static audit only
scripts/restore-drill.sh,Direct operational source/configuration review; not executed,"restore-drill.sh: deployment, boundaries, failure handling and referenced paths",,2d9b44435c64663f662bd4ebcf9e0e05a83ecf7c2daba5b86067981da62cbbd9,inspected; no separate finding recorded,Not executed; static audit only
scripts/security.sh,Direct operational source/configuration review; not executed,"security.sh: deployment, boundaries, failure handling and referenced paths",,b76ba474fdcc337a894b3c97a3c725520bf0998b5d1933df85b49d1f17e5b2dc,inspected; no separate finding recorded,Not executed; static audit only
scripts/setup-vps.sh,Direct operational source/configuration review; not executed,"setup-vps.sh: deployment, boundaries, failure handling and referenced paths",F006,a692ff7a5717ecdbe72e217f3b1eb1cbc39fbd519d435d6085c5ef69e89f222e,inspected; findings open,Not executed; static audit only
scripts/sqlc-check.sh,Direct operational source/configuration review; not executed,"sqlc-check.sh: deployment, boundaries, failure handling and referenced paths",F037,777de4358297e11dc6d77f30f08f77740326096a49988d038f0d80c7883c4379,inspected; findings open,Not executed; static audit only
scripts/sqlc-generate.sh,Direct operational source/configuration review; not executed,"sqlc-generate.sh: deployment, boundaries, failure handling and referenced paths",F037,f5266866a16d39b1105cab20b52046240c049cb30e0a1ec8c02cfe4a9d61628f,inspected; findings open,Not executed; static audit only
scripts/test-e2e.sh,Direct operational source/configuration review; not executed,"test-e2e.sh: deployment, boundaries, failure handling and referenced paths",,c7347ba88c16158e30d75a2c4b06f9738446d7dec460109e1da34c0dc4c77240,inspected; no separate finding recorded,Not executed; static audit only
scripts/test-integration.sh,Direct operational source/configuration review; not executed,"test-integration.sh: deployment, boundaries, failure handling and referenced paths",,10d4e0e6c97865888bbe7704bf52752c478081459108dc83745aac7da3553394,inspected; no separate finding recorded,Not executed; static audit only
scripts/test_phase5_backup.py,Test source read; not executed,"test_phase5_backup: fixtures, assertions and production equivalence",,ff6bc51dcaa75f7f24d796774dcd4008a713b559b1a8141583ca64431fec7b2e,inspected; no separate finding recorded,Not executed; static audit only
scripts/test_phase5_fingerprint.py,Test source read; not executed,"test_phase5_fingerprint: fixtures, assertions and production equivalence",,42edcade70f5b48c53affa2fc7eaa683e9980256e0c41234895d7b8be0c95eff,inspected; no separate finding recorded,Not executed; static audit only
scripts/test_phase5_load.py,Test source read; not executed,"test_phase5_load: fixtures, assertions and production equivalence",,14aea7301f671a1cd6b24a8838c2ef17d607ac3e556d30f262d93d3009909f84,inspected; no separate finding recorded,Not executed; static audit only
scripts/test_phase5_release_evidence.py,Test source read; not executed,"test_phase5_release_evidence: fixtures, assertions and production equivalence",,bcddd31eeaac8b5b0097b047fb9b2e1c1ed69f653c79dbdc2dcf963d4b09003f,inspected; no separate finding recorded,Not executed; static audit only
scripts/test_provider_evidence.py,Test source read; not executed,"test_provider_evidence: fixtures, assertions and production equivalence",,4f1687b660f4cdfe7045e5da0ce31cac67c6a1b77dc18c3dbbb87a8fdb648afa,inspected; no separate finding recorded,Not executed; static audit only
scripts/verify_backup.py,Direct operational source/configuration review; not executed,"verify_backup.py: deployment, boundaries, failure handling and referenced paths",,7e556cb9f12a4a3cdb3ebabbfbbbac0fa32c894244da2f2036d39cec6d3885c5,inspected; no separate finding recorded,Not executed; static audit only
scripts/verify_provider_evidence.py,Direct operational source/configuration review; not executed,"verify_provider_evidence.py: deployment, boundaries, failure handling and referenced paths",,d7c1989cb67c380ef859da1400822d3b6b997a0dcb69ea58d4910284161675b6,inspected; no separate finding recorded,Not executed; static audit only
scripts/verify_release_evidence.py,Direct operational source/configuration review; not executed,"verify_release_evidence.py: deployment, boundaries, failure handling and referenced paths",,f8127a093dca04ef7f8a6d6b327f66269c2da571fcb0ab929916cbceb9280328,inspected; no separate finding recorded,Not executed; static audit only
scripts/web-test.sh,Direct operational source/configuration review; not executed,"web-test.sh: deployment, boundaries, failure handling and referenced paths",,12ac75523cf25b358c8c7efb9544a802c84dabca464bc77283084cb17308ed95,inspected; no separate finding recorded,Not executed; static audit only
tests/contract/.gitkeep,Test source read; not executed,".gitkeep: fixtures, assertions and production equivalence",,01ba4719c80b6fe911b091a7c05124b64eeece964e09c058ef8f9805daca546b,inspected; no separate finding recorded,Not executed; static audit only
tests/contract/provider_contract_test.go,Test source read; not executed,"provider_contract_test: fixtures, assertions and production equivalence",,7ffccd26bc03ec7e369927dbf65ceed87b2a9549e8b7e67420d3f9403e083f84,inspected; no separate finding recorded,Not executed; static audit only
tests/e2e/.gitkeep,Test source read; not executed,".gitkeep: fixtures, assertions and production equivalence",,01ba4719c80b6fe911b091a7c05124b64eeece964e09c058ef8f9805daca546b,inspected; no separate finding recorded,Not executed; static audit only
tests/e2e/README.md,Test source read; not executed,"README: fixtures, assertions and production equivalence",,b7000e2bd34d1b509223f99c9289f27482cceec9e8964c3ab46a05ac50716b73,inspected; no separate finding recorded,Not executed; static audit only
tests/integration/persistence_test.go,Test source read; not executed,"persistence_test: fixtures, assertions and production equivalence",,3cff1e76d0783be7dc1913ff60c6a4a80b8642980b874c4f4a76a4595ed2311b,inspected; no separate finding recorded,Not executed; static audit only
tests/integration/tenant_isolation_test.go,Test source read; not executed,"tenant_isolation_test: fixtures, assertions and production equivalence",,e55ae0a115841ac864d58be24ecf5989ecc63b2d7f043d6b7c848f858f0a7b04,inspected; no separate finding recorded,Not executed; static audit only
tests/load/smoke.js,Test source read; not executed,"smoke: fixtures, assertions and production equivalence",,8b620ff5e2fe84b51f28089e51fe77ccb33f87499954ccbc1fc62388d10682b2,inspected; no separate finding recorded,Not executed; static audit only
tests/performance/.gitkeep,Test source read; not executed,".gitkeep: fixtures, assertions and production equivalence",,01ba4719c80b6fe911b091a7c05124b64eeece964e09c058ef8f9805daca546b,inspected; no separate finding recorded,Not executed; static audit only
tests/performance/acceptance.js,Test source read; not executed,"acceptance: fixtures, assertions and production equivalence",,61a9eb8cae7efaf721e6bc5dba6d8382460cb372d3b1e66c5fa8fbb76294007c,inspected; no separate finding recorded,Not executed; static audit only
tests/performance/portfolio_queries.sql,Test source read; not executed,"portfolio_queries: fixtures, assertions and production equivalence",,d05cdd0763ac8b3547ef7fc3377b45f97d7e973a7fe1937d51f10d50071af2be,inspected; no separate finding recorded,Not executed; static audit only
tests/provider-simulators/README.md,Test source read; not executed,"README: fixtures, assertions and production equivalence",,d3a4c9bb1cb89343a7fe45b5cd33a7b103c9c29ea73a63a85889d11915ad3658,inspected; no separate finding recorded,Not executed; static audit only
web/package.json,"Dependency record review; no installation, scanner or third-party source audit","Dependency/toolchain pins, integrity, imports and available advisory evidence",,1dc9f596c647cde2fb37a6e9f9f3d789f789c5a6fc5f8a0a61951f2856a19a78,inspected; no separate finding recorded,Not executed; static audit only
web/playwright.config.ts,Direct source or complete structured record review,playwright.config.ts: configuration/data and current consumers,,47b7b0c3b8be12d8a8d0dcbc2a80fac0d9314437f5039d568450ff6d7be45719,inspected; no separate finding recorded,Not executed; static audit only
web/src/app.css,Direct source and consumer review,"app: shared UI/data contract, safe rendering and consumers",,3fbd62b4e5fe823b5d71584e603a914d1611fa818255657fbbf9cfd3e43b953e,inspected; no separate finding recorded,Not executed; static audit only
web/src/app.d.ts,Direct source and consumer review,"app.d: shared UI/data contract, safe rendering and consumers",,db2d8cd2b335959817a71f35ae2a17193b3dc41e3e79a73d70f22028770165f9,inspected; no separate finding recorded,Not executed; static audit only
web/src/app.html,Direct source and consumer review,"app: shared UI/data contract, safe rendering and consumers",,77e0caa57555b7b42b2e83326def84021584c29fc0e7d512d8aa9116c5c6353d,inspected; no separate finding recorded,Not executed; static audit only
web/src/hooks.server.ts,Direct source and consumer review,"hooks.server: shared UI/data contract, safe rendering and consumers",F011,0d80f79d5bde229fa35d34b6a27913ebc087ae145a002e8098b4e70107b9e72f,inspected; findings open,Not executed; static audit only
web/src/lib/account-context.ts,Direct source and consumer review,"account-context: shared UI/data contract, safe rendering and consumers",,9b80109c7fe309386bb5f6d0df490354428e21b9afa32bc6ee8ae5188cc102fd,inspected; no separate finding recorded,Not executed; static audit only
web/src/lib/admin-client.ts,Direct source and consumer review,"admin-client: shared UI/data contract, safe rendering and consumers",,7b3a2e467e73189fff93e0e24a2170062dc26e63f5dacbb207317bd63c40e3d4,inspected; no separate finding recorded,Not executed; static audit only
web/src/lib/api/client.ts,Direct source and consumer review,"client: shared UI/data contract, safe rendering and consumers",,def0e0fc913dd67a951ffe6981326add0a26f31c95caf0537019724adb944fa0,inspected; no separate finding recorded,Not executed; static audit only
web/src/lib/api/mutation.ts,Direct source and consumer review,"mutation: shared UI/data contract, safe rendering and consumers",,ee07ebf721f9ecbf1ce04933e4dd43bdecdd7e5c0ab70ddc4522e7e0dcd4971c,inspected; no separate finding recorded,Not executed; static audit only
web/src/lib/api/onboarding-settings.ts,Direct source and consumer review,"onboarding-settings: shared UI/data contract, safe rendering and consumers",F027,ae6aa591053135b941f61866c1f177730f12068dca2bf4e5b557d39c4cc35309,inspected; findings open,Not executed; static audit only
web/src/lib/api/reliable.ts,Direct source and consumer review,"reliable: shared UI/data contract, safe rendering and consumers",,eeda192f6c80917173a406a7c9bcf5a28342b61a6ab70160d8f8444c3252c54b,inspected; no separate finding recorded,Not executed; static audit only
web/src/lib/attention.ts,Direct source and consumer review,"attention: shared UI/data contract, safe rendering and consumers",,263309d012190bf762663f4fc90de9ee34508e222f50ca46bd611322eceaaee5,inspected; no separate finding recorded,Not executed; static audit only
web/src/lib/blog/articles.ts,Direct source and consumer review,"articles: shared UI/data contract, safe rendering and consumers",,65de29ddcecbdb8b7532f8efd9ac4f0e331b016156992d28519a12f195f0394e,inspected; no separate finding recorded,Not executed; static audit only
web/src/lib/blog/first-wave-drafts.js,Direct source and consumer review,"first-wave-drafts: shared UI/data contract, safe rendering and consumers",,4f21a17ec087ed080820ba2431d438f0b1e13cbcd8c746bcc53aafb6b7d302a0,inspected; no separate finding recorded,Not executed; static audit only
web/src/lib/blog/guides.js,Direct source and consumer review,"guides: shared UI/data contract, safe rendering and consumers",,8fecae98feeb48e8e65a2b2678d79fae241faeefec766e2782801b1e30afe6ce,inspected; no separate finding recorded,Not executed; static audit only
web/src/lib/components/AdminAttention.svelte,Direct source and consumer review,"AdminAttention: shared UI/data contract, safe rendering and consumers",,cbfce7c3a901b9ae68766a3cc18f70c2eb81728b2e7056f27386f85ad94439e5,inspected; no separate finding recorded,Not executed; static audit only
web/src/lib/components/AuthGate.svelte,Direct source and consumer review,"AuthGate: shared UI/data contract, safe rendering and consumers",,fed19f88b4908265fa8011c9ba9d1b16deb891162bfe1a846ccf7cc7d85c24d7,inspected; no separate finding recorded,Not executed; static audit only
web/src/lib/components/BankReturnNotice.svelte,Direct source and consumer review,"BankReturnNotice: shared UI/data contract, safe rendering and consumers",,0fe681ca08edfbb7bf2561f770f68f245ca46d4d70a7fb5373b6f8034f9fbad9,inspected; no separate finding recorded,Not executed; static audit only
web/src/lib/components/CommandPalette.svelte,Direct source and consumer review,"CommandPalette: shared UI/data contract, safe rendering and consumers",,d45c2bd75fe25cb6cd69bdf6a7d3c083d174c66d8b329cd93154e2ab9db3fb4f,inspected; no separate finding recorded,Not executed; static audit only
web/src/lib/components/ConnectivityBanner.svelte,Direct source and consumer review,"ConnectivityBanner: shared UI/data contract, safe rendering and consumers",,0cf45d25f9ffb9e020ed2ed52ed20fd70257a9ca9151691b3dd2cf3fd85eb1d0,inspected; no separate finding recorded,Not executed; static audit only
web/src/lib/components/DisputeDetail.svelte,Direct source and consumer review,"DisputeDetail: shared UI/data contract, safe rendering and consumers",F030,f009d35b85965ff57803ff594481b3e31dded804ecf0a042afea38b3d4bd429c,inspected; findings open,Not executed; static audit only
web/src/lib/components/DocumentLayout.svelte,Direct source and consumer review,"DocumentLayout: shared UI/data contract, safe rendering and consumers",,81c5ec1581bd1745420a362c554fefe6c5780b67ebc5ce8fb8292651b0cc514b,inspected; no separate finding recorded,Not executed; static audit only
web/src/lib/components/DocumentUploader.svelte,Direct source and consumer review,"DocumentUploader: shared UI/data contract, safe rendering and consumers",,d6ea569703787be6774260ad043ce8a52c3e0e7ca9007872569109b13a36a98a,inspected; no separate finding recorded,Not executed; static audit only
web/src/lib/components/FeedbackPrompt.svelte,Direct source and consumer review,"FeedbackPrompt: shared UI/data contract, safe rendering and consumers",,a2497faf31422950cbab1521487346740c450a21a791c8c30e11048347321776,inspected; no separate finding recorded,Not executed; static audit only
web/src/lib/components/HomeProof.svelte,Direct source and consumer review,"HomeProof: shared UI/data contract, safe rendering and consumers",,7ac7c500081bccbdca360c1515a40b3998d842aa4fff2fa086adc61ea2e4a005,inspected; no separate finding recorded,Not executed; static audit only
web/src/lib/components/Money.svelte,Direct source and consumer review,"Money: shared UI/data contract, safe rendering and consumers",,e10533c43bc1699d061b50772db908a3429687aad2708ab46030b1868b3f5e96,inspected; no separate finding recorded,Not executed; static audit only
web/src/lib/components/MotionObserver.svelte,Direct source and consumer review,"MotionObserver: shared UI/data contract, safe rendering and consumers",,0b1538fa80a06d2a9e94ec9741a78d29aa0b263da507f31aa5fb3516b9945f32,inspected; no separate finding recorded,Not executed; static audit only
web/src/lib/components/NotificationHistory.svelte,Direct source and consumer review,"NotificationHistory: shared UI/data contract, safe rendering and consumers",,281e666c70b9124ef43f1a7cf097a27065c60e600c1c272fde893b19a679fa00,inspected; no separate finding recorded,Not executed; static audit only
web/src/lib/components/OwnerDialog.svelte,Direct source and consumer review,"OwnerDialog: shared UI/data contract, safe rendering and consumers",,dbbd0db717f4fc70c0eddb2ed208f04cf9d6a97b8080fb2d25a97320ba3d4a5c,inspected; no separate finding recorded,Not executed; static audit only
web/src/lib/components/PaymentReview.svelte,Direct source and consumer review,"PaymentReview: shared UI/data contract, safe rendering and consumers",,49976a8a83896360f465ded8213cdc96e65c87c20c13b6d21c41859503281de3,inspected; no separate finding recorded,Not executed; static audit only
web/src/lib/components/PortalNav.svelte,Direct source and consumer review,"PortalNav: shared UI/data contract, safe rendering and consumers",,2cac315edf219afceedaea8030136754ad989cdcf683000822826fe0358c1670,inspected; no separate finding recorded,Not executed; static audit only
web/src/lib/components/ProtectedActionDialog.svelte,Direct source and consumer review,"ProtectedActionDialog: shared UI/data contract, safe rendering and consumers",,95a14eeddb1b828ca28802d2634cf6fc8d9ad51c5fbe5cf1a29bef8503c9bc85,inspected; no separate finding recorded,Not executed; static audit only
web/src/lib/components/PublishedLegalDocument.svelte,Direct source and consumer review,"PublishedLegalDocument: shared UI/data contract, safe rendering and consumers",,dedf1a05c13e2198cbb936aee0cbc5c15aac00c838ba4b51cd05d192d15a30f6,inspected; no separate finding recorded,Not executed; static audit only
web/src/lib/components/ResourceNotice.svelte,Direct source and consumer review,"ResourceNotice: shared UI/data contract, safe rendering and consumers",,e66a870e6996b935f197ad435aba7946a0dafe2cde21b4fad05bac3ddb5a79b0,inspected; no separate finding recorded,Not executed; static audit only
web/src/lib/components/ShareActions.svelte,Direct source and consumer review,"ShareActions: shared UI/data contract, safe rendering and consumers",,164f6dcceaaeca35f957d3bbf1fb349dd01faffd76badec70da9b4d9589b6806,inspected; no separate finding recorded,Not executed; static audit only
web/src/lib/components/SiteFooter.svelte,Direct source and consumer review,"SiteFooter: shared UI/data contract, safe rendering and consumers",,aa717ac825e27c066ee0b815219d9b61e9ea7a0a26f28991f4c2a3ec61292656,inspected; no separate finding recorded,Not executed; static audit only
web/src/lib/components/SiteHeader.svelte,Direct source and consumer review,"SiteHeader: shared UI/data contract, safe rendering and consumers",,9ad36bbbda3233abb4b3617c2bfa4e70bf29d85c8f315e7ccab3becb7f0de697,inspected; no separate finding recorded,Not executed; static audit only
web/src/lib/components/Skeleton.svelte,Direct source and consumer review,"Skeleton: shared UI/data contract, safe rendering and consumers",,f69a2b2bb90ecd5205037e1d834610a6d376094354a97b6f524e7cbb7c495c3f,inspected; no separate finding recorded,Not executed; static audit only
web/src/lib/components/StatusPill.svelte,Direct source and consumer review,"StatusPill: shared UI/data contract, safe rendering and consumers",,55bd297387d1953794d2cd7411ea92ac3bfb0fbb8111b53d2cdb0249e87ff04e,inspected; no separate finding recorded,Not executed; static audit only
web/src/lib/components/SystemBanner.svelte,Direct source and consumer review,"SystemBanner: shared UI/data contract, safe rendering and consumers",,a33266b54c4f38c76a013262617b8576803b1cc22dccf0ee1ae5b1b9fe81afa4,inspected; no separate finding recorded,Not executed; static audit only
web/src/lib/components/VerifyIdentity.svelte,Direct source and consumer review,"VerifyIdentity: shared UI/data contract, safe rendering and consumers",,3397d87cf85ad7b9007198dc0fb73c52fea372c7e84cc181511c7f434084104b,inspected; no separate finding recorded,Not executed; static audit only
web/src/lib/components/WorkspacePage.svelte,Direct source and consumer review,"WorkspacePage: shared UI/data contract, safe rendering and consumers",,273a33414966669f510d4ece28daceb644e3362481f79457abf0c6d9089c0426,inspected; no separate finding recorded,Not executed; static audit only
web/src/lib/datetime.ts,Direct source and consumer review,"datetime: shared UI/data contract, safe rendering and consumers",,c037af864bd50ca44f422fc8a23e5329ff1a3bf9752e1f34b92d3cd16685db25,inspected; no separate finding recorded,Not executed; static audit only
web/src/lib/demo-sale.ts,Direct source and consumer review,"demo-sale: shared UI/data contract, safe rendering and consumers",,01efc8f08750f41584525ff6bddea236cbde99aac432b97573b341dc2f0eb17e,inspected; no separate finding recorded,Not executed; static audit only
web/src/lib/fee-terms.ts,Direct source and consumer review,"fee-terms: shared UI/data contract, safe rendering and consumers",,fa2b80eb9f35aea34258a4d628c176cb784d7304ce11d4765da69764f3e77593,inspected; no separate finding recorded,Not executed; static audit only
web/src/lib/financial-copy.ts,Direct source and consumer review,"financial-copy: shared UI/data contract, safe rendering and consumers",,7a891fd2649f03a5254a601714bcf1cdd622080519878f78e0379ed12c39cee1,inspected; no separate finding recorded,Not executed; static audit only
web/src/lib/legal-defaults.json,Direct source and consumer review,"legal-defaults: shared UI/data contract, safe rendering and consumers",,aeef8b2578e66aa52d2b53368287d9eb6cdaf2829f03b879f68437ac7c3f2d10,inspected; no separate finding recorded,Not executed; static audit only
web/src/lib/money.ts,Direct source and consumer review,"money: shared UI/data contract, safe rendering and consumers",,65260e30e9651c27a7b8c945cbcdb0e6c6fbd8bc86f9e52cbdce4dec78683f3f,inspected; no separate finding recorded,Not executed; static audit only
web/src/lib/product-language.ts,Direct source and consumer review,"product-language: shared UI/data contract, safe rendering and consumers",,47967b8f3d7b17b7fbee9525de3d8a4621a274ea91de85d571f4255fd7411114,inspected; no separate finding recorded,Not executed; static audit only
web/src/lib/product-tools.ts,Direct source and consumer review,"product-tools: shared UI/data contract, safe rendering and consumers",,3eef0b7786d5453750ac25fe3b7d851d551647e33fb23be171cb13955c59a426,inspected; no separate finding recorded,Not executed; static audit only
web/src/lib/records.ts,Direct source and consumer review,"records: shared UI/data contract, safe rendering and consumers",,d9343f05553543554822e2ecc7a5e4a1519ee088f48420e43d5784e02fb07740,inspected; no separate finding recorded,Not executed; static audit only
web/src/lib/sale-drafts.ts,Direct source and consumer review,"sale-drafts: shared UI/data contract, safe rendering and consumers",,f8fa1fb98d2ffdec4fad31ff46d3cc078ad9abd5d02050fd2a1a19b4f2fb2ddf,inspected; no separate finding recorded,Not executed; static audit only
web/src/lib/seo.ts,Direct source and consumer review,"seo: shared UI/data contract, safe rendering and consumers",,a13897f5c60c2494f7e8127f10251c697a6c17a758e839601928cd44fd2c1ac2,inspected; no separate finding recorded,Not executed; static audit only
web/src/lib/server/guides.ts,Direct source and consumer review,"guides: shared UI/data contract, safe rendering and consumers",,1a9df354787927d1d8933b475021880f0502a2bd913a7987dd7ed3f9c9ec2212,inspected; no separate finding recorded,Not executed; static audit only
web/src/lib/server/legal-config.ts,Direct source and consumer review,"legal-config: shared UI/data contract, safe rendering and consumers",,df03e7ae075ecfd6208fd5b5e41aa8defc3812b5cd85cd245bd275b932da0240,inspected; no separate finding recorded,Not executed; static audit only
web/src/lib/server/legal-content.ts,Direct source and consumer review,"legal-content: shared UI/data contract, safe rendering and consumers",,fcf60634e83adb57c49483d26b2238097f90adca280eb9aeaa08ecef4771d9ad,inspected; no separate finding recorded,Not executed; static audit only
web/src/lib/server/legal-publication.ts,Direct source and consumer review,"legal-publication: shared UI/data contract, safe rendering and consumers",,c709baeb8e43715bd321f8981d7b36b6f9d6c226a4c23af80d07beb30c7b9aac,inspected; no separate finding recorded,Not executed; static audit only
web/src/lib/server/website-content.ts,Direct source and consumer review,"website-content: shared UI/data contract, safe rendering and consumers",,032584665645b73c4feda102e432fba4a71d3358ad2510d3191414b2d5318de9,inspected; no separate finding recorded,Not executed; static audit only
web/src/lib/trade-line-records.ts,Direct source and consumer review,"trade-line-records: shared UI/data contract, safe rendering and consumers",,d5fe0b9f4eb23d16a0a2866e778db25369769467500f2308a7bf232a4c56ba7e,inspected; no separate finding recorded,Not executed; static audit only
web/src/lib/website-content.ts,Direct source and consumer review,"website-content: shared UI/data contract, safe rendering and consumers",,287045c5e3ab2ba0f38923e7df714f3f2da7b6e6619edd36272c0ed40fc2db9f,inspected; no separate finding recorded,Not executed; static audit only
web/src/lib/website-defaults.json,Direct source and consumer review,"website-defaults: shared UI/data contract, safe rendering and consumers",,b91bb6fd1f6951d72268c40ed5411bcd8a21148ab1c99fadc48ee1da637be8f4,inspected; no separate finding recorded,Not executed; static audit only
web/src/lib/website-editor-content.ts,Direct source and consumer review,"website-editor-content: shared UI/data contract, safe rendering and consumers",,828c9e1a2a14459c25b118754e4c268d4a447d8687598a18e1c7539ce31825fd,inspected; no separate finding recorded,Not executed; static audit only
web/src/routes/+error.svelte,Direct frontend source and backend contract review,"Route /: +error.svelte; display, actions, scope, amounts and errors",,c3903b47c3faffac55dad6b5a45354f833e3ac029cba2b455014edb7a5dae1b6,inspected; no separate finding recorded,Not executed; static audit only
web/src/routes/+layout.svelte,Direct frontend source and backend contract review,"Route /: +layout.svelte; display, actions, scope, amounts and errors",F035,f7f6b94b8e36dda74c54886bf628ab796102eab17d660009e158304f0e256841,inspected; findings open,Not executed; static audit only
web/src/routes/+page.server.ts,Direct frontend source and backend contract review,Route /: +page.server.ts; HTTP/SSR data and publication boundary,,40ffb20ef3efcfdfafb3a966222a930bdb238f47abb57872a0d7ac43d98d61cc,inspected; no separate finding recorded,Not executed; static audit only
web/src/routes/+page.svelte,Direct frontend source and backend contract review,"Route /: +page.svelte; display, actions, scope, amounts and errors",,91a6689e52bd11e36a13f7566b8455449121aba3a0f0dd0ce402da5cb5acbeef,inspected; no separate finding recorded,Not executed; static audit only
web/src/routes/admin/+layout.svelte,Direct frontend source and backend contract review,"Route /admin: +layout.svelte; display, actions, scope, amounts and errors",,1b794e741b31a77253dfef13fa8623e965fefb019dcec9e19f116c267faef6ed,inspected; no separate finding recorded,Not executed; static audit only
web/src/routes/admin/+page.svelte,Direct frontend source and backend contract review,"Route /admin: +page.svelte; display, actions, scope, amounts and errors",,38c0cce33cc94df239e078038bae6941eb3735bfbc7ba86ccb06529196f5a1ac,inspected; no separate finding recorded,Not executed; static audit only
web/src/routes/admin/analytics/+page.svelte,Direct frontend source and backend contract review,"Route /admin/analytics: +page.svelte; display, actions, scope, amounts and errors",F025,b462c20bb8814a8f9fb98ef5da126114ea2e91f85009c08f498c92abb4d8af77,inspected; findings open,Not executed; static audit only
web/src/routes/admin/approvals/+page.svelte,Direct frontend source and backend contract review,"Route /admin/approvals: +page.svelte; display, actions, scope, amounts and errors",,ade4c1b7721ee239ae28bf235071822f73228f8d0cc8be7a66a06a0be5a294cf,inspected; no separate finding recorded,Not executed; static audit only
web/src/routes/admin/attention/+page.svelte,Direct frontend source and backend contract review,"Route /admin/attention: +page.svelte; display, actions, scope, amounts and errors",,113a01bbe0c6a83a6575f86a5a83b8a902fd255f0bc5af339dd5313c201404ca,inspected; no separate finding recorded,Not executed; static audit only
web/src/routes/admin/audit/+page.svelte,Direct frontend source and backend contract review,"Route /admin/audit: +page.svelte; display, actions, scope, amounts and errors",,c0d54c65f76af2fd7a3f155ba7ef158697f9342b260f758622240abf84fcce7f,inspected; no separate finding recorded,Not executed; static audit only
web/src/routes/admin/cases/+page.svelte,Direct frontend source and backend contract review,"Route /admin/cases: +page.svelte; display, actions, scope, amounts and errors",,6f73d75e4f60478d9b16b16bf6226de3f1c1be1ddfc93335cd0c0fe93837fec1,inspected; no separate finding recorded,Not executed; static audit only
web/src/routes/admin/cases/[id]/+page.svelte,Direct frontend source and backend contract review,"Route /admin/cases/[id]: +page.svelte; display, actions, scope, amounts and errors",,912659044170a3746bd7db93f456dec4b70bd31d871a982e566e6c00607d8ee5,inspected; no separate finding recorded,Not executed; static audit only
web/src/routes/admin/controls/+page.svelte,Direct frontend source and backend contract review,"Route /admin/controls: +page.svelte; display, actions, scope, amounts and errors",,6efb537658d2c0f80b43deddab62e6aac312f2b5a8c8f431c07b429f4cf6a495,inspected; no separate finding recorded,Not executed; static audit only
web/src/routes/admin/customer-registrations/+page.svelte,Direct frontend source and backend contract review,"Route /admin/customer-registrations: +page.svelte; display, actions, scope, amounts and errors",,972f134e626c0ef75a65072c849f24d91a8ec5975f40898b8d1c0af6955426cb,inspected; no separate finding recorded,Not executed; static audit only
web/src/routes/admin/diagnostics/+page.svelte,Direct frontend source and backend contract review,"Route /admin/diagnostics: +page.svelte; display, actions, scope, amounts and errors",,addfbbbc1bcb57af81513b6201b10c0a37e4dbd403ea69f0b4110b96124158ac,inspected; no separate finding recorded,Not executed; static audit only
web/src/routes/admin/disputes/+page.svelte,Direct frontend source and backend contract review,"Route /admin/disputes: +page.svelte; display, actions, scope, amounts and errors",,93c6f8943c7ab13da5b96805dfb1e251f1fad08fb08231da8e11a31ff65153cb,inspected; no separate finding recorded,Not executed; static audit only
web/src/routes/admin/disputes/[id]/+page.svelte,Direct frontend source and backend contract review,"Route /admin/disputes/[id]: +page.svelte; display, actions, scope, amounts and errors",F030,6e5e4637949a77057536ed292198537d44fadf0d86ccc626c5de3c2da39782c3,inspected; findings open,Not executed; static audit only
web/src/routes/admin/history/+page.svelte,Direct frontend source and backend contract review,"Route /admin/history: +page.svelte; display, actions, scope, amounts and errors",,566154f9e54d687253ea44e869fddd790e042772a609c95a82369a76d28c47d9,inspected; no separate finding recorded,Not executed; static audit only
web/src/routes/admin/inbox/+page.svelte,Direct frontend source and backend contract review,"Route /admin/inbox: +page.svelte; display, actions, scope, amounts and errors",,6dcd879ec330309fc0dc66b46293716017c4129fac9566eebfbd77226f909c65,inspected; no separate finding recorded,Not executed; static audit only
web/src/routes/admin/jobs/+page.svelte,Direct frontend source and backend contract review,"Route /admin/jobs: +page.svelte; display, actions, scope, amounts and errors",,32c717aa2d5f5ec8bfa4af6a334b76695c678d888f325b605fad14e2f51089b2,inspected; no separate finding recorded,Not executed; static audit only
web/src/routes/admin/money/+page.svelte,Direct frontend source and backend contract review,"Route /admin/money: +page.svelte; display, actions, scope, amounts and errors",,8d0d14461645adf028f3ab352a4b60219d5df7fe9a4ab016979a3440d7781035,inspected; no separate finding recorded,Not executed; static audit only
web/src/routes/admin/mono/+page.svelte,Direct frontend source and backend contract review,"Route /admin/mono: +page.svelte; display, actions, scope, amounts and errors",,2b4827e60efb9708e8279d98f414115a558cbe845f7d788c2ff1377538255c76,inspected; no separate finding recorded,Not executed; static audit only
web/src/routes/admin/organizations/+page.svelte,Direct frontend source and backend contract review,"Route /admin/organizations: +page.svelte; display, actions, scope, amounts and errors",,934aeafb86f8e5e591b48e3b2efd35225cfff83b30188d753896c6c495897ebf,inspected; no separate finding recorded,Not executed; static audit only
web/src/routes/admin/platform-settings/+page.svelte,Direct frontend source and backend contract review,"Route /admin/platform-settings: +page.svelte; display, actions, scope, amounts and errors",,89c90e577a12ceb8c23943fc6506b5711c0e4709f419d0945cbf6eb73e2718b1,inspected; no separate finding recorded,Not executed; static audit only
web/src/routes/admin/privacy/+page.svelte,Direct frontend source and backend contract review,"Route /admin/privacy: +page.svelte; display, actions, scope, amounts and errors",,e462ba7ce1151a98d791fbe2232371a7944a4d3657e167b01c1b2d87ec1d9336,inspected; no separate finding recorded,Not executed; static audit only
web/src/routes/admin/provider-events/+page.svelte,Direct frontend source and backend contract review,"Route /admin/provider-events: +page.svelte; display, actions, scope, amounts and errors",,84f00daa3079b6d1f3170ae346a9711424f6789f055aa904972b0b9f40424bb4,inspected; no separate finding recorded,Not executed; static audit only
web/src/routes/admin/reconciliation/+page.svelte,Direct frontend source and backend contract review,"Route /admin/reconciliation: +page.svelte; display, actions, scope, amounts and errors",,2c76ab77d301e299f1b65c11c0f6598d71a6893b0ff9999c0f24ea0ec2952af0,inspected; no separate finding recorded,Not executed; static audit only
web/src/routes/admin/recovery/+page.svelte,Direct frontend source and backend contract review,"Route /admin/recovery: +page.svelte; display, actions, scope, amounts and errors",,d63047461af86a16703370d92a348b921995826181346d1db6fb7052b8a697dd,inspected; no separate finding recorded,Not executed; static audit only
web/src/routes/admin/search/+page.svelte,Direct frontend source and backend contract review,"Route /admin/search: +page.svelte; display, actions, scope, amounts and errors",,a2f9639fc530fdcdc94ddfd6057700f8215547065b7438063931e767ab7ce650,inspected; no separate finding recorded,Not executed; static audit only
web/src/routes/admin/settings/+page.svelte,Direct frontend source and backend contract review,"Route /admin/settings: +page.svelte; display, actions, scope, amounts and errors",,3d80f78bc9ad9f6af0575078e6afe5a7c2cb6bc95c201da65781f98902f05374,inspected; no separate finding recorded,Not executed; static audit only
web/src/routes/admin/team/+page.svelte,Direct frontend source and backend contract review,"Route /admin/team: +page.svelte; display, actions, scope, amounts and errors",,0c5f28c41fc8b3580010a9317eac79fe13bfe23fd3a5819f0fec03cd3761a415,inspected; no separate finding recorded,Not executed; static audit only
web/src/routes/admin/users/+page.svelte,Direct frontend source and backend contract review,"Route /admin/users: +page.svelte; display, actions, scope, amounts and errors",,b935ca6422a12a1cc3f444ff4a50bed48e8c8e1c6bd865a7cd5982a768c8c849,inspected; no separate finding recorded,Not executed; static audit only
web/src/routes/admin/website/+page.svelte,Direct frontend source and backend contract review,"Route /admin/website: +page.svelte; display, actions, scope, amounts and errors",,bd465205fed1f5e9b0fbdb67dc3af08b6d885aca50404e3fedf8026eefeee813,inspected; no separate finding recorded,Not executed; static audit only
web/src/routes/app/+layout.svelte,Direct frontend source and backend contract review,"Route /app: +layout.svelte; display, actions, scope, amounts and errors",,6f64b5d0e613b387289b6d0415f5db78331dba9dc1a50148aaba6e9c37ff2b81,inspected; no separate finding recorded,Not executed; static audit only
web/src/routes/app/+page.server.ts,Direct frontend source and backend contract review,Route /app: +page.server.ts; HTTP/SSR data and publication boundary,,503f9dd64a303badc24b98d9202eaa50e49dbaa21076011f24fd184154d10960,inspected; no separate finding recorded,Not executed; static audit only
web/src/routes/app/+page.svelte,Direct frontend source and backend contract review,"Route /app: +page.svelte; display, actions, scope, amounts and errors",,0775ed86374a7f4abbd76b15f38efccd4f3236bb5f674ed502f5ed41d2d073a8,inspected; no separate finding recorded,Not executed; static audit only
web/src/routes/app/activity/+page.svelte,Direct frontend source and backend contract review,"Route /app/activity: +page.svelte; display, actions, scope, amounts and errors",,7138435e32044d934bbaf9537431d54b6050d02ec4b5ea13a6f5276cca398b8b,inspected; no separate finding recorded,Not executed; static audit only
web/src/routes/app/collections/+page.svelte,Direct frontend source and backend contract review,"Route /app/collections: +page.svelte; display, actions, scope, amounts and errors",,6b6ac6f2667dcfc2d42e7f0b5bfa450e71b2e5a47c07430f2ce50a5a725aa754,inspected; no separate finding recorded,Not executed; static audit only
web/src/routes/app/credit/+page.svelte,Direct frontend source and backend contract review,"Route /app/credit: +page.svelte; display, actions, scope, amounts and errors",,f75e13798de34ddfc362ad6a2ff354f30490e4f3f8723a1b08dcd3569979b117,inspected; no separate finding recorded,Not executed; static audit only
web/src/routes/app/credit/[id]/+page.svelte,Direct frontend source and backend contract review,"Route /app/credit/[id]: +page.svelte; display, actions, scope, amounts and errors",F031;F032,0706db6e9502d77f064107acc6642435b8fbb4e3bddbb5b6a4be27e7b4ce7a94,inspected; findings open,Not executed; static audit only
web/src/routes/app/credit/new/+page.svelte,Direct frontend source and backend contract review,"Route /app/credit/new: +page.svelte; display, actions, scope, amounts and errors",F031,3ecf02e15722b9977ad2a1c4661d0bbd1f1319583db5d5bdcd84654983d60e90,inspected; findings open,Not executed; static audit only
web/src/routes/app/credit/new/+page.ts,Direct frontend source and backend contract review,Route /app/credit/new: +page.ts; HTTP/SSR data and publication boundary,,0f33b4b732483874a01a3f47dfc81e6dbec1c217ddc8268ffa4aff0bc1f1dac8,inspected; no separate finding recorded,Not executed; static audit only
web/src/routes/app/credit/quick/+page.svelte,Direct frontend source and backend contract review,"Route /app/credit/quick: +page.svelte; display, actions, scope, amounts and errors",,2f670eb8fa699065c2c87bc4751633eb0ea1b05f61cf1478fd5fc95dc573993e,inspected; no separate finding recorded,Not executed; static audit only
web/src/routes/app/customers/+page.svelte,Direct frontend source and backend contract review,"Route /app/customers: +page.svelte; display, actions, scope, amounts and errors",,66bf78d0a16621964f5f338df4d927721376a1ce31e647bc03fda5376873301a,inspected; no separate finding recorded,Not executed; static audit only
web/src/routes/app/customers/[id]/+page.svelte,Direct frontend source and backend contract review,"Route /app/customers/[id]: +page.svelte; display, actions, scope, amounts and errors",,48cfa08c504311ac8533fd87735405d74173ad53311a52a52484adcd4df3d591,inspected; no separate finding recorded,Not executed; static audit only
web/src/routes/app/customers/new/+page.svelte,Direct frontend source and backend contract review,"Route /app/customers/new: +page.svelte; display, actions, scope, amounts and errors",,cc3959cc5611eb13ac93277ef2965b0aa35f06f62f53be6776fac5ed9ae2483b,inspected; no separate finding recorded,Not executed; static audit only
web/src/routes/app/disputes/+page.svelte,Direct frontend source and backend contract review,"Route /app/disputes: +page.svelte; display, actions, scope, amounts and errors",,5f0cc9829dce75311843c1c4ce92d46d759b51d26a958b1e751e686dbbd114a4,inspected; no separate finding recorded,Not executed; static audit only
web/src/routes/app/disputes/[id]/+page.svelte,Direct frontend source and backend contract review,"Route /app/disputes/[id]: +page.svelte; display, actions, scope, amounts and errors",,8a8ebfbb54839bb2fc75c2a675d82b89cfc6b55816374594310bbfaf19bc48b0,inspected; no separate finding recorded,Not executed; static audit only
web/src/routes/app/help/+page.svelte,Direct frontend source and backend contract review,"Route /app/help: +page.svelte; display, actions, scope, amounts and errors",,d06c70ba1634386f17b76309532c233e2f734a6608938c18f505e61ca3fba6ca,inspected; no separate finding recorded,Not executed; static audit only
web/src/routes/app/notifications/+page.svelte,Direct frontend source and backend contract review,"Route /app/notifications: +page.svelte; display, actions, scope, amounts and errors",,e8b1a979078ec14b5eb4b89063facf9a7728c24478269796ab9571d7df18c5e5,inspected; no separate finding recorded,Not executed; static audit only
web/src/routes/app/onboarding/+page.svelte,Direct frontend source and backend contract review,"Route /app/onboarding: +page.svelte; display, actions, scope, amounts and errors",,f16620ebd52b62683e9093a74510c552af20ba2c50156d19e75c3b92d17f1a7e,inspected; no separate finding recorded,Not executed; static audit only
web/src/routes/app/overdue/+page.svelte,Direct frontend source and backend contract review,"Route /app/overdue: +page.svelte; display, actions, scope, amounts and errors",,f31310d1b98ba8502b84ace3e5e02ed08ee0f41461a44c3f6f2ae484d305b68d,inspected; no separate finding recorded,Not executed; static audit only
web/src/routes/app/overview/+page.svelte,Direct frontend source and backend contract review,"Route /app/overview: +page.svelte; display, actions, scope, amounts and errors",,123fba9bad2a5c1aee449bcb279a765f9dea7b734de8eb93cb2ab734c3bdb470,inspected; no separate finding recorded,Not executed; static audit only
web/src/routes/app/payments/+page.svelte,Direct frontend source and backend contract review,"Route /app/payments: +page.svelte; display, actions, scope, amounts and errors",,95c18e9bd0aed470540916822348dcab757963a3ce62359a9ae72ebf479a6aa7,inspected; no separate finding recorded,Not executed; static audit only
web/src/routes/app/reports/+page.svelte,Direct frontend source and backend contract review,"Route /app/reports: +page.svelte; display, actions, scope, amounts and errors",F033,c9b7a9ba61edde5722d139fea19b25671fb175a1b8e9e31bf1b2e4ffb2216fa5,inspected; findings open,Not executed; static audit only
web/src/routes/app/search/+page.svelte,Direct frontend source and backend contract review,"Route /app/search: +page.svelte; display, actions, scope, amounts and errors",,67f774e09dd47fdceb923025d0a09b3200384edeb249c823e776f6cdf40c293d,inspected; no separate finding recorded,Not executed; static audit only
web/src/routes/app/settings/+page.svelte,Direct frontend source and backend contract review,"Route /app/settings: +page.svelte; display, actions, scope, amounts and errors",,70bdbad636b1661f4632d7c22504581af88442d1d7a11f1fdfbc0e81c5394530,inspected; no separate finding recorded,Not executed; static audit only
web/src/routes/app/settings/billing/+page.svelte,Direct frontend source and backend contract review,"Route /app/settings/billing: +page.svelte; display, actions, scope, amounts and errors",F019;F027,8272690088fe8d86460ff9044d3f00967234afcad2cbf358569f27c0226970de,inspected; findings open,Not executed; static audit only
web/src/routes/app/settings/credit-policy/+page.svelte,Direct frontend source and backend contract review,"Route /app/settings/credit-policy: +page.svelte; display, actions, scope, amounts and errors",F027,d00c4aad48bd4b77467ef9c040f69473d1722d4f5e031256582f92ec72b45975,inspected; findings open,Not executed; static audit only
web/src/routes/app/settings/data/+page.svelte,Direct frontend source and backend contract review,"Route /app/settings/data: +page.svelte; display, actions, scope, amounts and errors",,2cfed63de1c0407b703b917e0d62c12c9daa013d9ea11b375e78c369fb964c33,inspected; no separate finding recorded,Not executed; static audit only
web/src/routes/app/settings/notifications/+page.svelte,Direct frontend source and backend contract review,"Route /app/settings/notifications: +page.svelte; display, actions, scope, amounts and errors",,61a12d6eb8b894953533c0e03ae8de53e40f2f9389a8a5c990bca8c6cead7858,inspected; no separate finding recorded,Not executed; static audit only
web/src/routes/app/settings/privacy/+page.svelte,Direct frontend source and backend contract review,"Route /app/settings/privacy: +page.svelte; display, actions, scope, amounts and errors",,cf61a8a34a488415d635d4437db2e78506e1ee4b74482b9b38adaf49bf8b80eb,inspected; no separate finding recorded,Not executed; static audit only
web/src/routes/app/settings/security/+page.svelte,Direct frontend source and backend contract review,"Route /app/settings/security: +page.svelte; display, actions, scope, amounts and errors",,189b3a483cef683811722a3551046b04f7e27aa9b103756b70223d12ac18701e,inspected; no separate finding recorded,Not executed; static audit only
web/src/routes/app/settings/settlement/+page.svelte,Direct frontend source and backend contract review,"Route /app/settings/settlement: +page.svelte; display, actions, scope, amounts and errors",F018;F027,2cc64e2155bd9962505bda4b00069eec19980c3c4c0347b3ec31a95f39f68a61,inspected; findings open,Not executed; static audit only
web/src/routes/app/team/+page.svelte,Direct frontend source and backend contract review,"Route /app/team: +page.svelte; display, actions, scope, amounts and errors",,908c093991e41df9a8bc4f85236b146f9e82698d64ab24d333f8cd83d685fbdc,inspected; no separate finding recorded,Not executed; static audit only
web/src/routes/app/trade-lines/+page.svelte,Direct frontend source and backend contract review,"Route /app/trade-lines: +page.svelte; display, actions, scope, amounts and errors",,428ddb7028c0a6c267b9f8eb834f716fef76a7a2658808e58ddbfaf6fa518c82,inspected; no separate finding recorded,Not executed; static audit only
web/src/routes/app/trade-lines/[id]/+page.svelte,Direct frontend source and backend contract review,"Route /app/trade-lines/[id]: +page.svelte; display, actions, scope, amounts and errors",,31847e5b0598522a66b16835f2470219c9f1b513f59a40ec31774e18ba2c9035,inspected; no separate finding recorded,Not executed; static audit only
web/src/routes/blog/+layout.svelte,Direct frontend source and backend contract review,"Route /blog: +layout.svelte; display, actions, scope, amounts and errors",,efda6f976f76ebadb9abea532136bad8190c0a530beaa71c457ab9a14ebcb373,inspected; no separate finding recorded,Not executed; static audit only
web/src/routes/blog/+page.server.ts,Direct frontend source and backend contract review,Route /blog: +page.server.ts; HTTP/SSR data and publication boundary,,4b2856f9b2c2ad4e4afed28f70a12e236f044cf48d46680d619499c56248f485,inspected; no separate finding recorded,Not executed; static audit only
web/src/routes/blog/+page.svelte,Direct frontend source and backend contract review,"Route /blog: +page.svelte; display, actions, scope, amounts and errors",,a07f180035f0f7b297040bceb961fc53b8dfa158177f5139e722be69c7bcbe46,inspected; no separate finding recorded,Not executed; static audit only
web/src/routes/blog/[slug]/+page.server.ts,Direct frontend source and backend contract review,Route /blog/[slug]: +page.server.ts; HTTP/SSR data and publication boundary,,bbd967f6e728e861b8c578c78915ceed729c2bd01cea1b230c50a5e12a4e8a3d,inspected; no separate finding recorded,Not executed; static audit only
web/src/routes/blog/[slug]/+page.svelte,Direct frontend source and backend contract review,"Route /blog/[slug]: +page.svelte; display, actions, scope, amounts and errors",,c7b0e1f0f117fca103b83be4a8ba7a46befe3db64879601a121b00ea0c214a25,inspected; no separate finding recorded,Not executed; static audit only
web/src/routes/blog/rss.xml/+server.ts,Direct frontend source and backend contract review,Route /blog/rss.xml: +server.ts; HTTP/SSR data and publication boundary,,006c3c817e543c01254e37eac09255e5188c222dc02205256e3253f7dcbb077f,inspected; no separate finding recorded,Not executed; static audit only
web/src/routes/blog/topic/[topic]/+page.server.ts,Direct frontend source and backend contract review,Route /blog/topic/[topic]: +page.server.ts; HTTP/SSR data and publication boundary,,7206e52fd8dcf4882746e25bdf3be17758d4041e53771180c0bede3ea76f06ef,inspected; no separate finding recorded,Not executed; static audit only
web/src/routes/blog/topic/[topic]/+page.svelte,Direct frontend source and backend contract review,"Route /blog/topic/[topic]: +page.svelte; display, actions, scope, amounts and errors",,88d6d15f38307961f422a7e477ec834873daf8d872bfbb924e715959536b3330,inspected; no separate finding recorded,Not executed; static audit only
web/src/routes/buyer-invitations/+layout.svelte,Direct frontend source and backend contract review,"Route /buyer-invitations: +layout.svelte; display, actions, scope, amounts and errors",,c386de8f204394d6f9c55bd878443f19db7da2812c497af858ac80397a8e3b60,inspected; no separate finding recorded,Not executed; static audit only
web/src/routes/buyer-invitations/[token]/+page.svelte,Direct frontend source and backend contract review,"Route /buyer-invitations/[token]: +page.svelte; display, actions, scope, amounts and errors",F028,5e8fb2833591e6ebf8605cd34900e9a3876b12f6c4976a75e5c68861b178f24c,inspected; findings open,Not executed; static audit only
web/src/routes/buyer/+layout.svelte,Direct frontend source and backend contract review,"Route /buyer: +layout.svelte; display, actions, scope, amounts and errors",,8b65b5e7853087aae8f8421eb1ad4c3b1c98ffb1007c804437e57af598462caf,inspected; no separate finding recorded,Not executed; static audit only
web/src/routes/buyer/+page.svelte,Direct frontend source and backend contract review,"Route /buyer: +page.svelte; display, actions, scope, amounts and errors",,d36053ec0c2fa25c7403077cbf58e339087be1da548b007813010ef15395f35a,inspected; no separate finding recorded,Not executed; static audit only
web/src/routes/buyer/amendments/+page.svelte,Direct frontend source and backend contract review,"Route /buyer/amendments: +page.svelte; display, actions, scope, amounts and errors",,6cb4fabde426a9512dee53294a46dd44cc9f66f152726e40649263956d5e3b84,inspected; no separate finding recorded,Not executed; static audit only
web/src/routes/buyer/credit-requests/[requestID]/+page.svelte,Direct frontend source and backend contract review,"Route /buyer/credit-requests/[requestID]: +page.svelte; display, actions, scope, amounts and errors",F029,712796ba7bd5a90c0789771ea1ab3cf10cfb21bd455b7917d888e3ad7c33b3c1,inspected; findings open,Not executed; static audit only
web/src/routes/buyer/disputes/+page.svelte,Direct frontend source and backend contract review,"Route /buyer/disputes: +page.svelte; display, actions, scope, amounts and errors",,6359f81b177ec83b901c0c2b78828cf8669066d86c29adfc51cc54246d23e88a,inspected; no separate finding recorded,Not executed; static audit only
web/src/routes/buyer/disputes/[id]/+page.svelte,Direct frontend source and backend contract review,"Route /buyer/disputes/[id]: +page.svelte; display, actions, scope, amounts and errors",,e61ab9bc40993e4e4b4b1d9bfe3831f1a69546c8e00b5ee832d3b839f4b97f3f,inspected; no separate finding recorded,Not executed; static audit only
web/src/routes/buyer/history/+page.svelte,Direct frontend source and backend contract review,"Route /buyer/history: +page.svelte; display, actions, scope, amounts and errors",,0c79b47894cbbb8fcee82e093cbea3e651d01b0f54a6312a78c7a1ee0e6fd7e1,inspected; no separate finding recorded,Not executed; static audit only
web/src/routes/buyer/mandates/+page.svelte,Direct frontend source and backend contract review,"Route /buyer/mandates: +page.svelte; display, actions, scope, amounts and errors",,581435895706754dda3843cab96a486a11f55e1037d296a14464ca6921797741,inspected; no separate finding recorded,Not executed; static audit only
web/src/routes/buyer/notifications/+page.svelte,Direct frontend source and backend contract review,"Route /buyer/notifications: +page.svelte; display, actions, scope, amounts and errors",,e8b1a979078ec14b5eb4b89063facf9a7728c24478269796ab9571d7df18c5e5,inspected; no separate finding recorded,Not executed; static audit only
web/src/routes/buyer/obligations/+page.svelte,Direct frontend source and backend contract review,"Route /buyer/obligations: +page.svelte; display, actions, scope, amounts and errors",,8f3e9bc95f76dabdb1c3ab12aa0ad08ec12ab2bd1f711cb9e06937e702300420,inspected; no separate finding recorded,Not executed; static audit only
web/src/routes/buyer/obligations/[id]/+page.svelte,Direct frontend source and backend contract review,"Route /buyer/obligations/[id]: +page.svelte; display, actions, scope, amounts and errors",,3259f54d11adc546a6f888eed34ef8d7414c836d63d6f85134f29ea8042d9689,inspected; no separate finding recorded,Not executed; static audit only
web/src/routes/buyer/payments/+page.svelte,Direct frontend source and backend contract review,"Route /buyer/payments: +page.svelte; display, actions, scope, amounts and errors",,577a0ce251afc0ab2437245f37ea8e20deae91cab4b38ff53a2b5cdf03177151,inspected; no separate finding recorded,Not executed; static audit only
web/src/routes/buyer/permissions/+page.svelte,Direct frontend source and backend contract review,"Route /buyer/permissions: +page.svelte; display, actions, scope, amounts and errors",,bfffffa98465b58f28c1748d447863dc0e32897f608901a44a0c3aff0b6f813c,inspected; no separate finding recorded,Not executed; static audit only
web/src/routes/buyer/requests/+page.svelte,Direct frontend source and backend contract review,"Route /buyer/requests: +page.svelte; display, actions, scope, amounts and errors",,aff713df31e80048d9838326d004c5718874f55b1bb318669e77e24eea20e7fe,inspected; no separate finding recorded,Not executed; static audit only
web/src/routes/buyer/settings/+page.svelte,Direct frontend source and backend contract review,"Route /buyer/settings: +page.svelte; display, actions, scope, amounts and errors",,565c1bc8233040b931b7b42561777173b073a6747b58371eead28666407c8985,inspected; no separate finding recorded,Not executed; static audit only
web/src/routes/buyer/trade-lines/+page.svelte,Direct frontend source and backend contract review,"Route /buyer/trade-lines: +page.svelte; display, actions, scope, amounts and errors",,0c8d71b2602fb39ce55200fa38df5f25786ad3a1cd8e201b7cd27929bc8e0a28,inspected; no separate finding recorded,Not executed; static audit only
web/src/routes/c/+layout.svelte,Direct frontend source and backend contract review,"Route /c: +layout.svelte; display, actions, scope, amounts and errors",,c386de8f204394d6f9c55bd878443f19db7da2812c497af858ac80397a8e3b60,inspected; no separate finding recorded,Not executed; static audit only
web/src/routes/c/[token]/+page.svelte,Direct frontend source and backend contract review,"Route /c/[token]: +page.svelte; display, actions, scope, amounts and errors",,93357e5b93a4d52616664d7470348ba29793910a874fc4ec0fc23d95b235d1c2,inspected; no separate finding recorded,Not executed; static audit only
web/src/routes/c/[token]/+page.ts,Direct frontend source and backend contract review,Route /c/[token]: +page.ts; HTTP/SSR data and publication boundary,,a604e7b09d36082e4f0ed118a2f0c9178a4c63ac55b085b8adcaa16c7820c511,inspected; no separate finding recorded,Not executed; static audit only
web/src/routes/contact/+page.server.ts,Direct frontend source and backend contract review,Route /contact: +page.server.ts; HTTP/SSR data and publication boundary,,1e2d9639fdb837b2578843edebc701b4aaae13a10419e533824c7edc149c77a1,inspected; no separate finding recorded,Not executed; static audit only
web/src/routes/contact/+page.svelte,Direct frontend source and backend contract review,"Route /contact: +page.svelte; display, actions, scope, amounts and errors",,a54161b56d8b6b6ac5cacbe2390076b318e3fcfe2395f37cc94a1d8ea4602a59,inspected; no separate finding recorded,Not executed; static audit only
web/src/routes/demo/+page.svelte,Direct frontend source and backend contract review,"Route /demo: +page.svelte; display, actions, scope, amounts and errors",,38bb87cd7b3469da86f5a592d9545ed18727a03d19f5ce9c4b6ff7934255bbf4,inspected; no separate finding recorded,Not executed; static audit only
web/src/routes/faq/+page.server.ts,Direct frontend source and backend contract review,Route /faq: +page.server.ts; HTTP/SSR data and publication boundary,,3e27cf01c9048a823df5bc16c4207dc6626e0532892cc1a11633c626cdbe6d9a,inspected; no separate finding recorded,Not executed; static audit only
web/src/routes/faq/+page.svelte,Direct frontend source and backend contract review,"Route /faq: +page.svelte; display, actions, scope, amounts and errors",,3e76a6d109cb056a7b4681123e5df802dfc51188dae67889b2ef894b6abe4ac9,inspected; no separate finding recorded,Not executed; static audit only
web/src/routes/for-buyers/+page.svelte,Direct frontend source and backend contract review,"Route /for-buyers: +page.svelte; display, actions, scope, amounts and errors",,1e5a36a36550ac7251550d0da810a6288f161db914e4bf31d95c69bf0b041dc2,inspected; no separate finding recorded,Not executed; static audit only
web/src/routes/for-suppliers/+page.svelte,Direct frontend source and backend contract review,"Route /for-suppliers: +page.svelte; display, actions, scope, amounts and errors",,d45e620ae1bb8ddb57877e22fb960e9cdbb0cc7a3a7c71fc019c37d57c825c92,inspected; no separate finding recorded,Not executed; static audit only
web/src/routes/glossary/+page.svelte,Direct frontend source and backend contract review,"Route /glossary: +page.svelte; display, actions, scope, amounts and errors",,948872eff1392cd5fa4b52ffe78287fa7c2f86bae3f051abe0813b640ef3b842,inspected; no separate finding recorded,Not executed; static audit only
web/src/routes/how-it-works/+page.svelte,Direct frontend source and backend contract review,"Route /how-it-works: +page.svelte; display, actions, scope, amounts and errors",,45d94d246761e973d81766416ae08dbe2d628f8618d101286aa1a8c7cde2a62d,inspected; no separate finding recorded,Not executed; static audit only
web/src/routes/legal/complaints/+page.server.ts,Direct frontend source and backend contract review,Route /legal/complaints: +page.server.ts; HTTP/SSR data and publication boundary,,5f41f71df30908961ac0becc2481a4f8e25ea22177ae7b800d45b7e9e9e4bd61,inspected; no separate finding recorded,Not executed; static audit only
web/src/routes/legal/complaints/+page.svelte,Direct frontend source and backend contract review,"Route /legal/complaints: +page.svelte; display, actions, scope, amounts and errors",,c0fd9f46798c457be3159ba8a991c729b95f7cecfcb6c7b1267b4a1409035618,inspected; no separate finding recorded,Not executed; static audit only
web/src/routes/legal/privacy/+page.server.ts,Direct frontend source and backend contract review,Route /legal/privacy: +page.server.ts; HTTP/SSR data and publication boundary,,157f399b4f5a5189195b292861fd6cf8a67bcf1d7161a8facdac36b1c5ba0254,inspected; no separate finding recorded,Not executed; static audit only
web/src/routes/legal/privacy/+page.svelte,Direct frontend source and backend contract review,"Route /legal/privacy: +page.svelte; display, actions, scope, amounts and errors",,2d30aca445f12914c8fb1d257796ec7ee286405513ad6b09c8f25a2692570407,inspected; no separate finding recorded,Not executed; static audit only
web/src/routes/legal/terms/+page.server.ts,Direct frontend source and backend contract review,Route /legal/terms: +page.server.ts; HTTP/SSR data and publication boundary,,d219a10e502ac19a9eeb91f6b5b0c1e548941dc1df564ebf274cbc62991683b6,inspected; no separate finding recorded,Not executed; static audit only
web/src/routes/legal/terms/+page.svelte,Direct frontend source and backend contract review,"Route /legal/terms: +page.svelte; display, actions, scope, amounts and errors",,583d65ca3aca59901c667ada223d007de2a9ecdf36e5d0aeac28664ea86db791,inspected; no separate finding recorded,Not executed; static audit only
web/src/routes/pay/+layout.svelte,Direct frontend source and backend contract review,"Route /pay: +layout.svelte; display, actions, scope, amounts and errors",,c386de8f204394d6f9c55bd878443f19db7da2812c497af858ac80397a8e3b60,inspected; no separate finding recorded,Not executed; static audit only
web/src/routes/pay/[token]/+page.svelte,Direct frontend source and backend contract review,"Route /pay/[token]: +page.svelte; display, actions, scope, amounts and errors",F029,e13755146812ca3fa5692c3a2e32856701d294675303a38cdace2bb031798437,inspected; findings open,Not executed; static audit only
web/src/routes/pricing/+page.server.ts,Direct frontend source and backend contract review,Route /pricing: +page.server.ts; HTTP/SSR data and publication boundary,,50f119e785ce3ed079951b6f140147b00079acb90aac415e3312c66c83c3cd95,inspected; no separate finding recorded,Not executed; static audit only
web/src/routes/pricing/+page.svelte,Direct frontend source and backend contract review,"Route /pricing: +page.svelte; display, actions, scope, amounts and errors",,30d27573fd5eb81a620f8f389372aa3f8c37a391dba6c8037bebef8e9d4014ba,inspected; no separate finding recorded,Not executed; static audit only
web/src/routes/receipt/+layout.svelte,Direct frontend source and backend contract review,"Route /receipt: +layout.svelte; display, actions, scope, amounts and errors",,c386de8f204394d6f9c55bd878443f19db7da2812c497af858ac80397a8e3b60,inspected; no separate finding recorded,Not executed; static audit only
web/src/routes/receipt/[public_token]/+page.svelte,Direct frontend source and backend contract review,"Route /receipt/[public_token]: +page.svelte; display, actions, scope, amounts and errors",,988cf702e5de46aa07b8e1b796c55b82fa4cf080d31256f8d749058d40ec832e,inspected; no separate finding recorded,Not executed; static audit only
web/src/routes/recover/+page.svelte,Direct frontend source and backend contract review,"Route /recover: +page.svelte; display, actions, scope, amounts and errors",F012,40fc60b82f44619c9352e7d7fc862b4cba61fbab431ec2005e86072c35bed78d,inspected; findings open,Not executed; static audit only
web/src/routes/robots.txt/+server.ts,Direct frontend source and backend contract review,Route /robots.txt: +server.ts; HTTP/SSR data and publication boundary,F034,8f5bda261f4ff84d09790a5472c9810b7aa4113942affb8a834fff75b8bd8c44,inspected; findings open,Not executed; static audit only
web/src/routes/secure/+page.svelte,Direct frontend source and backend contract review,"Route /secure: +page.svelte; display, actions, scope, amounts and errors",,ba7fec536fa9a74fdb4dc8ac83a139ea682843c1069193004db4dedfcd5bdc57,inspected; no separate finding recorded,Not executed; static audit only
web/src/routes/security/+page.svelte,Direct frontend source and backend contract review,"Route /security: +page.svelte; display, actions, scope, amounts and errors",,a80a3b368e46d714daded9bdad26c451d6e03990d605a467d0f2ca1b40a264be,inspected; no separate finding recorded,Not executed; static audit only
web/src/routes/sitemap.xml/+server.ts,Direct frontend source and backend contract review,Route /sitemap.xml: +server.ts; HTTP/SSR data and publication boundary,,a961583651624bba38ed0c9e332239da05356ef05f2a8d95795b9cd953d91986,inspected; no separate finding recorded,Not executed; static audit only
web/src/service-worker.ts,Direct source and consumer review,"service-worker: shared UI/data contract, safe rendering and consumers",,1b0ca042ffc462dfb9a20d8ba02b4718008ae6418ad7db5bc767dd35ed1e77a1,inspected; no separate finding recorded,Not executed; static audit only
web/static/apple-touch-icon.png,Individually opened image; no new render,"Published image; brand, domain and consumers",,51fcf583f5116b736a37067419adfb702a2d83a82614b28af6747e06981c3374,inspected; no separate finding recorded,Not executed; static audit only
web/static/favicon.svg,Direct source or complete structured record review,favicon.svg: configuration/data and current consumers,,8a085909b6b401779f14cf8320c2a3820fd421f1246e1918bafdea93a00af79c,inspected; no separate finding recorded,Not executed; static audit only
web/static/icon-192.png,Individually opened image; no new render,"Published image; brand, domain and consumers",,44cdb1ade88fba624b7a97ee817354ff2712ad9907daa626ded8328059e29b41,inspected; no separate finding recorded,Not executed; static audit only
web/static/icon-512.png,Individually opened image; no new render,"Published image; brand, domain and consumers",,01dd5a2b4a8ef380a7f308e1b0fbd2522cf01803599fd53c671ebee214338ebf,inspected; no separate finding recorded,Not executed; static audit only
web/static/icon-maskable.svg,Direct source or complete structured record review,icon-maskable.svg: configuration/data and current consumers,,7d865bc8b01d01514802201e6dbcae3102695d88096a34f3df622eca706b4185,inspected; no separate finding recorded,Not executed; static audit only
web/static/icon.svg,Direct source or complete structured record review,icon.svg: configuration/data and current consumers,,8a085909b6b401779f14cf8320c2a3820fd421f1246e1918bafdea93a00af79c,inspected; no separate finding recorded,Not executed; static audit only
web/static/manifest.webmanifest,Direct source or complete structured record review,manifest.webmanifest: configuration/data and current consumers,,1333e49f3a8dfeefd25c7157b7fb3e2b2aefb7472f4869f68f398492a4721be8,inspected; no separate finding recorded,Not executed; static audit only
web/static/og-source.svg,Direct source or complete structured record review,og-source.svg: configuration/data and current consumers,F035,3e269f359167b74cd11357beaa0dc39253c828382356e95862db3065f74b4846,inspected; findings open,Not executed; static audit only
web/static/og.jpg,Individually opened image; no new render,"Published image; brand, domain and consumers",F035,4316b90280b5ba25dbf15af4b926fde21c2a6212879f7f0a2f0a83141e545344,inspected; findings open,Not executed; static audit only
web/static/og.png,Individually opened image; no new render,"Published image; brand, domain and consumers",F035,2a16e7f4aa27bf20e590e34faec02c78878f0b82d8272b2c77544c47316f77b5,inspected; findings open,Not executed; static audit only
web/svelte.config.js,Direct source or complete structured record review,svelte.config.js: configuration/data and current consumers,,aff1c190ed1399297903786e45cc04e9d2fc05f0d09ffe6b38a568bd9da58b52,inspected; no separate finding recorded,Not executed; static audit only
web/tests/access-control.spec.ts,Test source read; not executed,"access-control.spec: fixtures, assertions and production equivalence",,872faedd56e2b865439272d333017e98290b94b9bbc66e818413bcb36c378e9c,inspected; no separate finding recorded,Not executed; static audit only
web/tests/accessibility.spec.ts,Test source read; not executed,"accessibility.spec: fixtures, assertions and production equivalence",,0324507eecb3aca2a58f974e4fabe01ad79e8c49af233d05b73340f5412036c1,inspected; no separate finding recorded,Not executed; static audit only
web/tests/account-safety-outage.spec.ts,Test source read; not executed,"account-safety-outage.spec: fixtures, assertions and production equivalence",,230b6770485dd3550d79b74776260ebfe184761dd0b7afcd16384697e43209a8,inspected; no separate finding recorded,Not executed; static audit only
web/tests/admin-controls-retry.spec.ts,Test source read; not executed,"admin-controls-retry.spec: fixtures, assertions and production equivalence",,f74ed1b599a310a88f47792c1b4610518c08f2e5abf9a4ab786cde4a886a48ff,inspected; no separate finding recorded,Not executed; static audit only
web/tests/admin-outage.spec.ts,Test source read; not executed,"admin-outage.spec: fixtures, assertions and production equivalence",,0c036867a70e18b9713ba6b5c6553ec642a8750d6dd2e48d0648d7b9300de7cb,inspected; no separate finding recorded,Not executed; static audit only
web/tests/admin-section.spec.ts,Test source read; not executed,"admin-section.spec: fixtures, assertions and production equivalence",,e592ceb59b2e5acf3413b4cf97d810116d5ec0888a055857ed88cec767056be1,inspected; no separate finding recorded,Not executed; static audit only
web/tests/admin-workflows.spec.ts,Test source read; not executed,"admin-workflows.spec: fixtures, assertions and production equivalence",,c22be43ce90204a8cdb02b78731a3edc80e53aa68733d7c01b0864e52feb2190,inspected; no separate finding recorded,Not executed; static audit only
web/tests/article-drafts.spec.ts,Test source read; not executed,"article-drafts.spec: fixtures, assertions and production equivalence",,c22526880ca458f8a67716dae660630c396321260b20bfb34c03cbb03578f815,inspected; no separate finding recorded,Not executed; static audit only
web/tests/audit-completion.spec.ts,Test source read; not executed,"audit-completion.spec: fixtures, assertions and production equivalence",,584e1ea8b3a9219d90b1ba85d94d7abf84c0c3dc648cedf29127c880feea58a6,inspected; no separate finding recorded,Not executed; static audit only
web/tests/audit-fixes.spec.ts,Test source read; not executed,"audit-fixes.spec: fixtures, assertions and production equivalence",F040,9c0687d61b4f44c74d831aaf831e426776bb50c5fa4f6e3de5de6940ac4d5337,inspected; findings open,Not executed; static audit only
web/tests/audit-full-form.spec.ts,Test source read; not executed,"audit-full-form.spec: fixtures, assertions and production equivalence",,eab4cf59448f516262eaff88d54d4c617a48f4ef291d9294cb034ec48cc38c6b,inspected; no separate finding recorded,Not executed; static audit only
web/tests/audit-product-journeys.spec.ts,Test source read; not executed,"audit-product-journeys.spec: fixtures, assertions and production equivalence",,7e0770c99b7b274782ac6aa4bcb186a3e61714cee1e2738d3d24288f63d05daa,inspected; no separate finding recorded,Not executed; static audit only
web/tests/audit-reliability-unit.spec.ts,Test source read; not executed,"audit-reliability-unit.spec: fixtures, assertions and production equivalence",,9793d51ed8dcdc8ede555f6d0bd9ebe213a0f78a7261c234549787cadf734773,inspected; no separate finding recorded,Not executed; static audit only
web/tests/business-settings.spec.ts,Test source read; not executed,"business-settings.spec: fixtures, assertions and production equivalence",,187bb51d5ecedf8940573cb31a653bae09936adf449acb32f09a67d8df4a62aa,inspected; no separate finding recorded,Not executed; static audit only
web/tests/completion-history.spec.ts,Test source read; not executed,"completion-history.spec: fixtures, assertions and production equivalence",,0df25813ff30e8f5ae4ab3e2f67c0dccdc783df0cdf51c291b54b4cdeda9cd3b,inspected; no separate finding recorded,Not executed; static audit only
web/tests/content-seo.spec.ts,Test source read; not executed,"content-seo.spec: fixtures, assertions and production equivalence",,46aab81d309d924ad3d66848ef532d7b135d7837281ccd317f2ba0683ed838b6,inspected; no separate finding recorded,Not executed; static audit only
web/tests/customer-limit-recovery.spec.ts,Test source read; not executed,"customer-limit-recovery.spec: fixtures, assertions and production equivalence",,f470c386c4d9ec7caa6e05f25675e5a591df30c13fb1fc265983f11c5ed25138,inspected; no separate finding recorded,Not executed; static audit only
web/tests/demo-readiness.spec.ts,Test source read; not executed,"demo-readiness.spec: fixtures, assertions and production equivalence",,fbf37d5ffc5a09261a70698bac7c9754f75527f5e6b82310789b0ee36708e9a0,inspected; no separate finding recorded,Not executed; static audit only
web/tests/dispute-detail-outage.spec.ts,Test source read; not executed,"dispute-detail-outage.spec: fixtures, assertions and production equivalence",,85429ba87dfcc0f86cc0cb90e5278cfc3c8691d5676647dee7a3ef33cf77cd2d,inspected; no separate finding recorded,Not executed; static audit only
web/tests/financial-completion.spec.ts,Test source read; not executed,"financial-completion.spec: fixtures, assertions and production equivalence",,73b63c7a80ce7900ae9d3ac5f2f22e6a8054dcad456de76a57bdd433f221cfa9,inspected; no separate finding recorded,Not executed; static audit only
web/tests/health.spec.ts,Test source read; not executed,"health.spec: fixtures, assertions and production equivalence",,f1b2ffd2c7ba70379b577ad022f1c8b530f1cdd2352fb6e8134ef43f4d699b23,inspected; no separate finding recorded,Not executed; static audit only
web/tests/money.spec.ts,Test source read; not executed,"money.spec: fixtures, assertions and production equivalence",,a3c477efc7b209540741cb23fe2dbd6d1ad1802380b32014448898f5bd200db3,inspected; no separate finding recorded,Not executed; static audit only
web/tests/notification-history-outage.spec.ts,Test source read; not executed,"notification-history-outage.spec: fixtures, assertions and production equivalence",,0fde45e8555a006a2f90664ed84b51635d07348706b59fb7ede6822fac0699a8,inspected; no separate finding recorded,Not executed; static audit only
web/tests/privacy-partial-approval.spec.ts,Test source read; not executed,"privacy-partial-approval.spec: fixtures, assertions and production equivalence",,97fbcb4c17e95694b8031eac9093eb801df7cee1a239c4245d22a7be0f3ceae8,inspected; no separate finding recorded,Not executed; static audit only
web/tests/product-flows.spec.ts,Test source read; not executed,"product-flows.spec: fixtures, assertions and production equivalence",,57dc0ddf729ac40a9d35c3f007f28bb78c8f37728629965233daa993470d4de8,inspected; no separate finding recorded,Not executed; static audit only
web/tests/product-quality.spec.ts,Test source read; not executed,"product-quality.spec: fixtures, assertions and production equivalence",,4c6a2b0c785fc2dee4dbec569642161e664842b64975c0112e2e3b5604b13204,inspected; no separate finding recorded,Not executed; static audit only
web/tests/public-money-links.spec.ts,Test source read; not executed,"public-money-links.spec: fixtures, assertions and production equivalence",F040,471edf9c284812d9c940d5052a6bf29ca7a37b0732183240892a3d10576d97a2,inspected; findings open,Not executed; static audit only
web/tests/public-security-content.spec.ts,Test source read; not executed,"public-security-content.spec: fixtures, assertions and production equivalence",,a6e03d61465ff3775e15ca18cecf5c0c1d3a69ee5a6ec5b0d1a24b2c5b99be1d,inspected; no separate finding recorded,Not executed; static audit only
web/tests/publication-rendering.spec.ts,Test source read; not executed,"publication-rendering.spec: fixtures, assertions and production equivalence",,78119c621444b985c4dcf83ff8535c191098caa03a6c7a9080780e86990c8123,inspected; no separate finding recorded,Not executed; static audit only
web/tests/real-stack-financial.spec.ts,Test source read; not executed,"real-stack-financial.spec: fixtures, assertions and production equivalence",,bfd7a1ce3b753356e41d6d637884da3437dd4219699c016201e90113dd91d319,inspected; no separate finding recorded,Not executed; static audit only
web/tests/registration-recovery.spec.ts,Test source read; not executed,"registration-recovery.spec: fixtures, assertions and production equivalence",,7183e0f8d0a5f74f7516b18591e60e8a241daf3fdeaff7693a3861be4aebdb59,inspected; no separate finding recorded,Not executed; static audit only
web/tests/sign-in.spec.ts,Test source read; not executed,"sign-in.spec: fixtures, assertions and production equivalence",,6ef6ce771588ee345c26a30b4adb73965b0a3550acc787ea83676f4f86e90e6b,inspected; no separate finding recorded,Not executed; static audit only
web/tests/website-editor.spec.ts,Test source read; not executed,"website-editor.spec: fixtures, assertions and production equivalence",,b393f019bcbcc5180d019895d1285fe58bc3fbaa2b870388c38cf7e59e88bd97,inspected; no separate finding recorded,Not executed; static audit only
web/tests/workspace-audit.spec.ts,Test source read; not executed,"workspace-audit.spec: fixtures, assertions and production equivalence",,2ddbe6da658bf9bac67a5b607804d1b3acfe6d6ce72f5d805af91f843f685948,inspected; no separate finding recorded,Not executed; static audit only
web/tsconfig.json,Direct source or complete structured record review,tsconfig.json: configuration/data and current consumers,,8693373e6ce71e380b8d126a468e5795655471c037debe480db1b11c249876d4,inspected; no separate finding recorded,Not executed; static audit only
web/vercel.json,Direct source or complete structured record review,vercel.json: configuration/data and current consumers,,49acfd25aedb93f9b6d1e48053b20a6b59dc367e51e7e62c21861de844d4f0d8,inspected; no separate finding recorded,Not executed; static audit only
web/vite.config.ts,Direct source or complete structured record review,vite.config.ts: configuration/data and current consumers,,d42edf55bc40f10123f7421a70e483aed4a7df8a0d6a41002bf411a53bc02feb,inspected; no separate finding recorded,Not executed; static audit only
